Latitude,Longitude
45.02000000000029,12.979999999999816
45.02000000000029,12.999999999999815
45.02000000000029,13.019999999999815
45.02000000000029,13.039999999999814
45.02000000000029,13.059999999999814
45.02000000000029,13.079999999999814
45.02000000000029,13.099999999999813
45.02000000000029,13.119999999999813
45.02000000000029,13.139999999999812
45.02000000000029,13.159999999999812
45.02000000000029,13.179999999999811
45.02000000000029,13.199999999999811
45.02000000000029,13.21999999999981
45.02000000000029,13.23999999999981
45.02000000000029,13.25999999999981
45.02000000000029,13.27999999999981
45.02000000000029,13.299999999999809
45.02000000000029,13.319999999999808
45.02000000000029,13.339999999999808
45.02000000000029,13.359999999999808
45.02000000000029,13.379999999999807
45.02000000000029,13.399999999999807
45.02000000000029,13.419999999999806
45.02000000000029,13.439999999999806
45.02000000000029,13.459999999999805
45.02000000000029,13.479999999999805
45.02000000000029,13.499999999999805
45.02000000000029,13.519999999999804
45.02000000000029,13.539999999999804
45.02000000000029,13.559999999999803
45.02000000000029,13.579999999999803
45.02000000000029,13.599999999999802
45.02000000000029,13.619999999999802
45.02000000000029,13.639999999999802
45.02000000000029,13.659999999999801
45.02000000000029,13.6799999999998
45.02000000000029,13.6999999999998
45.02000000000029,13.7199999999998
45.02000000000029,13.7399999999998
45.02000000000029,13.759999999999799
45.02000000000029,13.779999999999799
45.02000000000029,13.799999999999798
45.02000000000029,13.819999999999798
45.02000000000029,13.839999999999797
45.02000000000029,13.859999999999797
45.02000000000029,13.879999999999797
45.02000000000029,13.899999999999796
45.02000000000029,13.919999999999796
45.02000000000029,13.939999999999795
45.02000000000029,13.959999999999795
45.02000000000029,13.979999999999794
45.02000000000029,13.999999999999794
45.02000000000029,14.019999999999794
45.02000000000029,14.039999999999793
45.02000000000029,14.059999999999793
45.02000000000029,14.079999999999792
45.02000000000029,14.099999999999792
45.02000000000029,14.119999999999791
45.02000000000029,14.139999999999791
45.02000000000029,14.15999999999979
45.02000000000029,14.17999999999979
45.02000000000029,14.19999999999979
45.02000000000029,14.21999999999979
45.02000000000029,14.239999999999789
45.02000000000029,14.259999999999788
45.02000000000029,14.279999999999788
45.02000000000029,14.299999999999788
45.02000000000029,14.319999999999787
45.02000000000029,14.339999999999787
45.02000000000029,14.359999999999786
45.02000000000029,14.379999999999786
45.02000000000029,14.399999999999785
45.02000000000029,14.419999999999785
45.02000000000029,14.439999999999785
45.02000000000029,14.459999999999784
45.02000000000029,14.479999999999784
45.02000000000029,14.499999999999783
45.02000000000029,14.519999999999783
45.02000000000029,14.539999999999782
45.02000000000029,14.559999999999782
45.02000000000029,14.579999999999782
45.02000000000029,14.599999999999781
45.02000000000029,14.61999999999978
45.02000000000029,14.63999999999978
45.02000000000029,14.65999999999978
45.02000000000029,14.67999999999978
45.02000000000029,14.699999999999779
45.02000000000029,14.719999999999779
45.02000000000029,14.739999999999778
45.02000000000029,14.759999999999778
45.02000000000029,14.779999999999777
45.02000000000029,14.799999999999777
45.02000000000029,14.819999999999776
45.02000000000029,14.839999999999776
45.02000000000029,14.859999999999776
45.02000000000029,14.879999999999775
45.02000000000029,14.899999999999775
45.02000000000029,14.919999999999774
45.02000000000029,14.939999999999774
45.02000000000029,14.959999999999773
45.02000000000029,14.979999999999773
45.02000000000029,14.999999999999773
45.02000000000029,15.019999999999772
45.02000000000029,15.039999999999772
45.02000000000029,15.059999999999771
45.02000000000029,15.079999999999771
45.02000000000029,15.09999999999977
45.02000000000029,15.11999999999977
45.02000000000029,15.13999999999977
45.02000000000029,15.15999999999977
45.02000000000029,15.179999999999769
45.02000000000029,15.199999999999768
45.02000000000029,15.219999999999768
45.02000000000029,15.239999999999768
45.02000000000029,15.259999999999767
45.02000000000029,15.279999999999767
45.02000000000029,15.299999999999766
45.02000000000029,15.319999999999766
45.02000000000029,15.339999999999765
45.02000000000029,15.359999999999765
45.02000000000029,15.379999999999765
45.02000000000029,15.399999999999764
45.02000000000029,15.419999999999764
45.02000000000029,15.439999999999763
45.02000000000029,15.459999999999763
45.02000000000029,15.479999999999762
45.02000000000029,15.499999999999762
45.02000000000029,15.519999999999762
45.02000000000029,15.539999999999761
45.02000000000029,15.55999999999976
45.02000000000029,15.57999999999976
45.02000000000029,15.59999999999976
45.02000000000029,15.61999999999976
45.02000000000029,15.639999999999759
45.02000000000029,15.659999999999759
45.02000000000029,15.679999999999758
45.02000000000029,15.699999999999758
45.02000000000029,15.719999999999757
45.02000000000029,15.739999999999757
45.02000000000029,15.759999999999756
45.02000000000029,15.779999999999756
45.02000000000029,15.799999999999756
45.02000000000029,15.819999999999755
45.02000000000029,15.839999999999755
45.02000000000029,15.859999999999754
45.02000000000029,15.879999999999754
45.02000000000029,15.899999999999753
45.02000000000029,15.919999999999753
45.02000000000029,15.939999999999753
45.02000000000029,15.959999999999752
45.02000000000029,15.979999999999752
45.02000000000029,15.999999999999751
45.02000000000029,16.01999999999975
45.02000000000029,16.03999999999975
45.02000000000029,16.05999999999975
45.02000000000029,16.07999999999975
45.02000000000029,16.09999999999975
45.02000000000029,16.11999999999975
45.02000000000029,16.13999999999975
45.02000000000029,16.159999999999748
45.02000000000029,16.179999999999747
45.02000000000029,16.199999999999747
45.02000000000029,16.219999999999747
45.02000000000029,16.239999999999746
45.02000000000029,16.259999999999746
45.02000000000029,16.279999999999745
45.02000000000029,16.299999999999745
45.02000000000029,16.319999999999744
45.02000000000029,16.339999999999744
45.02000000000029,16.359999999999744
45.02000000000029,16.379999999999743
45.02000000000029,16.399999999999743
45.02000000000029,16.419999999999742
45.02000000000029,16.439999999999742
45.02000000000029,16.45999999999974
45.02000000000029,16.47999999999974
45.02000000000029,16.49999999999974
45.02000000000029,16.51999999999974
45.02000000000029,16.53999999999974
45.02000000000029,16.55999999999974
45.02000000000029,16.57999999999974
45.02000000000029,16.59999999999974
45.02000000000029,16.619999999999738
45.02000000000029,16.639999999999738
45.02000000000029,16.659999999999737
45.02000000000029,16.679999999999737
45.02000000000029,16.699999999999736
45.02000000000029,16.719999999999736
45.02000000000029,16.739999999999736
45.04000000000029,12.979999999999816
45.04000000000029,12.999999999999815
45.04000000000029,13.019999999999815
45.04000000000029,13.039999999999814
45.04000000000029,13.059999999999814
45.04000000000029,13.079999999999814
45.04000000000029,13.099999999999813
45.04000000000029,13.119999999999813
45.04000000000029,13.139999999999812
45.04000000000029,13.159999999999812
45.04000000000029,13.179999999999811
45.04000000000029,13.199999999999811
45.04000000000029,13.21999999999981
45.04000000000029,13.23999999999981
45.04000000000029,13.25999999999981
45.04000000000029,13.27999999999981
45.04000000000029,13.299999999999809
45.04000000000029,13.319999999999808
45.04000000000029,13.339999999999808
45.04000000000029,13.359999999999808
45.04000000000029,13.379999999999807
45.04000000000029,13.399999999999807
45.04000000000029,13.419999999999806
45.04000000000029,13.439999999999806
45.04000000000029,13.459999999999805
45.04000000000029,13.479999999999805
45.04000000000029,13.499999999999805
45.04000000000029,13.519999999999804
45.04000000000029,13.539999999999804
45.04000000000029,13.559999999999803
45.04000000000029,13.579999999999803
45.04000000000029,13.599999999999802
45.04000000000029,13.619999999999802
45.04000000000029,13.639999999999802
45.04000000000029,13.659999999999801
45.04000000000029,13.6799999999998
45.04000000000029,13.6999999999998
45.04000000000029,13.7199999999998
45.04000000000029,13.7399999999998
45.04000000000029,13.759999999999799
45.04000000000029,13.779999999999799
45.04000000000029,13.799999999999798
45.04000000000029,13.819999999999798
45.04000000000029,13.839999999999797
45.04000000000029,13.859999999999797
45.04000000000029,13.879999999999797
45.04000000000029,13.899999999999796
45.04000000000029,13.919999999999796
45.04000000000029,13.939999999999795
45.04000000000029,13.959999999999795
45.04000000000029,13.979999999999794
45.04000000000029,13.999999999999794
45.04000000000029,14.019999999999794
45.04000000000029,14.039999999999793
45.04000000000029,14.059999999999793
45.04000000000029,14.079999999999792
45.04000000000029,14.099999999999792
45.04000000000029,14.119999999999791
45.04000000000029,14.139999999999791
45.04000000000029,14.15999999999979
45.04000000000029,14.17999999999979
45.04000000000029,14.19999999999979
45.04000000000029,14.21999999999979
45.04000000000029,14.239999999999789
45.04000000000029,14.259999999999788
45.04000000000029,14.279999999999788
45.04000000000029,14.299999999999788
45.04000000000029,14.319999999999787
45.04000000000029,14.339999999999787
45.04000000000029,14.359999999999786
45.04000000000029,14.379999999999786
45.04000000000029,14.399999999999785
45.04000000000029,14.419999999999785
45.04000000000029,14.439999999999785
45.04000000000029,14.459999999999784
45.04000000000029,14.479999999999784
45.04000000000029,14.499999999999783
45.04000000000029,14.519999999999783
45.04000000000029,14.539999999999782
45.04000000000029,14.559999999999782
45.04000000000029,14.579999999999782
45.04000000000029,14.599999999999781
45.04000000000029,14.61999999999978
45.04000000000029,14.63999999999978
45.04000000000029,14.65999999999978
45.04000000000029,14.67999999999978
45.04000000000029,14.699999999999779
45.04000000000029,14.719999999999779
45.04000000000029,14.739999999999778
45.04000000000029,14.759999999999778
45.04000000000029,14.779999999999777
45.04000000000029,14.799999999999777
45.04000000000029,14.819999999999776
45.04000000000029,14.839999999999776
45.04000000000029,14.859999999999776
45.04000000000029,14.879999999999775
45.04000000000029,14.899999999999775
45.04000000000029,14.919999999999774
45.04000000000029,14.939999999999774
45.04000000000029,14.959999999999773
45.04000000000029,14.979999999999773
45.04000000000029,14.999999999999773
45.04000000000029,15.019999999999772
45.04000000000029,15.039999999999772
45.04000000000029,15.059999999999771
45.04000000000029,15.079999999999771
45.04000000000029,15.09999999999977
45.04000000000029,15.11999999999977
45.04000000000029,15.13999999999977
45.04000000000029,15.15999999999977
45.04000000000029,15.179999999999769
45.04000000000029,15.199999999999768
45.04000000000029,15.219999999999768
45.04000000000029,15.239999999999768
45.04000000000029,15.259999999999767
45.04000000000029,15.279999999999767
45.04000000000029,15.299999999999766
45.04000000000029,15.319999999999766
45.04000000000029,15.339999999999765
45.04000000000029,15.359999999999765
45.04000000000029,15.379999999999765
45.04000000000029,15.399999999999764
45.04000000000029,15.419999999999764
45.04000000000029,15.439999999999763
45.04000000000029,15.459999999999763
45.04000000000029,15.479999999999762
45.04000000000029,15.499999999999762
45.04000000000029,15.519999999999762
45.04000000000029,15.539999999999761
45.04000000000029,15.55999999999976
45.04000000000029,15.57999999999976
45.04000000000029,15.59999999999976
45.04000000000029,15.61999999999976
45.04000000000029,15.639999999999759
45.04000000000029,15.659999999999759
45.04000000000029,15.679999999999758
45.04000000000029,15.699999999999758
45.04000000000029,15.719999999999757
45.04000000000029,15.739999999999757
45.04000000000029,15.759999999999756
45.04000000000029,15.779999999999756
45.04000000000029,15.799999999999756
45.04000000000029,15.819999999999755
45.04000000000029,15.839999999999755
45.04000000000029,15.859999999999754
45.04000000000029,15.879999999999754
45.04000000000029,15.899999999999753
45.04000000000029,15.919999999999753
45.04000000000029,15.939999999999753
45.04000000000029,15.959999999999752
45.04000000000029,15.979999999999752
45.04000000000029,15.999999999999751
45.04000000000029,16.01999999999975
45.04000000000029,16.03999999999975
45.04000000000029,16.05999999999975
45.04000000000029,16.07999999999975
45.04000000000029,16.09999999999975
45.04000000000029,16.11999999999975
45.04000000000029,16.13999999999975
45.04000000000029,16.159999999999748
45.04000000000029,16.179999999999747
45.04000000000029,16.199999999999747
45.04000000000029,16.219999999999747
45.04000000000029,16.239999999999746
45.04000000000029,16.259999999999746
45.04000000000029,16.279999999999745
45.04000000000029,16.299999999999745
45.04000000000029,16.319999999999744
45.04000000000029,16.339999999999744
45.04000000000029,16.359999999999744
45.04000000000029,16.379999999999743
45.04000000000029,16.399999999999743
45.04000000000029,16.419999999999742
45.04000000000029,16.439999999999742
45.04000000000029,16.45999999999974
45.04000000000029,16.47999999999974
45.04000000000029,16.49999999999974
45.04000000000029,16.51999999999974
45.04000000000029,16.53999999999974
45.04000000000029,16.55999999999974
45.04000000000029,16.57999999999974
45.04000000000029,16.59999999999974
45.04000000000029,16.619999999999738
45.04000000000029,16.639999999999738
45.04000000000029,16.659999999999737
45.04000000000029,16.679999999999737
45.04000000000029,16.699999999999736
45.04000000000029,16.719999999999736
45.04000000000029,16.739999999999736
45.060000000000294,12.979999999999816
45.060000000000294,12.999999999999815
45.060000000000294,13.019999999999815
45.060000000000294,13.039999999999814
45.060000000000294,13.059999999999814
45.060000000000294,13.079999999999814
45.060000000000294,13.099999999999813
45.060000000000294,13.119999999999813
45.060000000000294,13.139999999999812
45.060000000000294,13.159999999999812
45.060000000000294,13.179999999999811
45.060000000000294,13.199999999999811
45.060000000000294,13.21999999999981
45.060000000000294,13.23999999999981
45.060000000000294,13.25999999999981
45.060000000000294,13.27999999999981
45.060000000000294,13.299999999999809
45.060000000000294,13.319999999999808
45.060000000000294,13.339999999999808
45.060000000000294,13.359999999999808
45.060000000000294,13.379999999999807
45.060000000000294,13.399999999999807
45.060000000000294,13.419999999999806
45.060000000000294,13.439999999999806
45.060000000000294,13.459999999999805
45.060000000000294,13.479999999999805
45.060000000000294,13.499999999999805
45.060000000000294,13.519999999999804
45.060000000000294,13.539999999999804
45.060000000000294,13.559999999999803
45.060000000000294,13.579999999999803
45.060000000000294,13.599999999999802
45.060000000000294,13.619999999999802
45.060000000000294,13.639999999999802
45.060000000000294,13.659999999999801
45.060000000000294,13.6799999999998
45.060000000000294,13.6999999999998
45.060000000000294,13.7199999999998
45.060000000000294,13.7399999999998
45.060000000000294,13.759999999999799
45.060000000000294,13.779999999999799
45.060000000000294,13.799999999999798
45.060000000000294,13.819999999999798
45.060000000000294,13.839999999999797
45.060000000000294,13.859999999999797
45.060000000000294,13.879999999999797
45.060000000000294,13.899999999999796
45.060000000000294,13.919999999999796
45.060000000000294,13.939999999999795
45.060000000000294,13.959999999999795
45.060000000000294,13.979999999999794
45.060000000000294,13.999999999999794
45.060000000000294,14.019999999999794
45.060000000000294,14.039999999999793
45.060000000000294,14.059999999999793
45.060000000000294,14.079999999999792
45.060000000000294,14.099999999999792
45.060000000000294,14.119999999999791
45.060000000000294,14.139999999999791
45.060000000000294,14.15999999999979
45.060000000000294,14.17999999999979
45.060000000000294,14.19999999999979
45.060000000000294,14.21999999999979
45.060000000000294,14.239999999999789
45.060000000000294,14.259999999999788
45.060000000000294,14.279999999999788
45.060000000000294,14.299999999999788
45.060000000000294,14.319999999999787
45.060000000000294,14.339999999999787
45.060000000000294,14.359999999999786
45.060000000000294,14.379999999999786
45.060000000000294,14.399999999999785
45.060000000000294,14.419999999999785
45.060000000000294,14.439999999999785
45.060000000000294,14.459999999999784
45.060000000000294,14.479999999999784
45.060000000000294,14.499999999999783
45.060000000000294,14.519999999999783
45.060000000000294,14.539999999999782
45.060000000000294,14.559999999999782
45.060000000000294,14.579999999999782
45.060000000000294,14.599999999999781
45.060000000000294,14.61999999999978
45.060000000000294,14.63999999999978
45.060000000000294,14.65999999999978
45.060000000000294,14.67999999999978
45.060000000000294,14.699999999999779
45.060000000000294,14.719999999999779
45.060000000000294,14.739999999999778
45.060000000000294,14.759999999999778
45.060000000000294,14.779999999999777
45.060000000000294,14.799999999999777
45.060000000000294,14.819999999999776
45.060000000000294,14.839999999999776
45.060000000000294,14.859999999999776
45.060000000000294,14.879999999999775
45.060000000000294,14.899999999999775
45.060000000000294,14.919999999999774
45.060000000000294,14.939999999999774
45.060000000000294,14.959999999999773
45.060000000000294,14.979999999999773
45.060000000000294,14.999999999999773
45.060000000000294,15.019999999999772
45.060000000000294,15.039999999999772
45.060000000000294,15.059999999999771
45.060000000000294,15.079999999999771
45.060000000000294,15.09999999999977
45.060000000000294,15.11999999999977
45.060000000000294,15.13999999999977
45.060000000000294,15.15999999999977
45.060000000000294,15.179999999999769
45.060000000000294,15.199999999999768
45.060000000000294,15.219999999999768
45.060000000000294,15.239999999999768
45.060000000000294,15.259999999999767
45.060000000000294,15.279999999999767
45.060000000000294,15.299999999999766
45.060000000000294,15.319999999999766
45.060000000000294,15.339999999999765
45.060000000000294,15.359999999999765
45.060000000000294,15.379999999999765
45.060000000000294,15.399999999999764
45.060000000000294,15.419999999999764
45.060000000000294,15.439999999999763
45.060000000000294,15.459999999999763
45.060000000000294,15.479999999999762
45.060000000000294,15.499999999999762
45.060000000000294,15.519999999999762
45.060000000000294,15.539999999999761
45.060000000000294,15.55999999999976
45.060000000000294,15.57999999999976
45.060000000000294,15.59999999999976
45.060000000000294,15.61999999999976
45.060000000000294,15.639999999999759
45.060000000000294,15.659999999999759
45.060000000000294,15.679999999999758
45.060000000000294,15.699999999999758
45.060000000000294,15.719999999999757
45.060000000000294,15.739999999999757
45.060000000000294,15.759999999999756
45.060000000000294,15.779999999999756
45.060000000000294,15.799999999999756
45.060000000000294,15.819999999999755
45.060000000000294,15.839999999999755
45.060000000000294,15.859999999999754
45.060000000000294,15.879999999999754
45.060000000000294,15.899999999999753
45.060000000000294,15.919999999999753
45.060000000000294,15.939999999999753
45.060000000000294,15.959999999999752
45.060000000000294,15.979999999999752
45.060000000000294,15.999999999999751
45.060000000000294,16.01999999999975
45.060000000000294,16.03999999999975
45.060000000000294,16.05999999999975
45.060000000000294,16.07999999999975
45.060000000000294,16.09999999999975
45.060000000000294,16.11999999999975
45.060000000000294,16.13999999999975
45.060000000000294,16.159999999999748
45.060000000000294,16.179999999999747
45.060000000000294,16.199999999999747
45.060000000000294,16.219999999999747
45.060000000000294,16.239999999999746
45.060000000000294,16.259999999999746
45.060000000000294,16.279999999999745
45.060000000000294,16.299999999999745
45.060000000000294,16.319999999999744
45.060000000000294,16.339999999999744
45.060000000000294,16.359999999999744
45.060000000000294,16.379999999999743
45.060000000000294,16.399999999999743
45.060000000000294,16.419999999999742
45.060000000000294,16.439999999999742
45.060000000000294,16.45999999999974
45.060000000000294,16.47999999999974
45.060000000000294,16.49999999999974
45.060000000000294,16.51999999999974
45.060000000000294,16.53999999999974
45.060000000000294,16.55999999999974
45.060000000000294,16.57999999999974
45.060000000000294,16.59999999999974
45.060000000000294,16.619999999999738
45.060000000000294,16.639999999999738
45.060000000000294,16.659999999999737
45.060000000000294,16.679999999999737
45.060000000000294,16.699999999999736
45.060000000000294,16.719999999999736
45.060000000000294,16.739999999999736
45.0800000000003,12.979999999999816
45.0800000000003,12.999999999999815
45.0800000000003,13.019999999999815
45.0800000000003,13.039999999999814
45.0800000000003,13.059999999999814
45.0800000000003,13.079999999999814
45.0800000000003,13.099999999999813
45.0800000000003,13.119999999999813
45.0800000000003,13.139999999999812
45.0800000000003,13.159999999999812
45.0800000000003,13.179999999999811
45.0800000000003,13.199999999999811
45.0800000000003,13.21999999999981
45.0800000000003,13.23999999999981
45.0800000000003,13.25999999999981
45.0800000000003,13.27999999999981
45.0800000000003,13.299999999999809
45.0800000000003,13.319999999999808
45.0800000000003,13.339999999999808
45.0800000000003,13.359999999999808
45.0800000000003,13.379999999999807
45.0800000000003,13.399999999999807
45.0800000000003,13.419999999999806
45.0800000000003,13.439999999999806
45.0800000000003,13.459999999999805
45.0800000000003,13.479999999999805
45.0800000000003,13.499999999999805
45.0800000000003,13.519999999999804
45.0800000000003,13.539999999999804
45.0800000000003,13.559999999999803
45.0800000000003,13.579999999999803
45.0800000000003,13.599999999999802
45.0800000000003,13.619999999999802
45.0800000000003,13.639999999999802
45.0800000000003,13.659999999999801
45.0800000000003,13.6799999999998
45.0800000000003,13.6999999999998
45.0800000000003,13.7199999999998
45.0800000000003,13.7399999999998
45.0800000000003,13.759999999999799
45.0800000000003,13.779999999999799
45.0800000000003,13.799999999999798
45.0800000000003,13.819999999999798
45.0800000000003,13.839999999999797
45.0800000000003,13.859999999999797
45.0800000000003,13.879999999999797
45.0800000000003,13.899999999999796
45.0800000000003,13.919999999999796
45.0800000000003,13.939999999999795
45.0800000000003,13.959999999999795
45.0800000000003,13.979999999999794
45.0800000000003,13.999999999999794
45.0800000000003,14.019999999999794
45.0800000000003,14.039999999999793
45.0800000000003,14.059999999999793
45.0800000000003,14.079999999999792
45.0800000000003,14.099999999999792
45.0800000000003,14.119999999999791
45.0800000000003,14.139999999999791
45.0800000000003,14.15999999999979
45.0800000000003,14.17999999999979
45.0800000000003,14.19999999999979
45.0800000000003,14.21999999999979
45.0800000000003,14.239999999999789
45.0800000000003,14.259999999999788
45.0800000000003,14.279999999999788
45.0800000000003,14.299999999999788
45.0800000000003,14.319999999999787
45.0800000000003,14.339999999999787
45.0800000000003,14.359999999999786
45.0800000000003,14.379999999999786
45.0800000000003,14.399999999999785
45.0800000000003,14.419999999999785
45.0800000000003,14.439999999999785
45.0800000000003,14.459999999999784
45.0800000000003,14.479999999999784
45.0800000000003,14.499999999999783
45.0800000000003,14.519999999999783
45.0800000000003,14.539999999999782
45.0800000000003,14.559999999999782
45.0800000000003,14.579999999999782
45.0800000000003,14.599999999999781
45.0800000000003,14.61999999999978
45.0800000000003,14.63999999999978
45.0800000000003,14.65999999999978
45.0800000000003,14.67999999999978
45.0800000000003,14.699999999999779
45.0800000000003,14.719999999999779
45.0800000000003,14.739999999999778
45.0800000000003,14.759999999999778
45.0800000000003,14.779999999999777
45.0800000000003,14.799999999999777
45.0800000000003,14.819999999999776
45.0800000000003,14.839999999999776
45.0800000000003,14.859999999999776
45.0800000000003,14.879999999999775
45.0800000000003,14.899999999999775
45.0800000000003,14.919999999999774
45.0800000000003,14.939999999999774
45.0800000000003,14.959999999999773
45.0800000000003,14.979999999999773
45.0800000000003,14.999999999999773
45.0800000000003,15.019999999999772
45.0800000000003,15.039999999999772
45.0800000000003,15.059999999999771
45.0800000000003,15.079999999999771
45.0800000000003,15.09999999999977
45.0800000000003,15.11999999999977
45.0800000000003,15.13999999999977
45.0800000000003,15.15999999999977
45.0800000000003,15.179999999999769
45.0800000000003,15.199999999999768
45.0800000000003,15.219999999999768
45.0800000000003,15.239999999999768
45.0800000000003,15.259999999999767
45.0800000000003,15.279999999999767
45.0800000000003,15.299999999999766
45.0800000000003,15.319999999999766
45.0800000000003,15.339999999999765
45.0800000000003,15.359999999999765
45.0800000000003,15.379999999999765
45.0800000000003,15.399999999999764
45.0800000000003,15.419999999999764
45.0800000000003,15.439999999999763
45.0800000000003,15.459999999999763
45.0800000000003,15.479999999999762
45.0800000000003,15.499999999999762
45.0800000000003,15.519999999999762
45.0800000000003,15.539999999999761
45.0800000000003,15.55999999999976
45.0800000000003,15.57999999999976
45.0800000000003,15.59999999999976
45.0800000000003,15.61999999999976
45.0800000000003,15.639999999999759
45.0800000000003,15.659999999999759
45.0800000000003,15.679999999999758
45.0800000000003,15.699999999999758
45.0800000000003,15.719999999999757
45.0800000000003,15.739999999999757
45.0800000000003,15.759999999999756
45.0800000000003,15.779999999999756
45.0800000000003,15.799999999999756
45.0800000000003,15.819999999999755
45.0800000000003,15.839999999999755
45.0800000000003,15.859999999999754
45.0800000000003,15.879999999999754
45.0800000000003,15.899999999999753
45.0800000000003,15.919999999999753
45.0800000000003,15.939999999999753
45.0800000000003,15.959999999999752
45.0800000000003,15.979999999999752
45.0800000000003,15.999999999999751
45.0800000000003,16.01999999999975
45.0800000000003,16.03999999999975
45.0800000000003,16.05999999999975
45.0800000000003,16.07999999999975
45.0800000000003,16.09999999999975
45.0800000000003,16.11999999999975
45.0800000000003,16.13999999999975
45.0800000000003,16.159999999999748
45.0800000000003,16.179999999999747
45.0800000000003,16.199999999999747
45.0800000000003,16.219999999999747
45.0800000000003,16.239999999999746
45.0800000000003,16.259999999999746
45.0800000000003,16.279999999999745
45.0800000000003,16.299999999999745
45.0800000000003,16.319999999999744
45.0800000000003,16.339999999999744
45.0800000000003,16.359999999999744
45.0800000000003,16.379999999999743
45.0800000000003,16.399999999999743
45.0800000000003,16.419999999999742
45.0800000000003,16.439999999999742
45.0800000000003,16.45999999999974
45.0800000000003,16.47999999999974
45.0800000000003,16.49999999999974
45.0800000000003,16.51999999999974
45.0800000000003,16.53999999999974
45.0800000000003,16.55999999999974
45.0800000000003,16.57999999999974
45.0800000000003,16.59999999999974
45.0800000000003,16.619999999999738
45.0800000000003,16.639999999999738
45.0800000000003,16.659999999999737
45.0800000000003,16.679999999999737
45.0800000000003,16.699999999999736
45.0800000000003,16.719999999999736
45.0800000000003,16.739999999999736
45.1000000000003,12.979999999999816
45.1000000000003,12.999999999999815
45.1000000000003,13.019999999999815
45.1000000000003,13.039999999999814
45.1000000000003,13.059999999999814
45.1000000000003,13.079999999999814
45.1000000000003,13.099999999999813
45.1000000000003,13.119999999999813
45.1000000000003,13.139999999999812
45.1000000000003,13.159999999999812
45.1000000000003,13.179999999999811
45.1000000000003,13.199999999999811
45.1000000000003,13.21999999999981
45.1000000000003,13.23999999999981
45.1000000000003,13.25999999999981
45.1000000000003,13.27999999999981
45.1000000000003,13.299999999999809
45.1000000000003,13.319999999999808
45.1000000000003,13.339999999999808
45.1000000000003,13.359999999999808
45.1000000000003,13.379999999999807
45.1000000000003,13.399999999999807
45.1000000000003,13.419999999999806
45.1000000000003,13.439999999999806
45.1000000000003,13.459999999999805
45.1000000000003,13.479999999999805
45.1000000000003,13.499999999999805
45.1000000000003,13.519999999999804
45.1000000000003,13.539999999999804
45.1000000000003,13.559999999999803
45.1000000000003,13.579999999999803
45.1000000000003,13.599999999999802
45.1000000000003,13.619999999999802
45.1000000000003,13.639999999999802
45.1000000000003,13.659999999999801
45.1000000000003,13.6799999999998
45.1000000000003,13.6999999999998
45.1000000000003,13.7199999999998
45.1000000000003,13.7399999999998
45.1000000000003,13.759999999999799
45.1000000000003,13.779999999999799
45.1000000000003,13.799999999999798
45.1000000000003,13.819999999999798
45.1000000000003,13.839999999999797
45.1000000000003,13.859999999999797
45.1000000000003,13.879999999999797
45.1000000000003,13.899999999999796
45.1000000000003,13.919999999999796
45.1000000000003,13.939999999999795
45.1000000000003,13.959999999999795
45.1000000000003,13.979999999999794
45.1000000000003,13.999999999999794
45.1000000000003,14.019999999999794
45.1000000000003,14.039999999999793
45.1000000000003,14.059999999999793
45.1000000000003,14.079999999999792
45.1000000000003,14.099999999999792
45.1000000000003,14.119999999999791
45.1000000000003,14.139999999999791
45.1000000000003,14.15999999999979
45.1000000000003,14.17999999999979
45.1000000000003,14.19999999999979
45.1000000000003,14.21999999999979
45.1000000000003,14.239999999999789
45.1000000000003,14.259999999999788
45.1000000000003,14.279999999999788
45.1000000000003,14.299999999999788
45.1000000000003,14.319999999999787
45.1000000000003,14.339999999999787
45.1000000000003,14.359999999999786
45.1000000000003,14.379999999999786
45.1000000000003,14.399999999999785
45.1000000000003,14.419999999999785
45.1000000000003,14.439999999999785
45.1000000000003,14.459999999999784
45.1000000000003,14.479999999999784
45.1000000000003,14.499999999999783
45.1000000000003,14.519999999999783
45.1000000000003,14.539999999999782
45.1000000000003,14.559999999999782
45.1000000000003,14.579999999999782
45.1000000000003,14.599999999999781
45.1000000000003,14.61999999999978
45.1000000000003,14.63999999999978
45.1000000000003,14.65999999999978
45.1000000000003,14.67999999999978
45.1000000000003,14.699999999999779
45.1000000000003,14.719999999999779
45.1000000000003,14.739999999999778
45.1000000000003,14.759999999999778
45.1000000000003,14.779999999999777
45.1000000000003,14.799999999999777
45.1000000000003,14.819999999999776
45.1000000000003,14.839999999999776
45.1000000000003,14.859999999999776
45.1000000000003,14.879999999999775
45.1000000000003,14.899999999999775
45.1000000000003,14.919999999999774
45.1000000000003,14.939999999999774
45.1000000000003,14.959999999999773
45.1000000000003,14.979999999999773
45.1000000000003,14.999999999999773
45.1000000000003,15.019999999999772
45.1000000000003,15.039999999999772
45.1000000000003,15.059999999999771
45.1000000000003,15.079999999999771
45.1000000000003,15.09999999999977
45.1000000000003,15.11999999999977
45.1000000000003,15.13999999999977
45.1000000000003,15.15999999999977
45.1000000000003,15.179999999999769
45.1000000000003,15.199999999999768
45.1000000000003,15.219999999999768
45.1000000000003,15.239999999999768
45.1000000000003,15.259999999999767
45.1000000000003,15.279999999999767
45.1000000000003,15.299999999999766
45.1000000000003,15.319999999999766
45.1000000000003,15.339999999999765
45.1000000000003,15.359999999999765
45.1000000000003,15.379999999999765
45.1000000000003,15.399999999999764
45.1000000000003,15.419999999999764
45.1000000000003,15.439999999999763
45.1000000000003,15.459999999999763
45.1000000000003,15.479999999999762
45.1000000000003,15.499999999999762
45.1000000000003,15.519999999999762
45.1000000000003,15.539999999999761
45.1000000000003,15.55999999999976
45.1000000000003,15.57999999999976
45.1000000000003,15.59999999999976
45.1000000000003,15.61999999999976
45.1000000000003,15.639999999999759
45.1000000000003,15.659999999999759
45.1000000000003,15.679999999999758
45.1000000000003,15.699999999999758
45.1000000000003,15.719999999999757
45.1000000000003,15.739999999999757
45.1000000000003,15.759999999999756
45.1000000000003,15.779999999999756
45.1000000000003,15.799999999999756
45.1000000000003,15.819999999999755
45.1000000000003,15.839999999999755
45.1000000000003,15.859999999999754
45.1000000000003,15.879999999999754
45.1000000000003,15.899999999999753
45.1000000000003,15.919999999999753
45.1000000000003,15.939999999999753
45.1000000000003,15.959999999999752
45.1000000000003,15.979999999999752
45.1000000000003,15.999999999999751
45.1000000000003,16.01999999999975
45.1000000000003,16.03999999999975
45.1000000000003,16.05999999999975
45.1000000000003,16.07999999999975
45.1000000000003,16.09999999999975
45.1000000000003,16.11999999999975
45.1000000000003,16.13999999999975
45.1000000000003,16.159999999999748
45.1000000000003,16.179999999999747
45.1000000000003,16.199999999999747
45.1000000000003,16.219999999999747
45.1000000000003,16.239999999999746
45.1000000000003,16.259999999999746
45.1000000000003,16.279999999999745
45.1000000000003,16.299999999999745
45.1000000000003,16.319999999999744
45.1000000000003,16.339999999999744
45.1000000000003,16.359999999999744
45.1000000000003,16.379999999999743
45.1000000000003,16.399999999999743
45.1000000000003,16.419999999999742
45.1000000000003,16.439999999999742
45.1000000000003,16.45999999999974
45.1000000000003,16.47999999999974
45.1000000000003,16.49999999999974
45.1000000000003,16.51999999999974
45.1000000000003,16.53999999999974
45.1000000000003,16.55999999999974
45.1000000000003,16.57999999999974
45.1000000000003,16.59999999999974
45.1000000000003,16.619999999999738
45.1000000000003,16.639999999999738
45.1000000000003,16.659999999999737
45.1000000000003,16.679999999999737
45.1000000000003,16.699999999999736
45.1000000000003,16.719999999999736
45.1000000000003,16.739999999999736
45.1200000000003,12.979999999999816
45.1200000000003,12.999999999999815
45.1200000000003,13.019999999999815
45.1200000000003,13.039999999999814
45.1200000000003,13.059999999999814
45.1200000000003,13.079999999999814
45.1200000000003,13.099999999999813
45.1200000000003,13.119999999999813
45.1200000000003,13.139999999999812
45.1200000000003,13.159999999999812
45.1200000000003,13.179999999999811
45.1200000000003,13.199999999999811
45.1200000000003,13.21999999999981
45.1200000000003,13.23999999999981
45.1200000000003,13.25999999999981
45.1200000000003,13.27999999999981
45.1200000000003,13.299999999999809
45.1200000000003,13.319999999999808
45.1200000000003,13.339999999999808
45.1200000000003,13.359999999999808
45.1200000000003,13.379999999999807
45.1200000000003,13.399999999999807
45.1200000000003,13.419999999999806
45.1200000000003,13.439999999999806
45.1200000000003,13.459999999999805
45.1200000000003,13.479999999999805
45.1200000000003,13.499999999999805
45.1200000000003,13.519999999999804
45.1200000000003,13.539999999999804
45.1200000000003,13.559999999999803
45.1200000000003,13.579999999999803
45.1200000000003,13.599999999999802
45.1200000000003,13.619999999999802
45.1200000000003,13.639999999999802
45.1200000000003,13.659999999999801
45.1200000000003,13.6799999999998
45.1200000000003,13.6999999999998
45.1200000000003,13.7199999999998
45.1200000000003,13.7399999999998
45.1200000000003,13.759999999999799
45.1200000000003,13.779999999999799
45.1200000000003,13.799999999999798
45.1200000000003,13.819999999999798
45.1200000000003,13.839999999999797
45.1200000000003,13.859999999999797
45.1200000000003,13.879999999999797
45.1200000000003,13.899999999999796
45.1200000000003,13.919999999999796
45.1200000000003,13.939999999999795
45.1200000000003,13.959999999999795
45.1200000000003,13.979999999999794
45.1200000000003,13.999999999999794
45.1200000000003,14.019999999999794
45.1200000000003,14.039999999999793
45.1200000000003,14.059999999999793
45.1200000000003,14.079999999999792
45.1200000000003,14.099999999999792
45.1200000000003,14.119999999999791
45.1200000000003,14.139999999999791
45.1200000000003,14.15999999999979
45.1200000000003,14.17999999999979
45.1200000000003,14.19999999999979
45.1200000000003,14.21999999999979
45.1200000000003,14.239999999999789
45.1200000000003,14.259999999999788
45.1200000000003,14.279999999999788
45.1200000000003,14.299999999999788
45.1200000000003,14.319999999999787
45.1200000000003,14.339999999999787
45.1200000000003,14.359999999999786
45.1200000000003,14.379999999999786
45.1200000000003,14.399999999999785
45.1200000000003,14.419999999999785
45.1200000000003,14.439999999999785
45.1200000000003,14.459999999999784
45.1200000000003,14.479999999999784
45.1200000000003,14.499999999999783
45.1200000000003,14.519999999999783
45.1200000000003,14.539999999999782
45.1200000000003,14.559999999999782
45.1200000000003,14.579999999999782
45.1200000000003,14.599999999999781
45.1200000000003,14.61999999999978
45.1200000000003,14.63999999999978
45.1200000000003,14.65999999999978
45.1200000000003,14.67999999999978
45.1200000000003,14.699999999999779
45.1200000000003,14.719999999999779
45.1200000000003,14.739999999999778
45.1200000000003,14.759999999999778
45.1200000000003,14.779999999999777
45.1200000000003,14.799999999999777
45.1200000000003,14.819999999999776
45.1200000000003,14.839999999999776
45.1200000000003,14.859999999999776
45.1200000000003,14.879999999999775
45.1200000000003,14.899999999999775
45.1200000000003,14.919999999999774
45.1200000000003,14.939999999999774
45.1200000000003,14.959999999999773
45.1200000000003,14.979999999999773
45.1200000000003,14.999999999999773
45.1200000000003,15.019999999999772
45.1200000000003,15.039999999999772
45.1200000000003,15.059999999999771
45.1200000000003,15.079999999999771
45.1200000000003,15.09999999999977
45.1200000000003,15.11999999999977
45.1200000000003,15.13999999999977
45.1200000000003,15.15999999999977
45.1200000000003,15.179999999999769
45.1200000000003,15.199999999999768
45.1200000000003,15.219999999999768
45.1200000000003,15.239999999999768
45.1200000000003,15.259999999999767
45.1200000000003,15.279999999999767
45.1200000000003,15.299999999999766
45.1200000000003,15.319999999999766
45.1200000000003,15.339999999999765
45.1200000000003,15.359999999999765
45.1200000000003,15.379999999999765
45.1200000000003,15.399999999999764
45.1200000000003,15.419999999999764
45.1200000000003,15.439999999999763
45.1200000000003,15.459999999999763
45.1200000000003,15.479999999999762
45.1200000000003,15.499999999999762
45.1200000000003,15.519999999999762
45.1200000000003,15.539999999999761
45.1200000000003,15.55999999999976
45.1200000000003,15.57999999999976
45.1200000000003,15.59999999999976
45.1200000000003,15.61999999999976
45.1200000000003,15.639999999999759
45.1200000000003,15.659999999999759
45.1200000000003,15.679999999999758
45.1200000000003,15.699999999999758
45.1200000000003,15.719999999999757
45.1200000000003,15.739999999999757
45.1200000000003,15.759999999999756
45.1200000000003,15.779999999999756
45.1200000000003,15.799999999999756
45.1200000000003,15.819999999999755
45.1200000000003,15.839999999999755
45.1200000000003,15.859999999999754
45.1200000000003,15.879999999999754
45.1200000000003,15.899999999999753
45.1200000000003,15.919999999999753
45.1200000000003,15.939999999999753
45.1200000000003,15.959999999999752
45.1200000000003,15.979999999999752
45.1200000000003,15.999999999999751
45.1200000000003,16.01999999999975
45.1200000000003,16.03999999999975
45.1200000000003,16.05999999999975
45.1200000000003,16.07999999999975
45.1200000000003,16.09999999999975
45.1200000000003,16.11999999999975
45.1200000000003,16.13999999999975
45.1200000000003,16.159999999999748
45.1200000000003,16.179999999999747
45.1200000000003,16.199999999999747
45.1200000000003,16.219999999999747
45.1200000000003,16.239999999999746
45.1200000000003,16.259999999999746
45.1200000000003,16.279999999999745
45.1200000000003,16.299999999999745
45.1200000000003,16.319999999999744
45.1200000000003,16.339999999999744
45.1200000000003,16.359999999999744
45.1200000000003,16.379999999999743
45.1200000000003,16.399999999999743
45.1200000000003,16.419999999999742
45.1200000000003,16.439999999999742
45.1200000000003,16.45999999999974
45.1200000000003,16.47999999999974
45.1200000000003,16.49999999999974
45.1200000000003,16.51999999999974
45.1200000000003,16.53999999999974
45.1200000000003,16.55999999999974
45.1200000000003,16.57999999999974
45.1200000000003,16.59999999999974
45.1200000000003,16.619999999999738
45.1200000000003,16.639999999999738
45.1200000000003,16.659999999999737
45.1200000000003,16.679999999999737
45.1200000000003,16.699999999999736
45.1200000000003,16.719999999999736
45.1200000000003,16.739999999999736
45.140000000000306,12.979999999999816
45.140000000000306,12.999999999999815
45.140000000000306,13.019999999999815
45.140000000000306,13.039999999999814
45.140000000000306,13.059999999999814
45.140000000000306,13.079999999999814
45.140000000000306,13.099999999999813
45.140000000000306,13.119999999999813
45.140000000000306,13.139999999999812
45.140000000000306,13.159999999999812
45.140000000000306,13.179999999999811
45.140000000000306,13.199999999999811
45.140000000000306,13.21999999999981
45.140000000000306,13.23999999999981
45.140000000000306,13.25999999999981
45.140000000000306,13.27999999999981
45.140000000000306,13.299999999999809
45.140000000000306,13.319999999999808
45.140000000000306,13.339999999999808
45.140000000000306,13.359999999999808
45.140000000000306,13.379999999999807
45.140000000000306,13.399999999999807
45.140000000000306,13.419999999999806
45.140000000000306,13.439999999999806
45.140000000000306,13.459999999999805
45.140000000000306,13.479999999999805
45.140000000000306,13.499999999999805
45.140000000000306,13.519999999999804
45.140000000000306,13.539999999999804
45.140000000000306,13.559999999999803
45.140000000000306,13.579999999999803
45.140000000000306,13.599999999999802
45.140000000000306,13.619999999999802
45.140000000000306,13.639999999999802
45.140000000000306,13.659999999999801
45.140000000000306,13.6799999999998
45.140000000000306,13.6999999999998
45.140000000000306,13.7199999999998
45.140000000000306,13.7399999999998
45.140000000000306,13.759999999999799
45.140000000000306,13.779999999999799
45.140000000000306,13.799999999999798
45.140000000000306,13.819999999999798
45.140000000000306,13.839999999999797
45.140000000000306,13.859999999999797
45.140000000000306,13.879999999999797
45.140000000000306,13.899999999999796
45.140000000000306,13.919999999999796
45.140000000000306,13.939999999999795
45.140000000000306,13.959999999999795
45.140000000000306,13.979999999999794
45.140000000000306,13.999999999999794
45.140000000000306,14.019999999999794
45.140000000000306,14.039999999999793
45.140000000000306,14.059999999999793
45.140000000000306,14.079999999999792
45.140000000000306,14.099999999999792
45.140000000000306,14.119999999999791
45.140000000000306,14.139999999999791
45.140000000000306,14.15999999999979
45.140000000000306,14.17999999999979
45.140000000000306,14.19999999999979
45.140000000000306,14.21999999999979
45.140000000000306,14.239999999999789
45.140000000000306,14.259999999999788
45.140000000000306,14.279999999999788
45.140000000000306,14.299999999999788
45.140000000000306,14.319999999999787
45.140000000000306,14.339999999999787
45.140000000000306,14.359999999999786
45.140000000000306,14.379999999999786
45.140000000000306,14.399999999999785
45.140000000000306,14.419999999999785
45.140000000000306,14.439999999999785
45.140000000000306,14.459999999999784
45.140000000000306,14.479999999999784
45.140000000000306,14.499999999999783
45.140000000000306,14.519999999999783
45.140000000000306,14.539999999999782
45.140000000000306,14.559999999999782
45.140000000000306,14.579999999999782
45.140000000000306,14.599999999999781
45.140000000000306,14.61999999999978
45.140000000000306,14.63999999999978
45.140000000000306,14.65999999999978
45.140000000000306,14.67999999999978
45.140000000000306,14.699999999999779
45.140000000000306,14.719999999999779
45.140000000000306,14.739999999999778
45.140000000000306,14.759999999999778
45.140000000000306,14.779999999999777
45.140000000000306,14.799999999999777
45.140000000000306,14.819999999999776
45.140000000000306,14.839999999999776
45.140000000000306,14.859999999999776
45.140000000000306,14.879999999999775
45.140000000000306,14.899999999999775
45.140000000000306,14.919999999999774
45.140000000000306,14.939999999999774
45.140000000000306,14.959999999999773
45.140000000000306,14.979999999999773
45.140000000000306,14.999999999999773
45.140000000000306,15.019999999999772
45.140000000000306,15.039999999999772
45.140000000000306,15.059999999999771
45.140000000000306,15.079999999999771
45.140000000000306,15.09999999999977
45.140000000000306,15.11999999999977
45.140000000000306,15.13999999999977
45.140000000000306,15.15999999999977
45.140000000000306,15.179999999999769
45.140000000000306,15.199999999999768
45.140000000000306,15.219999999999768
45.140000000000306,15.239999999999768
45.140000000000306,15.259999999999767
45.140000000000306,15.279999999999767
45.140000000000306,15.299999999999766
45.140000000000306,15.319999999999766
45.140000000000306,15.339999999999765
45.140000000000306,15.359999999999765
45.140000000000306,15.379999999999765
45.140000000000306,15.399999999999764
45.140000000000306,15.419999999999764
45.140000000000306,15.439999999999763
45.140000000000306,15.459999999999763
45.140000000000306,15.479999999999762
45.140000000000306,15.499999999999762
45.140000000000306,15.519999999999762
45.140000000000306,15.539999999999761
45.140000000000306,15.55999999999976
45.140000000000306,15.57999999999976
45.140000000000306,15.59999999999976
45.140000000000306,15.61999999999976
45.140000000000306,15.639999999999759
45.140000000000306,15.659999999999759
45.140000000000306,15.679999999999758
45.140000000000306,15.699999999999758
45.140000000000306,15.719999999999757
45.140000000000306,15.739999999999757
45.140000000000306,15.759999999999756
45.140000000000306,15.779999999999756
45.140000000000306,15.799999999999756
45.140000000000306,15.819999999999755
45.140000000000306,15.839999999999755
45.140000000000306,15.859999999999754
45.140000000000306,15.879999999999754
45.140000000000306,15.899999999999753
45.140000000000306,15.919999999999753
45.140000000000306,15.939999999999753
45.140000000000306,15.959999999999752
45.140000000000306,15.979999999999752
45.140000000000306,15.999999999999751
45.140000000000306,16.01999999999975
45.140000000000306,16.03999999999975
45.140000000000306,16.05999999999975
45.140000000000306,16.07999999999975
45.140000000000306,16.09999999999975
45.140000000000306,16.11999999999975
45.140000000000306,16.13999999999975
45.140000000000306,16.159999999999748
45.140000000000306,16.179999999999747
45.140000000000306,16.199999999999747
45.140000000000306,16.219999999999747
45.140000000000306,16.239999999999746
45.140000000000306,16.259999999999746
45.140000000000306,16.279999999999745
45.140000000000306,16.299999999999745
45.140000000000306,16.319999999999744
45.140000000000306,16.339999999999744
45.140000000000306,16.359999999999744
45.140000000000306,16.379999999999743
45.140000000000306,16.399999999999743
45.140000000000306,16.419999999999742
45.140000000000306,16.439999999999742
45.140000000000306,16.45999999999974
45.140000000000306,16.47999999999974
45.140000000000306,16.49999999999974
45.140000000000306,16.51999999999974
45.140000000000306,16.53999999999974
45.140000000000306,16.55999999999974
45.140000000000306,16.57999999999974
45.140000000000306,16.59999999999974
45.140000000000306,16.619999999999738
45.140000000000306,16.639999999999738
45.140000000000306,16.659999999999737
45.140000000000306,16.679999999999737
45.140000000000306,16.699999999999736
45.140000000000306,16.719999999999736
45.140000000000306,16.739999999999736
45.16000000000031,12.979999999999816
45.16000000000031,12.999999999999815
45.16000000000031,13.019999999999815
45.16000000000031,13.039999999999814
45.16000000000031,13.059999999999814
45.16000000000031,13.079999999999814
45.16000000000031,13.099999999999813
45.16000000000031,13.119999999999813
45.16000000000031,13.139999999999812
45.16000000000031,13.159999999999812
45.16000000000031,13.179999999999811
45.16000000000031,13.199999999999811
45.16000000000031,13.21999999999981
45.16000000000031,13.23999999999981
45.16000000000031,13.25999999999981
45.16000000000031,13.27999999999981
45.16000000000031,13.299999999999809
45.16000000000031,13.319999999999808
45.16000000000031,13.339999999999808
45.16000000000031,13.359999999999808
45.16000000000031,13.379999999999807
45.16000000000031,13.399999999999807
45.16000000000031,13.419999999999806
45.16000000000031,13.439999999999806
45.16000000000031,13.459999999999805
45.16000000000031,13.479999999999805
45.16000000000031,13.499999999999805
45.16000000000031,13.519999999999804
45.16000000000031,13.539999999999804
45.16000000000031,13.559999999999803
45.16000000000031,13.579999999999803
45.16000000000031,13.599999999999802
45.16000000000031,13.619999999999802
45.16000000000031,13.639999999999802
45.16000000000031,13.659999999999801
45.16000000000031,13.6799999999998
45.16000000000031,13.6999999999998
45.16000000000031,13.7199999999998
45.16000000000031,13.7399999999998
45.16000000000031,13.759999999999799
45.16000000000031,13.779999999999799
45.16000000000031,13.799999999999798
45.16000000000031,13.819999999999798
45.16000000000031,13.839999999999797
45.16000000000031,13.859999999999797
45.16000000000031,13.879999999999797
45.16000000000031,13.899999999999796
45.16000000000031,13.919999999999796
45.16000000000031,13.939999999999795
45.16000000000031,13.959999999999795
45.16000000000031,13.979999999999794
45.16000000000031,13.999999999999794
45.16000000000031,14.019999999999794
45.16000000000031,14.039999999999793
45.16000000000031,14.059999999999793
45.16000000000031,14.079999999999792
45.16000000000031,14.099999999999792
45.16000000000031,14.119999999999791
45.16000000000031,14.139999999999791
45.16000000000031,14.15999999999979
45.16000000000031,14.17999999999979
45.16000000000031,14.19999999999979
45.16000000000031,14.21999999999979
45.16000000000031,14.239999999999789
45.16000000000031,14.259999999999788
45.16000000000031,14.279999999999788
45.16000000000031,14.299999999999788
45.16000000000031,14.319999999999787
45.16000000000031,14.339999999999787
45.16000000000031,14.359999999999786
45.16000000000031,14.379999999999786
45.16000000000031,14.399999999999785
45.16000000000031,14.419999999999785
45.16000000000031,14.439999999999785
45.16000000000031,14.459999999999784
45.16000000000031,14.479999999999784
45.16000000000031,14.499999999999783
45.16000000000031,14.519999999999783
45.16000000000031,14.539999999999782
45.16000000000031,14.559999999999782
45.16000000000031,14.579999999999782
45.16000000000031,14.599999999999781
45.16000000000031,14.61999999999978
45.16000000000031,14.63999999999978
45.16000000000031,14.65999999999978
45.16000000000031,14.67999999999978
45.16000000000031,14.699999999999779
45.16000000000031,14.719999999999779
45.16000000000031,14.739999999999778
45.16000000000031,14.759999999999778
45.16000000000031,14.779999999999777
45.16000000000031,14.799999999999777
45.16000000000031,14.819999999999776
45.16000000000031,14.839999999999776
45.16000000000031,14.859999999999776
45.16000000000031,14.879999999999775
45.16000000000031,14.899999999999775
45.16000000000031,14.919999999999774
45.16000000000031,14.939999999999774
45.16000000000031,14.959999999999773
45.16000000000031,14.979999999999773
45.16000000000031,14.999999999999773
45.16000000000031,15.019999999999772
45.16000000000031,15.039999999999772
45.16000000000031,15.059999999999771
45.16000000000031,15.079999999999771
45.16000000000031,15.09999999999977
45.16000000000031,15.11999999999977
45.16000000000031,15.13999999999977
45.16000000000031,15.15999999999977
45.16000000000031,15.179999999999769
45.16000000000031,15.199999999999768
45.16000000000031,15.219999999999768
45.16000000000031,15.239999999999768
45.16000000000031,15.259999999999767
45.16000000000031,15.279999999999767
45.16000000000031,15.299999999999766
45.16000000000031,15.319999999999766
45.16000000000031,15.339999999999765
45.16000000000031,15.359999999999765
45.16000000000031,15.379999999999765
45.16000000000031,15.399999999999764
45.16000000000031,15.419999999999764
45.16000000000031,15.439999999999763
45.16000000000031,15.459999999999763
45.16000000000031,15.479999999999762
45.16000000000031,15.499999999999762
45.16000000000031,15.519999999999762
45.16000000000031,15.539999999999761
45.16000000000031,15.55999999999976
45.16000000000031,15.57999999999976
45.16000000000031,15.59999999999976
45.16000000000031,15.61999999999976
45.16000000000031,15.639999999999759
45.16000000000031,15.659999999999759
45.16000000000031,15.679999999999758
45.16000000000031,15.699999999999758
45.16000000000031,15.719999999999757
45.16000000000031,15.739999999999757
45.16000000000031,15.759999999999756
45.16000000000031,15.779999999999756
45.16000000000031,15.799999999999756
45.16000000000031,15.819999999999755
45.16000000000031,15.839999999999755
45.16000000000031,15.859999999999754
45.16000000000031,15.879999999999754
45.16000000000031,15.899999999999753
45.16000000000031,15.919999999999753
45.16000000000031,15.939999999999753
45.16000000000031,15.959999999999752
45.16000000000031,15.979999999999752
45.16000000000031,15.999999999999751
45.16000000000031,16.01999999999975
45.16000000000031,16.03999999999975
45.16000000000031,16.05999999999975
45.16000000000031,16.07999999999975
45.16000000000031,16.09999999999975
45.16000000000031,16.11999999999975
45.16000000000031,16.13999999999975
45.16000000000031,16.159999999999748
45.16000000000031,16.179999999999747
45.16000000000031,16.199999999999747
45.16000000000031,16.219999999999747
45.16000000000031,16.239999999999746
45.16000000000031,16.259999999999746
45.16000000000031,16.279999999999745
45.16000000000031,16.299999999999745
45.16000000000031,16.319999999999744
45.16000000000031,16.339999999999744
45.16000000000031,16.359999999999744
45.16000000000031,16.379999999999743
45.16000000000031,16.399999999999743
45.16000000000031,16.419999999999742
45.16000000000031,16.439999999999742
45.16000000000031,16.45999999999974
45.16000000000031,16.47999999999974
45.16000000000031,16.49999999999974
45.16000000000031,16.51999999999974
45.16000000000031,16.53999999999974
45.16000000000031,16.55999999999974
45.16000000000031,16.57999999999974
45.16000000000031,16.59999999999974
45.16000000000031,16.619999999999738
45.16000000000031,16.639999999999738
45.16000000000031,16.659999999999737
45.16000000000031,16.679999999999737
45.16000000000031,16.699999999999736
45.16000000000031,16.719999999999736
45.16000000000031,16.739999999999736
45.18000000000031,12.979999999999816
45.18000000000031,12.999999999999815
45.18000000000031,13.019999999999815
45.18000000000031,13.039999999999814
45.18000000000031,13.059999999999814
45.18000000000031,13.079999999999814
45.18000000000031,13.099999999999813
45.18000000000031,13.119999999999813
45.18000000000031,13.139999999999812
45.18000000000031,13.159999999999812
45.18000000000031,13.179999999999811
45.18000000000031,13.199999999999811
45.18000000000031,13.21999999999981
45.18000000000031,13.23999999999981
45.18000000000031,13.25999999999981
45.18000000000031,13.27999999999981
45.18000000000031,13.299999999999809
45.18000000000031,13.319999999999808
45.18000000000031,13.339999999999808
45.18000000000031,13.359999999999808
45.18000000000031,13.379999999999807
45.18000000000031,13.399999999999807
45.18000000000031,13.419999999999806
45.18000000000031,13.439999999999806
45.18000000000031,13.459999999999805
45.18000000000031,13.479999999999805
45.18000000000031,13.499999999999805
45.18000000000031,13.519999999999804
45.18000000000031,13.539999999999804
45.18000000000031,13.559999999999803
45.18000000000031,13.579999999999803
45.18000000000031,13.599999999999802
45.18000000000031,13.619999999999802
45.18000000000031,13.639999999999802
45.18000000000031,13.659999999999801
45.18000000000031,13.6799999999998
45.18000000000031,13.6999999999998
45.18000000000031,13.7199999999998
45.18000000000031,13.7399999999998
45.18000000000031,13.759999999999799
45.18000000000031,13.779999999999799
45.18000000000031,13.799999999999798
45.18000000000031,13.819999999999798
45.18000000000031,13.839999999999797
45.18000000000031,13.859999999999797
45.18000000000031,13.879999999999797
45.18000000000031,13.899999999999796
45.18000000000031,13.919999999999796
45.18000000000031,13.939999999999795
45.18000000000031,13.959999999999795
45.18000000000031,13.979999999999794
45.18000000000031,13.999999999999794
45.18000000000031,14.019999999999794
45.18000000000031,14.039999999999793
45.18000000000031,14.059999999999793
45.18000000000031,14.079999999999792
45.18000000000031,14.099999999999792
45.18000000000031,14.119999999999791
45.18000000000031,14.139999999999791
45.18000000000031,14.15999999999979
45.18000000000031,14.17999999999979
45.18000000000031,14.19999999999979
45.18000000000031,14.21999999999979
45.18000000000031,14.239999999999789
45.18000000000031,14.259999999999788
45.18000000000031,14.279999999999788
45.18000000000031,14.299999999999788
45.18000000000031,14.319999999999787
45.18000000000031,14.339999999999787
45.18000000000031,14.359999999999786
45.18000000000031,14.379999999999786
45.18000000000031,14.399999999999785
45.18000000000031,14.419999999999785
45.18000000000031,14.439999999999785
45.18000000000031,14.459999999999784
45.18000000000031,14.479999999999784
45.18000000000031,14.499999999999783
45.18000000000031,14.519999999999783
45.18000000000031,14.539999999999782
45.18000000000031,14.559999999999782
45.18000000000031,14.579999999999782
45.18000000000031,14.599999999999781
45.18000000000031,14.61999999999978
45.18000000000031,14.63999999999978
45.18000000000031,14.65999999999978
45.18000000000031,14.67999999999978
45.18000000000031,14.699999999999779
45.18000000000031,14.719999999999779
45.18000000000031,14.739999999999778
45.18000000000031,14.759999999999778
45.18000000000031,14.779999999999777
45.18000000000031,14.799999999999777
45.18000000000031,14.819999999999776
45.18000000000031,14.839999999999776
45.18000000000031,14.859999999999776
45.18000000000031,14.879999999999775
45.18000000000031,14.899999999999775
45.18000000000031,14.919999999999774
45.18000000000031,14.939999999999774
45.18000000000031,14.959999999999773
45.18000000000031,14.979999999999773
45.18000000000031,14.999999999999773
45.18000000000031,15.019999999999772
45.18000000000031,15.039999999999772
45.18000000000031,15.059999999999771
45.18000000000031,15.079999999999771
45.18000000000031,15.09999999999977
45.18000000000031,15.11999999999977
45.18000000000031,15.13999999999977
45.18000000000031,15.15999999999977
45.18000000000031,15.179999999999769
45.18000000000031,15.199999999999768
45.18000000000031,15.219999999999768
45.18000000000031,15.239999999999768
45.18000000000031,15.259999999999767
45.18000000000031,15.279999999999767
45.18000000000031,15.299999999999766
45.18000000000031,15.319999999999766
45.18000000000031,15.339999999999765
45.18000000000031,15.359999999999765
45.18000000000031,15.379999999999765
45.18000000000031,15.399999999999764
45.18000000000031,15.419999999999764
45.18000000000031,15.439999999999763
45.18000000000031,15.459999999999763
45.18000000000031,15.479999999999762
45.18000000000031,15.499999999999762
45.18000000000031,15.519999999999762
45.18000000000031,15.539999999999761
45.18000000000031,15.55999999999976
45.18000000000031,15.57999999999976
45.18000000000031,15.59999999999976
45.18000000000031,15.61999999999976
45.18000000000031,15.639999999999759
45.18000000000031,15.659999999999759
45.18000000000031,15.679999999999758
45.18000000000031,15.699999999999758
45.18000000000031,15.719999999999757
45.18000000000031,15.739999999999757
45.18000000000031,15.759999999999756
45.18000000000031,15.779999999999756
45.18000000000031,15.799999999999756
45.18000000000031,15.819999999999755
45.18000000000031,15.839999999999755
45.18000000000031,15.859999999999754
45.18000000000031,15.879999999999754
45.18000000000031,15.899999999999753
45.18000000000031,15.919999999999753
45.18000000000031,15.939999999999753
45.18000000000031,15.959999999999752
45.18000000000031,15.979999999999752
45.18000000000031,15.999999999999751
45.18000000000031,16.01999999999975
45.18000000000031,16.03999999999975
45.18000000000031,16.05999999999975
45.18000000000031,16.07999999999975
45.18000000000031,16.09999999999975
45.18000000000031,16.11999999999975
45.18000000000031,16.13999999999975
45.18000000000031,16.159999999999748
45.18000000000031,16.179999999999747
45.18000000000031,16.199999999999747
45.18000000000031,16.219999999999747
45.18000000000031,16.239999999999746
45.18000000000031,16.259999999999746
45.18000000000031,16.279999999999745
45.18000000000031,16.299999999999745
45.18000000000031,16.319999999999744
45.18000000000031,16.339999999999744
45.18000000000031,16.359999999999744
45.18000000000031,16.379999999999743
45.18000000000031,16.399999999999743
45.18000000000031,16.419999999999742
45.18000000000031,16.439999999999742
45.18000000000031,16.45999999999974
45.18000000000031,16.47999999999974
45.18000000000031,16.49999999999974
45.18000000000031,16.51999999999974
45.18000000000031,16.53999999999974
45.18000000000031,16.55999999999974
45.18000000000031,16.57999999999974
45.18000000000031,16.59999999999974
45.18000000000031,16.619999999999738
45.18000000000031,16.639999999999738
45.18000000000031,16.659999999999737
45.18000000000031,16.679999999999737
45.18000000000031,16.699999999999736
45.18000000000031,16.719999999999736
45.18000000000031,16.739999999999736
45.200000000000315,12.979999999999816
45.200000000000315,12.999999999999815
45.200000000000315,13.019999999999815
45.200000000000315,13.039999999999814
45.200000000000315,13.059999999999814
45.200000000000315,13.079999999999814
45.200000000000315,13.099999999999813
45.200000000000315,13.119999999999813
45.200000000000315,13.139999999999812
45.200000000000315,13.159999999999812
45.200000000000315,13.179999999999811
45.200000000000315,13.199999999999811
45.200000000000315,13.21999999999981
45.200000000000315,13.23999999999981
45.200000000000315,13.25999999999981
45.200000000000315,13.27999999999981
45.200000000000315,13.299999999999809
45.200000000000315,13.319999999999808
45.200000000000315,13.339999999999808
45.200000000000315,13.359999999999808
45.200000000000315,13.379999999999807
45.200000000000315,13.399999999999807
45.200000000000315,13.419999999999806
45.200000000000315,13.439999999999806
45.200000000000315,13.459999999999805
45.200000000000315,13.479999999999805
45.200000000000315,13.499999999999805
45.200000000000315,13.519999999999804
45.200000000000315,13.539999999999804
45.200000000000315,13.559999999999803
45.200000000000315,13.579999999999803
45.200000000000315,13.599999999999802
45.200000000000315,13.619999999999802
45.200000000000315,13.639999999999802
45.200000000000315,13.659999999999801
45.200000000000315,13.6799999999998
45.200000000000315,13.6999999999998
45.200000000000315,13.7199999999998
45.200000000000315,13.7399999999998
45.200000000000315,13.759999999999799
45.200000000000315,13.779999999999799
45.200000000000315,13.799999999999798
45.200000000000315,13.819999999999798
45.200000000000315,13.839999999999797
45.200000000000315,13.859999999999797
45.200000000000315,13.879999999999797
45.200000000000315,13.899999999999796
45.200000000000315,13.919999999999796
45.200000000000315,13.939999999999795
45.200000000000315,13.959999999999795
45.200000000000315,13.979999999999794
45.200000000000315,13.999999999999794
45.200000000000315,14.019999999999794
45.200000000000315,14.039999999999793
45.200000000000315,14.059999999999793
45.200000000000315,14.079999999999792
45.200000000000315,14.099999999999792
45.200000000000315,14.119999999999791
45.200000000000315,14.139999999999791
45.200000000000315,14.15999999999979
45.200000000000315,14.17999999999979
45.200000000000315,14.19999999999979
45.200000000000315,14.21999999999979
45.200000000000315,14.239999999999789
45.200000000000315,14.259999999999788
45.200000000000315,14.279999999999788
45.200000000000315,14.299999999999788
45.200000000000315,14.319999999999787
45.200000000000315,14.339999999999787
45.200000000000315,14.359999999999786
45.200000000000315,14.379999999999786
45.200000000000315,14.399999999999785
45.200000000000315,14.419999999999785
45.200000000000315,14.439999999999785
45.200000000000315,14.459999999999784
45.200000000000315,14.479999999999784
45.200000000000315,14.499999999999783
45.200000000000315,14.519999999999783
45.200000000000315,14.539999999999782
45.200000000000315,14.559999999999782
45.200000000000315,14.579999999999782
45.200000000000315,14.599999999999781
45.200000000000315,14.61999999999978
45.200000000000315,14.63999999999978
45.200000000000315,14.65999999999978
45.200000000000315,14.67999999999978
45.200000000000315,14.699999999999779
45.200000000000315,14.719999999999779
45.200000000000315,14.739999999999778
45.200000000000315,14.759999999999778
45.200000000000315,14.779999999999777
45.200000000000315,14.799999999999777
45.200000000000315,14.819999999999776
45.200000000000315,14.839999999999776
45.200000000000315,14.859999999999776
45.200000000000315,14.879999999999775
45.200000000000315,14.899999999999775
45.200000000000315,14.919999999999774
45.200000000000315,14.939999999999774
45.200000000000315,14.959999999999773
45.200000000000315,14.979999999999773
45.200000000000315,14.999999999999773
45.200000000000315,15.019999999999772
45.200000000000315,15.039999999999772
45.200000000000315,15.059999999999771
45.200000000000315,15.079999999999771
45.200000000000315,15.09999999999977
45.200000000000315,15.11999999999977
45.200000000000315,15.13999999999977
45.200000000000315,15.15999999999977
45.200000000000315,15.179999999999769
45.200000000000315,15.199999999999768
45.200000000000315,15.219999999999768
45.200000000000315,15.239999999999768
45.200000000000315,15.259999999999767
45.200000000000315,15.279999999999767
45.200000000000315,15.299999999999766
45.200000000000315,15.319999999999766
45.200000000000315,15.339999999999765
45.200000000000315,15.359999999999765
45.200000000000315,15.379999999999765
45.200000000000315,15.399999999999764
45.200000000000315,15.419999999999764
45.200000000000315,15.439999999999763
45.200000000000315,15.459999999999763
45.200000000000315,15.479999999999762
45.200000000000315,15.499999999999762
45.200000000000315,15.519999999999762
45.200000000000315,15.539999999999761
45.200000000000315,15.55999999999976
45.200000000000315,15.57999999999976
45.200000000000315,15.59999999999976
45.200000000000315,15.61999999999976
45.200000000000315,15.639999999999759
45.200000000000315,15.659999999999759
45.200000000000315,15.679999999999758
45.200000000000315,15.699999999999758
45.200000000000315,15.719999999999757
45.200000000000315,15.739999999999757
45.200000000000315,15.759999999999756
45.200000000000315,15.779999999999756
45.200000000000315,15.799999999999756
45.200000000000315,15.819999999999755
45.200000000000315,15.839999999999755
45.200000000000315,15.859999999999754
45.200000000000315,15.879999999999754
45.200000000000315,15.899999999999753
45.200000000000315,15.919999999999753
45.200000000000315,15.939999999999753
45.200000000000315,15.959999999999752
45.200000000000315,15.979999999999752
45.200000000000315,15.999999999999751
45.200000000000315,16.01999999999975
45.200000000000315,16.03999999999975
45.200000000000315,16.05999999999975
45.200000000000315,16.07999999999975
45.200000000000315,16.09999999999975
45.200000000000315,16.11999999999975
45.200000000000315,16.13999999999975
45.200000000000315,16.159999999999748
45.200000000000315,16.179999999999747
45.200000000000315,16.199999999999747
45.200000000000315,16.219999999999747
45.200000000000315,16.239999999999746
45.200000000000315,16.259999999999746
45.200000000000315,16.279999999999745
45.200000000000315,16.299999999999745
45.200000000000315,16.319999999999744
45.200000000000315,16.339999999999744
45.200000000000315,16.359999999999744
45.200000000000315,16.379999999999743
45.200000000000315,16.399999999999743
45.200000000000315,16.419999999999742
45.200000000000315,16.439999999999742
45.200000000000315,16.45999999999974
45.200000000000315,16.47999999999974
45.200000000000315,16.49999999999974
45.200000000000315,16.51999999999974
45.200000000000315,16.53999999999974
45.200000000000315,16.55999999999974
45.200000000000315,16.57999999999974
45.200000000000315,16.59999999999974
45.200000000000315,16.619999999999738
45.200000000000315,16.639999999999738
45.200000000000315,16.659999999999737
45.200000000000315,16.679999999999737
45.200000000000315,16.699999999999736
45.200000000000315,16.719999999999736
45.200000000000315,16.739999999999736
45.22000000000032,12.979999999999816
45.22000000000032,12.999999999999815
45.22000000000032,13.019999999999815
45.22000000000032,13.039999999999814
45.22000000000032,13.059999999999814
45.22000000000032,13.079999999999814
45.22000000000032,13.099999999999813
45.22000000000032,13.119999999999813
45.22000000000032,13.139999999999812
45.22000000000032,13.159999999999812
45.22000000000032,13.179999999999811
45.22000000000032,13.199999999999811
45.22000000000032,13.21999999999981
45.22000000000032,13.23999999999981
45.22000000000032,13.25999999999981
45.22000000000032,13.27999999999981
45.22000000000032,13.299999999999809
45.22000000000032,13.319999999999808
45.22000000000032,13.339999999999808
45.22000000000032,13.359999999999808
45.22000000000032,13.379999999999807
45.22000000000032,13.399999999999807
45.22000000000032,13.419999999999806
45.22000000000032,13.439999999999806
45.22000000000032,13.459999999999805
45.22000000000032,13.479999999999805
45.22000000000032,13.499999999999805
45.22000000000032,13.519999999999804
45.22000000000032,13.539999999999804
45.22000000000032,13.559999999999803
45.22000000000032,13.579999999999803
45.22000000000032,13.599999999999802
45.22000000000032,13.619999999999802
45.22000000000032,13.639999999999802
45.22000000000032,13.659999999999801
45.22000000000032,13.6799999999998
45.22000000000032,13.6999999999998
45.22000000000032,13.7199999999998
45.22000000000032,13.7399999999998
45.22000000000032,13.759999999999799
45.22000000000032,13.779999999999799
45.22000000000032,13.799999999999798
45.22000000000032,13.819999999999798
45.22000000000032,13.839999999999797
45.22000000000032,13.859999999999797
45.22000000000032,13.879999999999797
45.22000000000032,13.899999999999796
45.22000000000032,13.919999999999796
45.22000000000032,13.939999999999795
45.22000000000032,13.959999999999795
45.22000000000032,13.979999999999794
45.22000000000032,13.999999999999794
45.22000000000032,14.019999999999794
45.22000000000032,14.039999999999793
45.22000000000032,14.059999999999793
45.22000000000032,14.079999999999792
45.22000000000032,14.099999999999792
45.22000000000032,14.119999999999791
45.22000000000032,14.139999999999791
45.22000000000032,14.15999999999979
45.22000000000032,14.17999999999979
45.22000000000032,14.19999999999979
45.22000000000032,14.21999999999979
45.22000000000032,14.239999999999789
45.22000000000032,14.259999999999788
45.22000000000032,14.279999999999788
45.22000000000032,14.299999999999788
45.22000000000032,14.319999999999787
45.22000000000032,14.339999999999787
45.22000000000032,14.359999999999786
45.22000000000032,14.379999999999786
45.22000000000032,14.399999999999785
45.22000000000032,14.419999999999785
45.22000000000032,14.439999999999785
45.22000000000032,14.459999999999784
45.22000000000032,14.479999999999784
45.22000000000032,14.499999999999783
45.22000000000032,14.519999999999783
45.22000000000032,14.539999999999782
45.22000000000032,14.559999999999782
45.22000000000032,14.579999999999782
45.22000000000032,14.599999999999781
45.22000000000032,14.61999999999978
45.22000000000032,14.63999999999978
45.22000000000032,14.65999999999978
45.22000000000032,14.67999999999978
45.22000000000032,14.699999999999779
45.22000000000032,14.719999999999779
45.22000000000032,14.739999999999778
45.22000000000032,14.759999999999778
45.22000000000032,14.779999999999777
45.22000000000032,14.799999999999777
45.22000000000032,14.819999999999776
45.22000000000032,14.839999999999776
45.22000000000032,14.859999999999776
45.22000000000032,14.879999999999775
45.22000000000032,14.899999999999775
45.22000000000032,14.919999999999774
45.22000000000032,14.939999999999774
45.22000000000032,14.959999999999773
45.22000000000032,14.979999999999773
45.22000000000032,14.999999999999773
45.22000000000032,15.019999999999772
45.22000000000032,15.039999999999772
45.22000000000032,15.059999999999771
45.22000000000032,15.079999999999771
45.22000000000032,15.09999999999977
45.22000000000032,15.11999999999977
45.22000000000032,15.13999999999977
45.22000000000032,15.15999999999977
45.22000000000032,15.179999999999769
45.22000000000032,15.199999999999768
45.22000000000032,15.219999999999768
45.22000000000032,15.239999999999768
45.22000000000032,15.259999999999767
45.22000000000032,15.279999999999767
45.22000000000032,15.299999999999766
45.22000000000032,15.319999999999766
45.22000000000032,15.339999999999765
45.22000000000032,15.359999999999765
45.22000000000032,15.379999999999765
45.22000000000032,15.399999999999764
45.22000000000032,15.419999999999764
45.22000000000032,15.439999999999763
45.22000000000032,15.459999999999763
45.22000000000032,15.479999999999762
45.22000000000032,15.499999999999762
45.22000000000032,15.519999999999762
45.22000000000032,15.539999999999761
45.22000000000032,15.55999999999976
45.22000000000032,15.57999999999976
45.22000000000032,15.59999999999976
45.22000000000032,15.61999999999976
45.22000000000032,15.639999999999759
45.22000000000032,15.659999999999759
45.22000000000032,15.679999999999758
45.22000000000032,15.699999999999758
45.22000000000032,15.719999999999757
45.22000000000032,15.739999999999757
45.22000000000032,15.759999999999756
45.22000000000032,15.779999999999756
45.22000000000032,15.799999999999756
45.22000000000032,15.819999999999755
45.22000000000032,15.839999999999755
45.22000000000032,15.859999999999754
45.22000000000032,15.879999999999754
45.22000000000032,15.899999999999753
45.22000000000032,15.919999999999753
45.22000000000032,15.939999999999753
45.22000000000032,15.959999999999752
45.22000000000032,15.979999999999752
45.22000000000032,15.999999999999751
45.22000000000032,16.01999999999975
45.22000000000032,16.03999999999975
45.22000000000032,16.05999999999975
45.22000000000032,16.07999999999975
45.22000000000032,16.09999999999975
45.22000000000032,16.11999999999975
45.22000000000032,16.13999999999975
45.22000000000032,16.159999999999748
45.22000000000032,16.179999999999747
45.22000000000032,16.199999999999747
45.22000000000032,16.219999999999747
45.22000000000032,16.239999999999746
45.22000000000032,16.259999999999746
45.22000000000032,16.279999999999745
45.22000000000032,16.299999999999745
45.22000000000032,16.319999999999744
45.22000000000032,16.339999999999744
45.22000000000032,16.359999999999744
45.22000000000032,16.379999999999743
45.22000000000032,16.399999999999743
45.22000000000032,16.419999999999742
45.22000000000032,16.439999999999742
45.22000000000032,16.45999999999974
45.22000000000032,16.47999999999974
45.22000000000032,16.49999999999974
45.22000000000032,16.51999999999974
45.22000000000032,16.53999999999974
45.22000000000032,16.55999999999974
45.22000000000032,16.57999999999974
45.22000000000032,16.59999999999974
45.22000000000032,16.619999999999738
45.22000000000032,16.639999999999738
45.22000000000032,16.659999999999737
45.22000000000032,16.679999999999737
45.22000000000032,16.699999999999736
45.22000000000032,16.719999999999736
45.22000000000032,16.739999999999736
45.24000000000032,12.979999999999816
45.24000000000032,12.999999999999815
45.24000000000032,13.019999999999815
45.24000000000032,13.039999999999814
45.24000000000032,13.059999999999814
45.24000000000032,13.079999999999814
45.24000000000032,13.099999999999813
45.24000000000032,13.119999999999813
45.24000000000032,13.139999999999812
45.24000000000032,13.159999999999812
45.24000000000032,13.179999999999811
45.24000000000032,13.199999999999811
45.24000000000032,13.21999999999981
45.24000000000032,13.23999999999981
45.24000000000032,13.25999999999981
45.24000000000032,13.27999999999981
45.24000000000032,13.299999999999809
45.24000000000032,13.319999999999808
45.24000000000032,13.339999999999808
45.24000000000032,13.359999999999808
45.24000000000032,13.379999999999807
45.24000000000032,13.399999999999807
45.24000000000032,13.419999999999806
45.24000000000032,13.439999999999806
45.24000000000032,13.459999999999805
45.24000000000032,13.479999999999805
45.24000000000032,13.499999999999805
45.24000000000032,13.519999999999804
45.24000000000032,13.539999999999804
45.24000000000032,13.559999999999803
45.24000000000032,13.579999999999803
45.24000000000032,13.599999999999802
45.24000000000032,13.619999999999802
45.24000000000032,13.639999999999802
45.24000000000032,13.659999999999801
45.24000000000032,13.6799999999998
45.24000000000032,13.6999999999998
45.24000000000032,13.7199999999998
45.24000000000032,13.7399999999998
45.24000000000032,13.759999999999799
45.24000000000032,13.779999999999799
45.24000000000032,13.799999999999798
45.24000000000032,13.819999999999798
45.24000000000032,13.839999999999797
45.24000000000032,13.859999999999797
45.24000000000032,13.879999999999797
45.24000000000032,13.899999999999796
45.24000000000032,13.919999999999796
45.24000000000032,13.939999999999795
45.24000000000032,13.959999999999795
45.24000000000032,13.979999999999794
45.24000000000032,13.999999999999794
45.24000000000032,14.019999999999794
45.24000000000032,14.039999999999793
45.24000000000032,14.059999999999793
45.24000000000032,14.079999999999792
45.24000000000032,14.099999999999792
45.24000000000032,14.119999999999791
45.24000000000032,14.139999999999791
45.24000000000032,14.15999999999979
45.24000000000032,14.17999999999979
45.24000000000032,14.19999999999979
45.24000000000032,14.21999999999979
45.24000000000032,14.239999999999789
45.24000000000032,14.259999999999788
45.24000000000032,14.279999999999788
45.24000000000032,14.299999999999788
45.24000000000032,14.319999999999787
45.24000000000032,14.339999999999787
45.24000000000032,14.359999999999786
45.24000000000032,14.379999999999786
45.24000000000032,14.399999999999785
45.24000000000032,14.419999999999785
45.24000000000032,14.439999999999785
45.24000000000032,14.459999999999784
45.24000000000032,14.479999999999784
45.24000000000032,14.499999999999783
45.24000000000032,14.519999999999783
45.24000000000032,14.539999999999782
45.24000000000032,14.559999999999782
45.24000000000032,14.579999999999782
45.24000000000032,14.599999999999781
45.24000000000032,14.61999999999978
45.24000000000032,14.63999999999978
45.24000000000032,14.65999999999978
45.24000000000032,14.67999999999978
45.24000000000032,14.699999999999779
45.24000000000032,14.719999999999779
45.24000000000032,14.739999999999778
45.24000000000032,14.759999999999778
45.24000000000032,14.779999999999777
45.24000000000032,14.799999999999777
45.24000000000032,14.819999999999776
45.24000000000032,14.839999999999776
45.24000000000032,14.859999999999776
45.24000000000032,14.879999999999775
45.24000000000032,14.899999999999775
45.24000000000032,14.919999999999774
45.24000000000032,14.939999999999774
45.24000000000032,14.959999999999773
45.24000000000032,14.979999999999773
45.24000000000032,14.999999999999773
45.24000000000032,15.019999999999772
45.24000000000032,15.039999999999772
45.24000000000032,15.059999999999771
45.24000000000032,15.079999999999771
45.24000000000032,15.09999999999977
45.24000000000032,15.11999999999977
45.24000000000032,15.13999999999977
45.24000000000032,15.15999999999977
45.24000000000032,15.179999999999769
45.24000000000032,15.199999999999768
45.24000000000032,15.219999999999768
45.24000000000032,15.239999999999768
45.24000000000032,15.259999999999767
45.24000000000032,15.279999999999767
45.24000000000032,15.299999999999766
45.24000000000032,15.319999999999766
45.24000000000032,15.339999999999765
45.24000000000032,15.359999999999765
45.24000000000032,15.379999999999765
45.24000000000032,15.399999999999764
45.24000000000032,15.419999999999764
45.24000000000032,15.439999999999763
45.24000000000032,15.459999999999763
45.24000000000032,15.479999999999762
45.24000000000032,15.499999999999762
45.24000000000032,15.519999999999762
45.24000000000032,15.539999999999761
45.24000000000032,15.55999999999976
45.24000000000032,15.57999999999976
45.24000000000032,15.59999999999976
45.24000000000032,15.61999999999976
45.24000000000032,15.639999999999759
45.24000000000032,15.659999999999759
45.24000000000032,15.679999999999758
45.24000000000032,15.699999999999758
45.24000000000032,15.719999999999757
45.24000000000032,15.739999999999757
45.24000000000032,15.759999999999756
45.24000000000032,15.779999999999756
45.24000000000032,15.799999999999756
45.24000000000032,15.819999999999755
45.24000000000032,15.839999999999755
45.24000000000032,15.859999999999754
45.24000000000032,15.879999999999754
45.24000000000032,15.899999999999753
45.24000000000032,15.919999999999753
45.24000000000032,15.939999999999753
45.24000000000032,15.959999999999752
45.24000000000032,15.979999999999752
45.24000000000032,15.999999999999751
45.24000000000032,16.01999999999975
45.24000000000032,16.03999999999975
45.24000000000032,16.05999999999975
45.24000000000032,16.07999999999975
45.24000000000032,16.09999999999975
45.24000000000032,16.11999999999975
45.24000000000032,16.13999999999975
45.24000000000032,16.159999999999748
45.24000000000032,16.179999999999747
45.24000000000032,16.199999999999747
45.24000000000032,16.219999999999747
45.24000000000032,16.239999999999746
45.24000000000032,16.259999999999746
45.24000000000032,16.279999999999745
45.24000000000032,16.299999999999745
45.24000000000032,16.319999999999744
45.24000000000032,16.339999999999744
45.24000000000032,16.359999999999744
45.24000000000032,16.379999999999743
45.24000000000032,16.399999999999743
45.24000000000032,16.419999999999742
45.24000000000032,16.439999999999742
45.24000000000032,16.45999999999974
45.24000000000032,16.47999999999974
45.24000000000032,16.49999999999974
45.24000000000032,16.51999999999974
45.24000000000032,16.53999999999974
45.24000000000032,16.55999999999974
45.24000000000032,16.57999999999974
45.24000000000032,16.59999999999974
45.24000000000032,16.619999999999738
45.24000000000032,16.639999999999738
45.24000000000032,16.659999999999737
45.24000000000032,16.679999999999737
45.24000000000032,16.699999999999736
45.24000000000032,16.719999999999736
45.24000000000032,16.739999999999736
45.260000000000325,12.979999999999816
45.260000000000325,12.999999999999815
45.260000000000325,13.019999999999815
45.260000000000325,13.039999999999814
45.260000000000325,13.059999999999814
45.260000000000325,13.079999999999814
45.260000000000325,13.099999999999813
45.260000000000325,13.119999999999813
45.260000000000325,13.139999999999812
45.260000000000325,13.159999999999812
45.260000000000325,13.179999999999811
45.260000000000325,13.199999999999811
45.260000000000325,13.21999999999981
45.260000000000325,13.23999999999981
45.260000000000325,13.25999999999981
45.260000000000325,13.27999999999981
45.260000000000325,13.299999999999809
45.260000000000325,13.319999999999808
45.260000000000325,13.339999999999808
45.260000000000325,13.359999999999808
45.260000000000325,13.379999999999807
45.260000000000325,13.399999999999807
45.260000000000325,13.419999999999806
45.260000000000325,13.439999999999806
45.260000000000325,13.459999999999805
45.260000000000325,13.479999999999805
45.260000000000325,13.499999999999805
45.260000000000325,13.519999999999804
45.260000000000325,13.539999999999804
45.260000000000325,13.559999999999803
45.260000000000325,13.579999999999803
45.260000000000325,13.599999999999802
45.260000000000325,13.619999999999802
45.260000000000325,13.639999999999802
45.260000000000325,13.659999999999801
45.260000000000325,13.6799999999998
45.260000000000325,13.6999999999998
45.260000000000325,13.7199999999998
45.260000000000325,13.7399999999998
45.260000000000325,13.759999999999799
45.260000000000325,13.779999999999799
45.260000000000325,13.799999999999798
45.260000000000325,13.819999999999798
45.260000000000325,13.839999999999797
45.260000000000325,13.859999999999797
45.260000000000325,13.879999999999797
45.260000000000325,13.899999999999796
45.260000000000325,13.919999999999796
45.260000000000325,13.939999999999795
45.260000000000325,13.959999999999795
45.260000000000325,13.979999999999794
45.260000000000325,13.999999999999794
45.260000000000325,14.019999999999794
45.260000000000325,14.039999999999793
45.260000000000325,14.059999999999793
45.260000000000325,14.079999999999792
45.260000000000325,14.099999999999792
45.260000000000325,14.119999999999791
45.260000000000325,14.139999999999791
45.260000000000325,14.15999999999979
45.260000000000325,14.17999999999979
45.260000000000325,14.19999999999979
45.260000000000325,14.21999999999979
45.260000000000325,14.239999999999789
45.260000000000325,14.259999999999788
45.260000000000325,14.279999999999788
45.260000000000325,14.299999999999788
45.260000000000325,14.319999999999787
45.260000000000325,14.339999999999787
45.260000000000325,14.359999999999786
45.260000000000325,14.379999999999786
45.260000000000325,14.399999999999785
45.260000000000325,14.419999999999785
45.260000000000325,14.439999999999785
45.260000000000325,14.459999999999784
45.260000000000325,14.479999999999784
45.260000000000325,14.499999999999783
45.260000000000325,14.519999999999783
45.260000000000325,14.539999999999782
45.260000000000325,14.559999999999782
45.260000000000325,14.579999999999782
45.260000000000325,14.599999999999781
45.260000000000325,14.61999999999978
45.260000000000325,14.63999999999978
45.260000000000325,14.65999999999978
45.260000000000325,14.67999999999978
45.260000000000325,14.699999999999779
45.260000000000325,14.719999999999779
45.260000000000325,14.739999999999778
45.260000000000325,14.759999999999778
45.260000000000325,14.779999999999777
45.260000000000325,14.799999999999777
45.260000000000325,14.819999999999776
45.260000000000325,14.839999999999776
45.260000000000325,14.859999999999776
45.260000000000325,14.879999999999775
45.260000000000325,14.899999999999775
45.260000000000325,14.919999999999774
45.260000000000325,14.939999999999774
45.260000000000325,14.959999999999773
45.260000000000325,14.979999999999773
45.260000000000325,14.999999999999773
45.260000000000325,15.019999999999772
45.260000000000325,15.039999999999772
45.260000000000325,15.059999999999771
45.260000000000325,15.079999999999771
45.260000000000325,15.09999999999977
45.260000000000325,15.11999999999977
45.260000000000325,15.13999999999977
45.260000000000325,15.15999999999977
45.260000000000325,15.179999999999769
45.260000000000325,15.199999999999768
45.260000000000325,15.219999999999768
45.260000000000325,15.239999999999768
45.260000000000325,15.259999999999767
45.260000000000325,15.279999999999767
45.260000000000325,15.299999999999766
45.260000000000325,15.319999999999766
45.260000000000325,15.339999999999765
45.260000000000325,15.359999999999765
45.260000000000325,15.379999999999765
45.260000000000325,15.399999999999764
45.260000000000325,15.419999999999764
45.260000000000325,15.439999999999763
45.260000000000325,15.459999999999763
45.260000000000325,15.479999999999762
45.260000000000325,15.499999999999762
45.260000000000325,15.519999999999762
45.260000000000325,15.539999999999761
45.260000000000325,15.55999999999976
45.260000000000325,15.57999999999976
45.260000000000325,15.59999999999976
45.260000000000325,15.61999999999976
45.260000000000325,15.639999999999759
45.260000000000325,15.659999999999759
45.260000000000325,15.679999999999758
45.260000000000325,15.699999999999758
45.260000000000325,15.719999999999757
45.260000000000325,15.739999999999757
45.260000000000325,15.759999999999756
45.260000000000325,15.779999999999756
45.260000000000325,15.799999999999756
45.260000000000325,15.819999999999755
45.260000000000325,15.839999999999755
45.260000000000325,15.859999999999754
45.260000000000325,15.879999999999754
45.260000000000325,15.899999999999753
45.260000000000325,15.919999999999753
45.260000000000325,15.939999999999753
45.260000000000325,15.959999999999752
45.260000000000325,15.979999999999752
45.260000000000325,15.999999999999751
45.260000000000325,16.01999999999975
45.260000000000325,16.03999999999975
45.260000000000325,16.05999999999975
45.260000000000325,16.07999999999975
45.260000000000325,16.09999999999975
45.260000000000325,16.11999999999975
45.260000000000325,16.13999999999975
45.260000000000325,16.159999999999748
45.260000000000325,16.179999999999747
45.260000000000325,16.199999999999747
45.260000000000325,16.219999999999747
45.260000000000325,16.239999999999746
45.260000000000325,16.259999999999746
45.260000000000325,16.279999999999745
45.260000000000325,16.299999999999745
45.260000000000325,16.319999999999744
45.260000000000325,16.339999999999744
45.260000000000325,16.359999999999744
45.260000000000325,16.379999999999743
45.260000000000325,16.399999999999743
45.260000000000325,16.419999999999742
45.260000000000325,16.439999999999742
45.260000000000325,16.45999999999974
45.260000000000325,16.47999999999974
45.260000000000325,16.49999999999974
45.260000000000325,16.51999999999974
45.260000000000325,16.53999999999974
45.260000000000325,16.55999999999974
45.260000000000325,16.57999999999974
45.260000000000325,16.59999999999974
45.260000000000325,16.619999999999738
45.260000000000325,16.639999999999738
45.260000000000325,16.659999999999737
45.260000000000325,16.679999999999737
45.260000000000325,16.699999999999736
45.260000000000325,16.719999999999736
45.260000000000325,16.739999999999736
45.28000000000033,12.979999999999816
45.28000000000033,12.999999999999815
45.28000000000033,13.019999999999815
45.28000000000033,13.039999999999814
45.28000000000033,13.059999999999814
45.28000000000033,13.079999999999814
45.28000000000033,13.099999999999813
45.28000000000033,13.119999999999813
45.28000000000033,13.139999999999812
45.28000000000033,13.159999999999812
45.28000000000033,13.179999999999811
45.28000000000033,13.199999999999811
45.28000000000033,13.21999999999981
45.28000000000033,13.23999999999981
45.28000000000033,13.25999999999981
45.28000000000033,13.27999999999981
45.28000000000033,13.299999999999809
45.28000000000033,13.319999999999808
45.28000000000033,13.339999999999808
45.28000000000033,13.359999999999808
45.28000000000033,13.379999999999807
45.28000000000033,13.399999999999807
45.28000000000033,13.419999999999806
45.28000000000033,13.439999999999806
45.28000000000033,13.459999999999805
45.28000000000033,13.479999999999805
45.28000000000033,13.499999999999805
45.28000000000033,13.519999999999804
45.28000000000033,13.539999999999804
45.28000000000033,13.559999999999803
45.28000000000033,13.579999999999803
45.28000000000033,13.599999999999802
45.28000000000033,13.619999999999802
45.28000000000033,13.639999999999802
45.28000000000033,13.659999999999801
45.28000000000033,13.6799999999998
45.28000000000033,13.6999999999998
45.28000000000033,13.7199999999998
45.28000000000033,13.7399999999998
45.28000000000033,13.759999999999799
45.28000000000033,13.779999999999799
45.28000000000033,13.799999999999798
45.28000000000033,13.819999999999798
45.28000000000033,13.839999999999797
45.28000000000033,13.859999999999797
45.28000000000033,13.879999999999797
45.28000000000033,13.899999999999796
45.28000000000033,13.919999999999796
45.28000000000033,13.939999999999795
45.28000000000033,13.959999999999795
45.28000000000033,13.979999999999794
45.28000000000033,13.999999999999794
45.28000000000033,14.019999999999794
45.28000000000033,14.039999999999793
45.28000000000033,14.059999999999793
45.28000000000033,14.079999999999792
45.28000000000033,14.099999999999792
45.28000000000033,14.119999999999791
45.28000000000033,14.139999999999791
45.28000000000033,14.15999999999979
45.28000000000033,14.17999999999979
45.28000000000033,14.19999999999979
45.28000000000033,14.21999999999979
45.28000000000033,14.239999999999789
45.28000000000033,14.259999999999788
45.28000000000033,14.279999999999788
45.28000000000033,14.299999999999788
45.28000000000033,14.319999999999787
45.28000000000033,14.339999999999787
45.28000000000033,14.359999999999786
45.28000000000033,14.379999999999786
45.28000000000033,14.399999999999785
45.28000000000033,14.419999999999785
45.28000000000033,14.439999999999785
45.28000000000033,14.459999999999784
45.28000000000033,14.479999999999784
45.28000000000033,14.499999999999783
45.28000000000033,14.519999999999783
45.28000000000033,14.539999999999782
45.28000000000033,14.559999999999782
45.28000000000033,14.579999999999782
45.28000000000033,14.599999999999781
45.28000000000033,14.61999999999978
45.28000000000033,14.63999999999978
45.28000000000033,14.65999999999978
45.28000000000033,14.67999999999978
45.28000000000033,14.699999999999779
45.28000000000033,14.719999999999779
45.28000000000033,14.739999999999778
45.28000000000033,14.759999999999778
45.28000000000033,14.779999999999777
45.28000000000033,14.799999999999777
45.28000000000033,14.819999999999776
45.28000000000033,14.839999999999776
45.28000000000033,14.859999999999776
45.28000000000033,14.879999999999775
45.28000000000033,14.899999999999775
45.28000000000033,14.919999999999774
45.28000000000033,14.939999999999774
45.28000000000033,14.959999999999773
45.28000000000033,14.979999999999773
45.28000000000033,14.999999999999773
45.28000000000033,15.019999999999772
45.28000000000033,15.039999999999772
45.28000000000033,15.059999999999771
45.28000000000033,15.079999999999771
45.28000000000033,15.09999999999977
45.28000000000033,15.11999999999977
45.28000000000033,15.13999999999977
45.28000000000033,15.15999999999977
45.28000000000033,15.179999999999769
45.28000000000033,15.199999999999768
45.28000000000033,15.219999999999768
45.28000000000033,15.239999999999768
45.28000000000033,15.259999999999767
45.28000000000033,15.279999999999767
45.28000000000033,15.299999999999766
45.28000000000033,15.319999999999766
45.28000000000033,15.339999999999765
45.28000000000033,15.359999999999765
45.28000000000033,15.379999999999765
45.28000000000033,15.399999999999764
45.28000000000033,15.419999999999764
45.28000000000033,15.439999999999763
45.28000000000033,15.459999999999763
45.28000000000033,15.479999999999762
45.28000000000033,15.499999999999762
45.28000000000033,15.519999999999762
45.28000000000033,15.539999999999761
45.28000000000033,15.55999999999976
45.28000000000033,15.57999999999976
45.28000000000033,15.59999999999976
45.28000000000033,15.61999999999976
45.28000000000033,15.639999999999759
45.28000000000033,15.659999999999759
45.28000000000033,15.679999999999758
45.28000000000033,15.699999999999758
45.28000000000033,15.719999999999757
45.28000000000033,15.739999999999757
45.28000000000033,15.759999999999756
45.28000000000033,15.779999999999756
45.28000000000033,15.799999999999756
45.28000000000033,15.819999999999755
45.28000000000033,15.839999999999755
45.28000000000033,15.859999999999754
45.28000000000033,15.879999999999754
45.28000000000033,15.899999999999753
45.28000000000033,15.919999999999753
45.28000000000033,15.939999999999753
45.28000000000033,15.959999999999752
45.28000000000033,15.979999999999752
45.28000000000033,15.999999999999751
45.28000000000033,16.01999999999975
45.28000000000033,16.03999999999975
45.28000000000033,16.05999999999975
45.28000000000033,16.07999999999975
45.28000000000033,16.09999999999975
45.28000000000033,16.11999999999975
45.28000000000033,16.13999999999975
45.28000000000033,16.159999999999748
45.28000000000033,16.179999999999747
45.28000000000033,16.199999999999747
45.28000000000033,16.219999999999747
45.28000000000033,16.239999999999746
45.28000000000033,16.259999999999746
45.28000000000033,16.279999999999745
45.28000000000033,16.299999999999745
45.28000000000033,16.319999999999744
45.28000000000033,16.339999999999744
45.28000000000033,16.359999999999744
45.28000000000033,16.379999999999743
45.28000000000033,16.399999999999743
45.28000000000033,16.419999999999742
45.28000000000033,16.439999999999742
45.28000000000033,16.45999999999974
45.28000000000033,16.47999999999974
45.28000000000033,16.49999999999974
45.28000000000033,16.51999999999974
45.28000000000033,16.53999999999974
45.28000000000033,16.55999999999974
45.28000000000033,16.57999999999974
45.28000000000033,16.59999999999974
45.28000000000033,16.619999999999738
45.28000000000033,16.639999999999738
45.28000000000033,16.659999999999737
45.28000000000033,16.679999999999737
45.28000000000033,16.699999999999736
45.28000000000033,16.719999999999736
45.28000000000033,16.739999999999736
45.30000000000033,12.979999999999816
45.30000000000033,12.999999999999815
45.30000000000033,13.019999999999815
45.30000000000033,13.039999999999814
45.30000000000033,13.059999999999814
45.30000000000033,13.079999999999814
45.30000000000033,13.099999999999813
45.30000000000033,13.119999999999813
45.30000000000033,13.139999999999812
45.30000000000033,13.159999999999812
45.30000000000033,13.179999999999811
45.30000000000033,13.199999999999811
45.30000000000033,13.21999999999981
45.30000000000033,13.23999999999981
45.30000000000033,13.25999999999981
45.30000000000033,13.27999999999981
45.30000000000033,13.299999999999809
45.30000000000033,13.319999999999808
45.30000000000033,13.339999999999808
45.30000000000033,13.359999999999808
45.30000000000033,13.379999999999807
45.30000000000033,13.399999999999807
45.30000000000033,13.419999999999806
45.30000000000033,13.439999999999806
45.30000000000033,13.459999999999805
45.30000000000033,13.479999999999805
45.30000000000033,13.499999999999805
45.30000000000033,13.519999999999804
45.30000000000033,13.539999999999804
45.30000000000033,13.559999999999803
45.30000000000033,13.579999999999803
45.30000000000033,13.599999999999802
45.30000000000033,13.619999999999802
45.30000000000033,13.639999999999802
45.30000000000033,13.659999999999801
45.30000000000033,13.6799999999998
45.30000000000033,13.6999999999998
45.30000000000033,13.7199999999998
45.30000000000033,13.7399999999998
45.30000000000033,13.759999999999799
45.30000000000033,13.779999999999799
45.30000000000033,13.799999999999798
45.30000000000033,13.819999999999798
45.30000000000033,13.839999999999797
45.30000000000033,13.859999999999797
45.30000000000033,13.879999999999797
45.30000000000033,13.899999999999796
45.30000000000033,13.919999999999796
45.30000000000033,13.939999999999795
45.30000000000033,13.959999999999795
45.30000000000033,13.979999999999794
45.30000000000033,13.999999999999794
45.30000000000033,14.019999999999794
45.30000000000033,14.039999999999793
45.30000000000033,14.059999999999793
45.30000000000033,14.079999999999792
45.30000000000033,14.099999999999792
45.30000000000033,14.119999999999791
45.30000000000033,14.139999999999791
45.30000000000033,14.15999999999979
45.30000000000033,14.17999999999979
45.30000000000033,14.19999999999979
45.30000000000033,14.21999999999979
45.30000000000033,14.239999999999789
45.30000000000033,14.259999999999788
45.30000000000033,14.279999999999788
45.30000000000033,14.299999999999788
45.30000000000033,14.319999999999787
45.30000000000033,14.339999999999787
45.30000000000033,14.359999999999786
45.30000000000033,14.379999999999786
45.30000000000033,14.399999999999785
45.30000000000033,14.419999999999785
45.30000000000033,14.439999999999785
45.30000000000033,14.459999999999784
45.30000000000033,14.479999999999784
45.30000000000033,14.499999999999783
45.30000000000033,14.519999999999783
45.30000000000033,14.539999999999782
45.30000000000033,14.559999999999782
45.30000000000033,14.579999999999782
45.30000000000033,14.599999999999781
45.30000000000033,14.61999999999978
45.30000000000033,14.63999999999978
45.30000000000033,14.65999999999978
45.30000000000033,14.67999999999978
45.30000000000033,14.699999999999779
45.30000000000033,14.719999999999779
45.30000000000033,14.739999999999778
45.30000000000033,14.759999999999778
45.30000000000033,14.779999999999777
45.30000000000033,14.799999999999777
45.30000000000033,14.819999999999776
45.30000000000033,14.839999999999776
45.30000000000033,14.859999999999776
45.30000000000033,14.879999999999775
45.30000000000033,14.899999999999775
45.30000000000033,14.919999999999774
45.30000000000033,14.939999999999774
45.30000000000033,14.959999999999773
45.30000000000033,14.979999999999773
45.30000000000033,14.999999999999773
45.30000000000033,15.019999999999772
45.30000000000033,15.039999999999772
45.30000000000033,15.059999999999771
45.30000000000033,15.079999999999771
45.30000000000033,15.09999999999977
45.30000000000033,15.11999999999977
45.30000000000033,15.13999999999977
45.30000000000033,15.15999999999977
45.30000000000033,15.179999999999769
45.30000000000033,15.199999999999768
45.30000000000033,15.219999999999768
45.30000000000033,15.239999999999768
45.30000000000033,15.259999999999767
45.30000000000033,15.279999999999767
45.30000000000033,15.299999999999766
45.30000000000033,15.319999999999766
45.30000000000033,15.339999999999765
45.30000000000033,15.359999999999765
45.30000000000033,15.379999999999765
45.30000000000033,15.399999999999764
45.30000000000033,15.419999999999764
45.30000000000033,15.439999999999763
45.30000000000033,15.459999999999763
45.30000000000033,15.479999999999762
45.30000000000033,15.499999999999762
45.30000000000033,15.519999999999762
45.30000000000033,15.539999999999761
45.30000000000033,15.55999999999976
45.30000000000033,15.57999999999976
45.30000000000033,15.59999999999976
45.30000000000033,15.61999999999976
45.30000000000033,15.639999999999759
45.30000000000033,15.659999999999759
45.30000000000033,15.679999999999758
45.30000000000033,15.699999999999758
45.30000000000033,15.719999999999757
45.30000000000033,15.739999999999757
45.30000000000033,15.759999999999756
45.30000000000033,15.779999999999756
45.30000000000033,15.799999999999756
45.30000000000033,15.819999999999755
45.30000000000033,15.839999999999755
45.30000000000033,15.859999999999754
45.30000000000033,15.879999999999754
45.30000000000033,15.899999999999753
45.30000000000033,15.919999999999753
45.30000000000033,15.939999999999753
45.30000000000033,15.959999999999752
45.30000000000033,15.979999999999752
45.30000000000033,15.999999999999751
45.30000000000033,16.01999999999975
45.30000000000033,16.03999999999975
45.30000000000033,16.05999999999975
45.30000000000033,16.07999999999975
45.30000000000033,16.09999999999975
45.30000000000033,16.11999999999975
45.30000000000033,16.13999999999975
45.30000000000033,16.159999999999748
45.30000000000033,16.179999999999747
45.30000000000033,16.199999999999747
45.30000000000033,16.219999999999747
45.30000000000033,16.239999999999746
45.30000000000033,16.259999999999746
45.30000000000033,16.279999999999745
45.30000000000033,16.299999999999745
45.30000000000033,16.319999999999744
45.30000000000033,16.339999999999744
45.30000000000033,16.359999999999744
45.30000000000033,16.379999999999743
45.30000000000033,16.399999999999743
45.30000000000033,16.419999999999742
45.30000000000033,16.439999999999742
45.30000000000033,16.45999999999974
45.30000000000033,16.47999999999974
45.30000000000033,16.49999999999974
45.30000000000033,16.51999999999974
45.30000000000033,16.53999999999974
45.30000000000033,16.55999999999974
45.30000000000033,16.57999999999974
45.30000000000033,16.59999999999974
45.30000000000033,16.619999999999738
45.30000000000033,16.639999999999738
45.30000000000033,16.659999999999737
45.30000000000033,16.679999999999737
45.30000000000033,16.699999999999736
45.30000000000033,16.719999999999736
45.30000000000033,16.739999999999736
45.320000000000334,12.979999999999816
45.320000000000334,12.999999999999815
45.320000000000334,13.019999999999815
45.320000000000334,13.039999999999814
45.320000000000334,13.059999999999814
45.320000000000334,13.079999999999814
45.320000000000334,13.099999999999813
45.320000000000334,13.119999999999813
45.320000000000334,13.139999999999812
45.320000000000334,13.159999999999812
45.320000000000334,13.179999999999811
45.320000000000334,13.199999999999811
45.320000000000334,13.21999999999981
45.320000000000334,13.23999999999981
45.320000000000334,13.25999999999981
45.320000000000334,13.27999999999981
45.320000000000334,13.299999999999809
45.320000000000334,13.319999999999808
45.320000000000334,13.339999999999808
45.320000000000334,13.359999999999808
45.320000000000334,13.379999999999807
45.320000000000334,13.399999999999807
45.320000000000334,13.419999999999806
45.320000000000334,13.439999999999806
45.320000000000334,13.459999999999805
45.320000000000334,13.479999999999805
45.320000000000334,13.499999999999805
45.320000000000334,13.519999999999804
45.320000000000334,13.539999999999804
45.320000000000334,13.559999999999803
45.320000000000334,13.579999999999803
45.320000000000334,13.599999999999802
45.320000000000334,13.619999999999802
45.320000000000334,13.639999999999802
45.320000000000334,13.659999999999801
45.320000000000334,13.6799999999998
45.320000000000334,13.6999999999998
45.320000000000334,13.7199999999998
45.320000000000334,13.7399999999998
45.320000000000334,13.759999999999799
45.320000000000334,13.779999999999799
45.320000000000334,13.799999999999798
45.320000000000334,13.819999999999798
45.320000000000334,13.839999999999797
45.320000000000334,13.859999999999797
45.320000000000334,13.879999999999797
45.320000000000334,13.899999999999796
45.320000000000334,13.919999999999796
45.320000000000334,13.939999999999795
45.320000000000334,13.959999999999795
45.320000000000334,13.979999999999794
45.320000000000334,13.999999999999794
45.320000000000334,14.019999999999794
45.320000000000334,14.039999999999793
45.320000000000334,14.059999999999793
45.320000000000334,14.079999999999792
45.320000000000334,14.099999999999792
45.320000000000334,14.119999999999791
45.320000000000334,14.139999999999791
45.320000000000334,14.15999999999979
45.320000000000334,14.17999999999979
45.320000000000334,14.19999999999979
45.320000000000334,14.21999999999979
45.320000000000334,14.239999999999789
45.320000000000334,14.259999999999788
45.320000000000334,14.279999999999788
45.320000000000334,14.299999999999788
45.320000000000334,14.319999999999787
45.320000000000334,14.339999999999787
45.320000000000334,14.359999999999786
45.320000000000334,14.379999999999786
45.320000000000334,14.399999999999785
45.320000000000334,14.419999999999785
45.320000000000334,14.439999999999785
45.320000000000334,14.459999999999784
45.320000000000334,14.479999999999784
45.320000000000334,14.499999999999783
45.320000000000334,14.519999999999783
45.320000000000334,14.539999999999782
45.320000000000334,14.559999999999782
45.320000000000334,14.579999999999782
45.320000000000334,14.599999999999781
45.320000000000334,14.61999999999978
45.320000000000334,14.63999999999978
45.320000000000334,14.65999999999978
45.320000000000334,14.67999999999978
45.320000000000334,14.699999999999779
45.320000000000334,14.719999999999779
45.320000000000334,14.739999999999778
45.320000000000334,14.759999999999778
45.320000000000334,14.779999999999777
45.320000000000334,14.799999999999777
45.320000000000334,14.819999999999776
45.320000000000334,14.839999999999776
45.320000000000334,14.859999999999776
45.320000000000334,14.879999999999775
45.320000000000334,14.899999999999775
45.320000000000334,14.919999999999774
45.320000000000334,14.939999999999774
45.320000000000334,14.959999999999773
45.320000000000334,14.979999999999773
45.320000000000334,14.999999999999773
45.320000000000334,15.019999999999772
45.320000000000334,15.039999999999772
45.320000000000334,15.059999999999771
45.320000000000334,15.079999999999771
45.320000000000334,15.09999999999977
45.320000000000334,15.11999999999977
45.320000000000334,15.13999999999977
45.320000000000334,15.15999999999977
45.320000000000334,15.179999999999769
45.320000000000334,15.199999999999768
45.320000000000334,15.219999999999768
45.320000000000334,15.239999999999768
45.320000000000334,15.259999999999767
45.320000000000334,15.279999999999767
45.320000000000334,15.299999999999766
45.320000000000334,15.319999999999766
45.320000000000334,15.339999999999765
45.320000000000334,15.359999999999765
45.320000000000334,15.379999999999765
45.320000000000334,15.399999999999764
45.320000000000334,15.419999999999764
45.320000000000334,15.439999999999763
45.320000000000334,15.459999999999763
45.320000000000334,15.479999999999762
45.320000000000334,15.499999999999762
45.320000000000334,15.519999999999762
45.320000000000334,15.539999999999761
45.320000000000334,15.55999999999976
45.320000000000334,15.57999999999976
45.320000000000334,15.59999999999976
45.320000000000334,15.61999999999976
45.320000000000334,15.639999999999759
45.320000000000334,15.659999999999759
45.320000000000334,15.679999999999758
45.320000000000334,15.699999999999758
45.320000000000334,15.719999999999757
45.320000000000334,15.739999999999757
45.320000000000334,15.759999999999756
45.320000000000334,15.779999999999756
45.320000000000334,15.799999999999756
45.320000000000334,15.819999999999755
45.320000000000334,15.839999999999755
45.320000000000334,15.859999999999754
45.320000000000334,15.879999999999754
45.320000000000334,15.899999999999753
45.320000000000334,15.919999999999753
45.320000000000334,15.939999999999753
45.320000000000334,15.959999999999752
45.320000000000334,15.979999999999752
45.320000000000334,15.999999999999751
45.320000000000334,16.01999999999975
45.320000000000334,16.03999999999975
45.320000000000334,16.05999999999975
45.320000000000334,16.07999999999975
45.320000000000334,16.09999999999975
45.320000000000334,16.11999999999975
45.320000000000334,16.13999999999975
45.320000000000334,16.159999999999748
45.320000000000334,16.179999999999747
45.320000000000334,16.199999999999747
45.320000000000334,16.219999999999747
45.320000000000334,16.239999999999746
45.320000000000334,16.259999999999746
45.320000000000334,16.279999999999745
45.320000000000334,16.299999999999745
45.320000000000334,16.319999999999744
45.320000000000334,16.339999999999744
45.320000000000334,16.359999999999744
45.320000000000334,16.379999999999743
45.320000000000334,16.399999999999743
45.320000000000334,16.419999999999742
45.320000000000334,16.439999999999742
45.320000000000334,16.45999999999974
45.320000000000334,16.47999999999974
45.320000000000334,16.49999999999974
45.320000000000334,16.51999999999974
45.320000000000334,16.53999999999974
45.320000000000334,16.55999999999974
45.320000000000334,16.57999999999974
45.320000000000334,16.59999999999974
45.320000000000334,16.619999999999738
45.320000000000334,16.639999999999738
45.320000000000334,16.659999999999737
45.320000000000334,16.679999999999737
45.320000000000334,16.699999999999736
45.320000000000334,16.719999999999736
45.320000000000334,16.739999999999736
45.34000000000034,12.979999999999816
45.34000000000034,12.999999999999815
45.34000000000034,13.019999999999815
45.34000000000034,13.039999999999814
45.34000000000034,13.059999999999814
45.34000000000034,13.079999999999814
45.34000000000034,13.099999999999813
45.34000000000034,13.119999999999813
45.34000000000034,13.139999999999812
45.34000000000034,13.159999999999812
45.34000000000034,13.179999999999811
45.34000000000034,13.199999999999811
45.34000000000034,13.21999999999981
45.34000000000034,13.23999999999981
45.34000000000034,13.25999999999981
45.34000000000034,13.27999999999981
45.34000000000034,13.299999999999809
45.34000000000034,13.319999999999808
45.34000000000034,13.339999999999808
45.34000000000034,13.359999999999808
45.34000000000034,13.379999999999807
45.34000000000034,13.399999999999807
45.34000000000034,13.419999999999806
45.34000000000034,13.439999999999806
45.34000000000034,13.459999999999805
45.34000000000034,13.479999999999805
45.34000000000034,13.499999999999805
45.34000000000034,13.519999999999804
45.34000000000034,13.539999999999804
45.34000000000034,13.559999999999803
45.34000000000034,13.579999999999803
45.34000000000034,13.599999999999802
45.34000000000034,13.619999999999802
45.34000000000034,13.639999999999802
45.34000000000034,13.659999999999801
45.34000000000034,13.6799999999998
45.34000000000034,13.6999999999998
45.34000000000034,13.7199999999998
45.34000000000034,13.7399999999998
45.34000000000034,13.759999999999799
45.34000000000034,13.779999999999799
45.34000000000034,13.799999999999798
45.34000000000034,13.819999999999798
45.34000000000034,13.839999999999797
45.34000000000034,13.859999999999797
45.34000000000034,13.879999999999797
45.34000000000034,13.899999999999796
45.34000000000034,13.919999999999796
45.34000000000034,13.939999999999795
45.34000000000034,13.959999999999795
45.34000000000034,13.979999999999794
45.34000000000034,13.999999999999794
45.34000000000034,14.019999999999794
45.34000000000034,14.039999999999793
45.34000000000034,14.059999999999793
45.34000000000034,14.079999999999792
45.34000000000034,14.099999999999792
45.34000000000034,14.119999999999791
45.34000000000034,14.139999999999791
45.34000000000034,14.15999999999979
45.34000000000034,14.17999999999979
45.34000000000034,14.19999999999979
45.34000000000034,14.21999999999979
45.34000000000034,14.239999999999789
45.34000000000034,14.259999999999788
45.34000000000034,14.279999999999788
45.34000000000034,14.299999999999788
45.34000000000034,14.319999999999787
45.34000000000034,14.339999999999787
45.34000000000034,14.359999999999786
45.34000000000034,14.379999999999786
45.34000000000034,14.399999999999785
45.34000000000034,14.419999999999785
45.34000000000034,14.439999999999785
45.34000000000034,14.459999999999784
45.34000000000034,14.479999999999784
45.34000000000034,14.499999999999783
45.34000000000034,14.519999999999783
45.34000000000034,14.539999999999782
45.34000000000034,14.559999999999782
45.34000000000034,14.579999999999782
45.34000000000034,14.599999999999781
45.34000000000034,14.61999999999978
45.34000000000034,14.63999999999978
45.34000000000034,14.65999999999978
45.34000000000034,14.67999999999978
45.34000000000034,14.699999999999779
45.34000000000034,14.719999999999779
45.34000000000034,14.739999999999778
45.34000000000034,14.759999999999778
45.34000000000034,14.779999999999777
45.34000000000034,14.799999999999777
45.34000000000034,14.819999999999776
45.34000000000034,14.839999999999776
45.34000000000034,14.859999999999776
45.34000000000034,14.879999999999775
45.34000000000034,14.899999999999775
45.34000000000034,14.919999999999774
45.34000000000034,14.939999999999774
45.34000000000034,14.959999999999773
45.34000000000034,14.979999999999773
45.34000000000034,14.999999999999773
45.34000000000034,15.019999999999772
45.34000000000034,15.039999999999772
45.34000000000034,15.059999999999771
45.34000000000034,15.079999999999771
45.34000000000034,15.09999999999977
45.34000000000034,15.11999999999977
45.34000000000034,15.13999999999977
45.34000000000034,15.15999999999977
45.34000000000034,15.179999999999769
45.34000000000034,15.199999999999768
45.34000000000034,15.219999999999768
45.34000000000034,15.239999999999768
45.34000000000034,15.259999999999767
45.34000000000034,15.279999999999767
45.34000000000034,15.299999999999766
45.34000000000034,15.319999999999766
45.34000000000034,15.339999999999765
45.34000000000034,15.359999999999765
45.34000000000034,15.379999999999765
45.34000000000034,15.399999999999764
45.34000000000034,15.419999999999764
45.34000000000034,15.439999999999763
45.34000000000034,15.459999999999763
45.34000000000034,15.479999999999762
45.34000000000034,15.499999999999762
45.34000000000034,15.519999999999762
45.34000000000034,15.539999999999761
45.34000000000034,15.55999999999976
45.34000000000034,15.57999999999976
45.34000000000034,15.59999999999976
45.34000000000034,15.61999999999976
45.34000000000034,15.639999999999759
45.34000000000034,15.659999999999759
45.34000000000034,15.679999999999758
45.34000000000034,15.699999999999758
45.34000000000034,15.719999999999757
45.34000000000034,15.739999999999757
45.34000000000034,15.759999999999756
45.34000000000034,15.779999999999756
45.34000000000034,15.799999999999756
45.34000000000034,15.819999999999755
45.34000000000034,15.839999999999755
45.34000000000034,15.859999999999754
45.34000000000034,15.879999999999754
45.34000000000034,15.899999999999753
45.34000000000034,15.919999999999753
45.34000000000034,15.939999999999753
45.34000000000034,15.959999999999752
45.34000000000034,15.979999999999752
45.34000000000034,15.999999999999751
45.34000000000034,16.01999999999975
45.34000000000034,16.03999999999975
45.34000000000034,16.05999999999975
45.34000000000034,16.07999999999975
45.34000000000034,16.09999999999975
45.34000000000034,16.11999999999975
45.34000000000034,16.13999999999975
45.34000000000034,16.159999999999748
45.34000000000034,16.179999999999747
45.34000000000034,16.199999999999747
45.34000000000034,16.219999999999747
45.34000000000034,16.239999999999746
45.34000000000034,16.259999999999746
45.34000000000034,16.279999999999745
45.34000000000034,16.299999999999745
45.34000000000034,16.319999999999744
45.34000000000034,16.339999999999744
45.34000000000034,16.359999999999744
45.34000000000034,16.379999999999743
45.34000000000034,16.399999999999743
45.34000000000034,16.419999999999742
45.34000000000034,16.439999999999742
45.34000000000034,16.45999999999974
45.34000000000034,16.47999999999974
45.34000000000034,16.49999999999974
45.34000000000034,16.51999999999974
45.34000000000034,16.53999999999974
45.34000000000034,16.55999999999974
45.34000000000034,16.57999999999974
45.34000000000034,16.59999999999974
45.34000000000034,16.619999999999738
45.34000000000034,16.639999999999738
45.34000000000034,16.659999999999737
45.34000000000034,16.679999999999737
45.34000000000034,16.699999999999736
45.34000000000034,16.719999999999736
45.34000000000034,16.739999999999736
45.36000000000034,12.979999999999816
45.36000000000034,12.999999999999815
45.36000000000034,13.019999999999815
45.36000000000034,13.039999999999814
45.36000000000034,13.059999999999814
45.36000000000034,13.079999999999814
45.36000000000034,13.099999999999813
45.36000000000034,13.119999999999813
45.36000000000034,13.139999999999812
45.36000000000034,13.159999999999812
45.36000000000034,13.179999999999811
45.36000000000034,13.199999999999811
45.36000000000034,13.21999999999981
45.36000000000034,13.23999999999981
45.36000000000034,13.25999999999981
45.36000000000034,13.27999999999981
45.36000000000034,13.299999999999809
45.36000000000034,13.319999999999808
45.36000000000034,13.339999999999808
45.36000000000034,13.359999999999808
45.36000000000034,13.379999999999807
45.36000000000034,13.399999999999807
45.36000000000034,13.419999999999806
45.36000000000034,13.439999999999806
45.36000000000034,13.459999999999805
45.36000000000034,13.479999999999805
45.36000000000034,13.499999999999805
45.36000000000034,13.519999999999804
45.36000000000034,13.539999999999804
45.36000000000034,13.559999999999803
45.36000000000034,13.579999999999803
45.36000000000034,13.599999999999802
45.36000000000034,13.619999999999802
45.36000000000034,13.639999999999802
45.36000000000034,13.659999999999801
45.36000000000034,13.6799999999998
45.36000000000034,13.6999999999998
45.36000000000034,13.7199999999998
45.36000000000034,13.7399999999998
45.36000000000034,13.759999999999799
45.36000000000034,13.779999999999799
45.36000000000034,13.799999999999798
45.36000000000034,13.819999999999798
45.36000000000034,13.839999999999797
45.36000000000034,13.859999999999797
45.36000000000034,13.879999999999797
45.36000000000034,13.899999999999796
45.36000000000034,13.919999999999796
45.36000000000034,13.939999999999795
45.36000000000034,13.959999999999795
45.36000000000034,13.979999999999794
45.36000000000034,13.999999999999794
45.36000000000034,14.019999999999794
45.36000000000034,14.039999999999793
45.36000000000034,14.059999999999793
45.36000000000034,14.079999999999792
45.36000000000034,14.099999999999792
45.36000000000034,14.119999999999791
45.36000000000034,14.139999999999791
45.36000000000034,14.15999999999979
45.36000000000034,14.17999999999979
45.36000000000034,14.19999999999979
45.36000000000034,14.21999999999979
45.36000000000034,14.239999999999789
45.36000000000034,14.259999999999788
45.36000000000034,14.279999999999788
45.36000000000034,14.299999999999788
45.36000000000034,14.319999999999787
45.36000000000034,14.339999999999787
45.36000000000034,14.359999999999786
45.36000000000034,14.379999999999786
45.36000000000034,14.399999999999785
45.36000000000034,14.419999999999785
45.36000000000034,14.439999999999785
45.36000000000034,14.459999999999784
45.36000000000034,14.479999999999784
45.36000000000034,14.499999999999783
45.36000000000034,14.519999999999783
45.36000000000034,14.539999999999782
45.36000000000034,14.559999999999782
45.36000000000034,14.579999999999782
45.36000000000034,14.599999999999781
45.36000000000034,14.61999999999978
45.36000000000034,14.63999999999978
45.36000000000034,14.65999999999978
45.36000000000034,14.67999999999978
45.36000000000034,14.699999999999779
45.36000000000034,14.719999999999779
45.36000000000034,14.739999999999778
45.36000000000034,14.759999999999778
45.36000000000034,14.779999999999777
45.36000000000034,14.799999999999777
45.36000000000034,14.819999999999776
45.36000000000034,14.839999999999776
45.36000000000034,14.859999999999776
45.36000000000034,14.879999999999775
45.36000000000034,14.899999999999775
45.36000000000034,14.919999999999774
45.36000000000034,14.939999999999774
45.36000000000034,14.959999999999773
45.36000000000034,14.979999999999773
45.36000000000034,14.999999999999773
45.36000000000034,15.019999999999772
45.36000000000034,15.039999999999772
45.36000000000034,15.059999999999771
45.36000000000034,15.079999999999771
45.36000000000034,15.09999999999977
45.36000000000034,15.11999999999977
45.36000000000034,15.13999999999977
45.36000000000034,15.15999999999977
45.36000000000034,15.179999999999769
45.36000000000034,15.199999999999768
45.36000000000034,15.219999999999768
45.36000000000034,15.239999999999768
45.36000000000034,15.259999999999767
45.36000000000034,15.279999999999767
45.36000000000034,15.299999999999766
45.36000000000034,15.319999999999766
45.36000000000034,15.339999999999765
45.36000000000034,15.359999999999765
45.36000000000034,15.379999999999765
45.36000000000034,15.399999999999764
45.36000000000034,15.419999999999764
45.36000000000034,15.439999999999763
45.36000000000034,15.459999999999763
45.36000000000034,15.479999999999762
45.36000000000034,15.499999999999762
45.36000000000034,15.519999999999762
45.36000000000034,15.539999999999761
45.36000000000034,15.55999999999976
45.36000000000034,15.57999999999976
45.36000000000034,15.59999999999976
45.36000000000034,15.61999999999976
45.36000000000034,15.639999999999759
45.36000000000034,15.659999999999759
45.36000000000034,15.679999999999758
45.36000000000034,15.699999999999758
45.36000000000034,15.719999999999757
45.36000000000034,15.739999999999757
45.36000000000034,15.759999999999756
45.36000000000034,15.779999999999756
45.36000000000034,15.799999999999756
45.36000000000034,15.819999999999755
45.36000000000034,15.839999999999755
45.36000000000034,15.859999999999754
45.36000000000034,15.879999999999754
45.36000000000034,15.899999999999753
45.36000000000034,15.919999999999753
45.36000000000034,15.939999999999753
45.36000000000034,15.959999999999752
45.36000000000034,15.979999999999752
45.36000000000034,15.999999999999751
45.36000000000034,16.01999999999975
45.36000000000034,16.03999999999975
45.36000000000034,16.05999999999975
45.36000000000034,16.07999999999975
45.36000000000034,16.09999999999975
45.36000000000034,16.11999999999975
45.36000000000034,16.13999999999975
45.36000000000034,16.159999999999748
45.36000000000034,16.179999999999747
45.36000000000034,16.199999999999747
45.36000000000034,16.219999999999747
45.36000000000034,16.239999999999746
45.36000000000034,16.259999999999746
45.36000000000034,16.279999999999745
45.36000000000034,16.299999999999745
45.36000000000034,16.319999999999744
45.36000000000034,16.339999999999744
45.36000000000034,16.359999999999744
45.36000000000034,16.379999999999743
45.36000000000034,16.399999999999743
45.36000000000034,16.419999999999742
45.36000000000034,16.439999999999742
45.36000000000034,16.45999999999974
45.36000000000034,16.47999999999974
45.36000000000034,16.49999999999974
45.36000000000034,16.51999999999974
45.36000000000034,16.53999999999974
45.36000000000034,16.55999999999974
45.36000000000034,16.57999999999974
45.36000000000034,16.59999999999974
45.36000000000034,16.619999999999738
45.36000000000034,16.639999999999738
45.36000000000034,16.659999999999737
45.36000000000034,16.679999999999737
45.36000000000034,16.699999999999736
45.36000000000034,16.719999999999736
45.36000000000034,16.739999999999736
45.380000000000344,12.979999999999816
45.380000000000344,12.999999999999815
45.380000000000344,13.019999999999815
45.380000000000344,13.039999999999814
45.380000000000344,13.059999999999814
45.380000000000344,13.079999999999814
45.380000000000344,13.099999999999813
45.380000000000344,13.119999999999813
45.380000000000344,13.139999999999812
45.380000000000344,13.159999999999812
45.380000000000344,13.179999999999811
45.380000000000344,13.199999999999811
45.380000000000344,13.21999999999981
45.380000000000344,13.23999999999981
45.380000000000344,13.25999999999981
45.380000000000344,13.27999999999981
45.380000000000344,13.299999999999809
45.380000000000344,13.319999999999808
45.380000000000344,13.339999999999808
45.380000000000344,13.359999999999808
45.380000000000344,13.379999999999807
45.380000000000344,13.399999999999807
45.380000000000344,13.419999999999806
45.380000000000344,13.439999999999806
45.380000000000344,13.459999999999805
45.380000000000344,13.479999999999805
45.380000000000344,13.499999999999805
45.380000000000344,13.519999999999804
45.380000000000344,13.539999999999804
45.380000000000344,13.559999999999803
45.380000000000344,13.579999999999803
45.380000000000344,13.599999999999802
45.380000000000344,13.619999999999802
45.380000000000344,13.639999999999802
45.380000000000344,13.659999999999801
45.380000000000344,13.6799999999998
45.380000000000344,13.6999999999998
45.380000000000344,13.7199999999998
45.380000000000344,13.7399999999998
45.380000000000344,13.759999999999799
45.380000000000344,13.779999999999799
45.380000000000344,13.799999999999798
45.380000000000344,13.819999999999798
45.380000000000344,13.839999999999797
45.380000000000344,13.859999999999797
45.380000000000344,13.879999999999797
45.380000000000344,13.899999999999796
45.380000000000344,13.919999999999796
45.380000000000344,13.939999999999795
45.380000000000344,13.959999999999795
45.380000000000344,13.979999999999794
45.380000000000344,13.999999999999794
45.380000000000344,14.019999999999794
45.380000000000344,14.039999999999793
45.380000000000344,14.059999999999793
45.380000000000344,14.079999999999792
45.380000000000344,14.099999999999792
45.380000000000344,14.119999999999791
45.380000000000344,14.139999999999791
45.380000000000344,14.15999999999979
45.380000000000344,14.17999999999979
45.380000000000344,14.19999999999979
45.380000000000344,14.21999999999979
45.380000000000344,14.239999999999789
45.380000000000344,14.259999999999788
45.380000000000344,14.279999999999788
45.380000000000344,14.299999999999788
45.380000000000344,14.319999999999787
45.380000000000344,14.339999999999787
45.380000000000344,14.359999999999786
45.380000000000344,14.379999999999786
45.380000000000344,14.399999999999785
45.380000000000344,14.419999999999785
45.380000000000344,14.439999999999785
45.380000000000344,14.459999999999784
45.380000000000344,14.479999999999784
45.380000000000344,14.499999999999783
45.380000000000344,14.519999999999783
45.380000000000344,14.539999999999782
45.380000000000344,14.559999999999782
45.380000000000344,14.579999999999782
45.380000000000344,14.599999999999781
45.380000000000344,14.61999999999978
45.380000000000344,14.63999999999978
45.380000000000344,14.65999999999978
45.380000000000344,14.67999999999978
45.380000000000344,14.699999999999779
45.380000000000344,14.719999999999779
45.380000000000344,14.739999999999778
45.380000000000344,14.759999999999778
45.380000000000344,14.779999999999777
45.380000000000344,14.799999999999777
45.380000000000344,14.819999999999776
45.380000000000344,14.839999999999776
45.380000000000344,14.859999999999776
45.380000000000344,14.879999999999775
45.380000000000344,14.899999999999775
45.380000000000344,14.919999999999774
45.380000000000344,14.939999999999774
45.380000000000344,14.959999999999773
45.380000000000344,14.979999999999773
45.380000000000344,14.999999999999773
45.380000000000344,15.019999999999772
45.380000000000344,15.039999999999772
45.380000000000344,15.059999999999771
45.380000000000344,15.079999999999771
45.380000000000344,15.09999999999977
45.380000000000344,15.11999999999977
45.380000000000344,15.13999999999977
45.380000000000344,15.15999999999977
45.380000000000344,15.179999999999769
45.380000000000344,15.199999999999768
45.380000000000344,15.219999999999768
45.380000000000344,15.239999999999768
45.380000000000344,15.259999999999767
45.380000000000344,15.279999999999767
45.380000000000344,15.299999999999766
45.380000000000344,15.319999999999766
45.380000000000344,15.339999999999765
45.380000000000344,15.359999999999765
45.380000000000344,15.379999999999765
45.380000000000344,15.399999999999764
45.380000000000344,15.419999999999764
45.380000000000344,15.439999999999763
45.380000000000344,15.459999999999763
45.380000000000344,15.479999999999762
45.380000000000344,15.499999999999762
45.380000000000344,15.519999999999762
45.380000000000344,15.539999999999761
45.380000000000344,15.55999999999976
45.380000000000344,15.57999999999976
45.380000000000344,15.59999999999976
45.380000000000344,15.61999999999976
45.380000000000344,15.639999999999759
45.380000000000344,15.659999999999759
45.380000000000344,15.679999999999758
45.380000000000344,15.699999999999758
45.380000000000344,15.719999999999757
45.380000000000344,15.739999999999757
45.380000000000344,15.759999999999756
45.380000000000344,15.779999999999756
45.380000000000344,15.799999999999756
45.380000000000344,15.819999999999755
45.380000000000344,15.839999999999755
45.380000000000344,15.859999999999754
45.380000000000344,15.879999999999754
45.380000000000344,15.899999999999753
45.380000000000344,15.919999999999753
45.380000000000344,15.939999999999753
45.380000000000344,15.959999999999752
45.380000000000344,15.979999999999752
45.380000000000344,15.999999999999751
45.380000000000344,16.01999999999975
45.380000000000344,16.03999999999975
45.380000000000344,16.05999999999975
45.380000000000344,16.07999999999975
45.380000000000344,16.09999999999975
45.380000000000344,16.11999999999975
45.380000000000344,16.13999999999975
45.380000000000344,16.159999999999748
45.380000000000344,16.179999999999747
45.380000000000344,16.199999999999747
45.380000000000344,16.219999999999747
45.380000000000344,16.239999999999746
45.380000000000344,16.259999999999746
45.380000000000344,16.279999999999745
45.380000000000344,16.299999999999745
45.380000000000344,16.319999999999744
45.380000000000344,16.339999999999744
45.380000000000344,16.359999999999744
45.380000000000344,16.379999999999743
45.380000000000344,16.399999999999743
45.380000000000344,16.419999999999742
45.380000000000344,16.439999999999742
45.380000000000344,16.45999999999974
45.380000000000344,16.47999999999974
45.380000000000344,16.49999999999974
45.380000000000344,16.51999999999974
45.380000000000344,16.53999999999974
45.380000000000344,16.55999999999974
45.380000000000344,16.57999999999974
45.380000000000344,16.59999999999974
45.380000000000344,16.619999999999738
45.380000000000344,16.639999999999738
45.380000000000344,16.659999999999737
45.380000000000344,16.679999999999737
45.380000000000344,16.699999999999736
45.380000000000344,16.719999999999736
45.380000000000344,16.739999999999736
45.40000000000035,12.979999999999816
45.40000000000035,12.999999999999815
45.40000000000035,13.019999999999815
45.40000000000035,13.039999999999814
45.40000000000035,13.059999999999814
45.40000000000035,13.079999999999814
45.40000000000035,13.099999999999813
45.40000000000035,13.119999999999813
45.40000000000035,13.139999999999812
45.40000000000035,13.159999999999812
45.40000000000035,13.179999999999811
45.40000000000035,13.199999999999811
45.40000000000035,13.21999999999981
45.40000000000035,13.23999999999981
45.40000000000035,13.25999999999981
45.40000000000035,13.27999999999981
45.40000000000035,13.299999999999809
45.40000000000035,13.319999999999808
45.40000000000035,13.339999999999808
45.40000000000035,13.359999999999808
45.40000000000035,13.379999999999807
45.40000000000035,13.399999999999807
45.40000000000035,13.419999999999806
45.40000000000035,13.439999999999806
45.40000000000035,13.459999999999805
45.40000000000035,13.479999999999805
45.40000000000035,13.499999999999805
45.40000000000035,13.519999999999804
45.40000000000035,13.539999999999804
45.40000000000035,13.559999999999803
45.40000000000035,13.579999999999803
45.40000000000035,13.599999999999802
45.40000000000035,13.619999999999802
45.40000000000035,13.639999999999802
45.40000000000035,13.659999999999801
45.40000000000035,13.6799999999998
45.40000000000035,13.6999999999998
45.40000000000035,13.7199999999998
45.40000000000035,13.7399999999998
45.40000000000035,13.759999999999799
45.40000000000035,13.779999999999799
45.40000000000035,13.799999999999798
45.40000000000035,13.819999999999798
45.40000000000035,13.839999999999797
45.40000000000035,13.859999999999797
45.40000000000035,13.879999999999797
45.40000000000035,13.899999999999796
45.40000000000035,13.919999999999796
45.40000000000035,13.939999999999795
45.40000000000035,13.959999999999795
45.40000000000035,13.979999999999794
45.40000000000035,13.999999999999794
45.40000000000035,14.019999999999794
45.40000000000035,14.039999999999793
45.40000000000035,14.059999999999793
45.40000000000035,14.079999999999792
45.40000000000035,14.099999999999792
45.40000000000035,14.119999999999791
45.40000000000035,14.139999999999791
45.40000000000035,14.15999999999979
45.40000000000035,14.17999999999979
45.40000000000035,14.19999999999979
45.40000000000035,14.21999999999979
45.40000000000035,14.239999999999789
45.40000000000035,14.259999999999788
45.40000000000035,14.279999999999788
45.40000000000035,14.299999999999788
45.40000000000035,14.319999999999787
45.40000000000035,14.339999999999787
45.40000000000035,14.359999999999786
45.40000000000035,14.379999999999786
45.40000000000035,14.399999999999785
45.40000000000035,14.419999999999785
45.40000000000035,14.439999999999785
45.40000000000035,14.459999999999784
45.40000000000035,14.479999999999784
45.40000000000035,14.499999999999783
45.40000000000035,14.519999999999783
45.40000000000035,14.539999999999782
45.40000000000035,14.559999999999782
45.40000000000035,14.579999999999782
45.40000000000035,14.599999999999781
45.40000000000035,14.61999999999978
45.40000000000035,14.63999999999978
45.40000000000035,14.65999999999978
45.40000000000035,14.67999999999978
45.40000000000035,14.699999999999779
45.40000000000035,14.719999999999779
45.40000000000035,14.739999999999778
45.40000000000035,14.759999999999778
45.40000000000035,14.779999999999777
45.40000000000035,14.799999999999777
45.40000000000035,14.819999999999776
45.40000000000035,14.839999999999776
45.40000000000035,14.859999999999776
45.40000000000035,14.879999999999775
45.40000000000035,14.899999999999775
45.40000000000035,14.919999999999774
45.40000000000035,14.939999999999774
45.40000000000035,14.959999999999773
45.40000000000035,14.979999999999773
45.40000000000035,14.999999999999773
45.40000000000035,15.019999999999772
45.40000000000035,15.039999999999772
45.40000000000035,15.059999999999771
45.40000000000035,15.079999999999771
45.40000000000035,15.09999999999977
45.40000000000035,15.11999999999977
45.40000000000035,15.13999999999977
45.40000000000035,15.15999999999977
45.40000000000035,15.179999999999769
45.40000000000035,15.199999999999768
45.40000000000035,15.219999999999768
45.40000000000035,15.239999999999768
45.40000000000035,15.259999999999767
45.40000000000035,15.279999999999767
45.40000000000035,15.299999999999766
45.40000000000035,15.319999999999766
45.40000000000035,15.339999999999765
45.40000000000035,15.359999999999765
45.40000000000035,15.379999999999765
45.40000000000035,15.399999999999764
45.40000000000035,15.419999999999764
45.40000000000035,15.439999999999763
45.40000000000035,15.459999999999763
45.40000000000035,15.479999999999762
45.40000000000035,15.499999999999762
45.40000000000035,15.519999999999762
45.40000000000035,15.539999999999761
45.40000000000035,15.55999999999976
45.40000000000035,15.57999999999976
45.40000000000035,15.59999999999976
45.40000000000035,15.61999999999976
45.40000000000035,15.639999999999759
45.40000000000035,15.659999999999759
45.40000000000035,15.679999999999758
45.40000000000035,15.699999999999758
45.40000000000035,15.719999999999757
45.40000000000035,15.739999999999757
45.40000000000035,15.759999999999756
45.40000000000035,15.779999999999756
45.40000000000035,15.799999999999756
45.40000000000035,15.819999999999755
45.40000000000035,15.839999999999755
45.40000000000035,15.859999999999754
45.40000000000035,15.879999999999754
45.40000000000035,15.899999999999753
45.40000000000035,15.919999999999753
45.40000000000035,15.939999999999753
45.40000000000035,15.959999999999752
45.40000000000035,15.979999999999752
45.40000000000035,15.999999999999751
45.40000000000035,16.01999999999975
45.40000000000035,16.03999999999975
45.40000000000035,16.05999999999975
45.40000000000035,16.07999999999975
45.40000000000035,16.09999999999975
45.40000000000035,16.11999999999975
45.40000000000035,16.13999999999975
45.40000000000035,16.159999999999748
45.40000000000035,16.179999999999747
45.40000000000035,16.199999999999747
45.40000000000035,16.219999999999747
45.40000000000035,16.239999999999746
45.40000000000035,16.259999999999746
45.40000000000035,16.279999999999745
45.40000000000035,16.299999999999745
45.40000000000035,16.319999999999744
45.40000000000035,16.339999999999744
45.40000000000035,16.359999999999744
45.40000000000035,16.379999999999743
45.40000000000035,16.399999999999743
45.40000000000035,16.419999999999742
45.40000000000035,16.439999999999742
45.40000000000035,16.45999999999974
45.40000000000035,16.47999999999974
45.40000000000035,16.49999999999974
45.40000000000035,16.51999999999974
45.40000000000035,16.53999999999974
45.40000000000035,16.55999999999974
45.40000000000035,16.57999999999974
45.40000000000035,16.59999999999974
45.40000000000035,16.619999999999738
45.40000000000035,16.639999999999738
45.40000000000035,16.659999999999737
45.40000000000035,16.679999999999737
45.40000000000035,16.699999999999736
45.40000000000035,16.719999999999736
45.40000000000035,16.739999999999736
45.42000000000035,12.979999999999816
45.42000000000035,12.999999999999815
45.42000000000035,13.019999999999815
45.42000000000035,13.039999999999814
45.42000000000035,13.059999999999814
45.42000000000035,13.079999999999814
45.42000000000035,13.099999999999813
45.42000000000035,13.119999999999813
45.42000000000035,13.139999999999812
45.42000000000035,13.159999999999812
45.42000000000035,13.179999999999811
45.42000000000035,13.199999999999811
45.42000000000035,13.21999999999981
45.42000000000035,13.23999999999981
45.42000000000035,13.25999999999981
45.42000000000035,13.27999999999981
45.42000000000035,13.299999999999809
45.42000000000035,13.319999999999808
45.42000000000035,13.339999999999808
45.42000000000035,13.359999999999808
45.42000000000035,13.379999999999807
45.42000000000035,13.399999999999807
45.42000000000035,13.419999999999806
45.42000000000035,13.439999999999806
45.42000000000035,13.459999999999805
45.42000000000035,13.479999999999805
45.42000000000035,13.499999999999805
45.42000000000035,13.519999999999804
45.42000000000035,13.539999999999804
45.42000000000035,13.559999999999803
45.42000000000035,13.579999999999803
45.42000000000035,13.599999999999802
45.42000000000035,13.619999999999802
45.42000000000035,13.639999999999802
45.42000000000035,13.659999999999801
45.42000000000035,13.6799999999998
45.42000000000035,13.6999999999998
45.42000000000035,13.7199999999998
45.42000000000035,13.7399999999998
45.42000000000035,13.759999999999799
45.42000000000035,13.779999999999799
45.42000000000035,13.799999999999798
45.42000000000035,13.819999999999798
45.42000000000035,13.839999999999797
45.42000000000035,13.859999999999797
45.42000000000035,13.879999999999797
45.42000000000035,13.899999999999796
45.42000000000035,13.919999999999796
45.42000000000035,13.939999999999795
45.42000000000035,13.959999999999795
45.42000000000035,13.979999999999794
45.42000000000035,13.999999999999794
45.42000000000035,14.019999999999794
45.42000000000035,14.039999999999793
45.42000000000035,14.059999999999793
45.42000000000035,14.079999999999792
45.42000000000035,14.099999999999792
45.42000000000035,14.119999999999791
45.42000000000035,14.139999999999791
45.42000000000035,14.15999999999979
45.42000000000035,14.17999999999979
45.42000000000035,14.19999999999979
45.42000000000035,14.21999999999979
45.42000000000035,14.239999999999789
45.42000000000035,14.259999999999788
45.42000000000035,14.279999999999788
45.42000000000035,14.299999999999788
45.42000000000035,14.319999999999787
45.42000000000035,14.339999999999787
45.42000000000035,14.359999999999786
45.42000000000035,14.379999999999786
45.42000000000035,14.399999999999785
45.42000000000035,14.419999999999785
45.42000000000035,14.439999999999785
45.42000000000035,14.459999999999784
45.42000000000035,14.479999999999784
45.42000000000035,14.499999999999783
45.42000000000035,14.519999999999783
45.42000000000035,14.539999999999782
45.42000000000035,14.559999999999782
45.42000000000035,14.579999999999782
45.42000000000035,14.599999999999781
45.42000000000035,14.61999999999978
45.42000000000035,14.63999999999978
45.42000000000035,14.65999999999978
45.42000000000035,14.67999999999978
45.42000000000035,14.699999999999779
45.42000000000035,14.719999999999779
45.42000000000035,14.739999999999778
45.42000000000035,14.759999999999778
45.42000000000035,14.779999999999777
45.42000000000035,14.799999999999777
45.42000000000035,14.819999999999776
45.42000000000035,14.839999999999776
45.42000000000035,14.859999999999776
45.42000000000035,14.879999999999775
45.42000000000035,14.899999999999775
45.42000000000035,14.919999999999774
45.42000000000035,14.939999999999774
45.42000000000035,14.959999999999773
45.42000000000035,14.979999999999773
45.42000000000035,14.999999999999773
45.42000000000035,15.019999999999772
45.42000000000035,15.039999999999772
45.42000000000035,15.059999999999771
45.42000000000035,15.079999999999771
45.42000000000035,15.09999999999977
45.42000000000035,15.11999999999977
45.42000000000035,15.13999999999977
45.42000000000035,15.15999999999977
45.42000000000035,15.179999999999769
45.42000000000035,15.199999999999768
45.42000000000035,15.219999999999768
45.42000000000035,15.239999999999768
45.42000000000035,15.259999999999767
45.42000000000035,15.279999999999767
45.42000000000035,15.299999999999766
45.42000000000035,15.319999999999766
45.42000000000035,15.339999999999765
45.42000000000035,15.359999999999765
45.42000000000035,15.379999999999765
45.42000000000035,15.399999999999764
45.42000000000035,15.419999999999764
45.42000000000035,15.439999999999763
45.42000000000035,15.459999999999763
45.42000000000035,15.479999999999762
45.42000000000035,15.499999999999762
45.42000000000035,15.519999999999762
45.42000000000035,15.539999999999761
45.42000000000035,15.55999999999976
45.42000000000035,15.57999999999976
45.42000000000035,15.59999999999976
45.42000000000035,15.61999999999976
45.42000000000035,15.639999999999759
45.42000000000035,15.659999999999759
45.42000000000035,15.679999999999758
45.42000000000035,15.699999999999758
45.42000000000035,15.719999999999757
45.42000000000035,15.739999999999757
45.42000000000035,15.759999999999756
45.42000000000035,15.779999999999756
45.42000000000035,15.799999999999756
45.42000000000035,15.819999999999755
45.42000000000035,15.839999999999755
45.42000000000035,15.859999999999754
45.42000000000035,15.879999999999754
45.42000000000035,15.899999999999753
45.42000000000035,15.919999999999753
45.42000000000035,15.939999999999753
45.42000000000035,15.959999999999752
45.42000000000035,15.979999999999752
45.42000000000035,15.999999999999751
45.42000000000035,16.01999999999975
45.42000000000035,16.03999999999975
45.42000000000035,16.05999999999975
45.42000000000035,16.07999999999975
45.42000000000035,16.09999999999975
45.42000000000035,16.11999999999975
45.42000000000035,16.13999999999975
45.42000000000035,16.159999999999748
45.42000000000035,16.179999999999747
45.42000000000035,16.199999999999747
45.42000000000035,16.219999999999747
45.42000000000035,16.239999999999746
45.42000000000035,16.259999999999746
45.42000000000035,16.279999999999745
45.42000000000035,16.299999999999745
45.42000000000035,16.319999999999744
45.42000000000035,16.339999999999744
45.42000000000035,16.359999999999744
45.42000000000035,16.379999999999743
45.42000000000035,16.399999999999743
45.42000000000035,16.419999999999742
45.42000000000035,16.439999999999742
45.42000000000035,16.45999999999974
45.42000000000035,16.47999999999974
45.42000000000035,16.49999999999974
45.42000000000035,16.51999999999974
45.42000000000035,16.53999999999974
45.42000000000035,16.55999999999974
45.42000000000035,16.57999999999974
45.42000000000035,16.59999999999974
45.42000000000035,16.619999999999738
45.42000000000035,16.639999999999738
45.42000000000035,16.659999999999737
45.42000000000035,16.679999999999737
45.42000000000035,16.699999999999736
45.42000000000035,16.719999999999736
45.42000000000035,16.739999999999736
45.44000000000035,12.979999999999816
45.44000000000035,12.999999999999815
45.44000000000035,13.019999999999815
45.44000000000035,13.039999999999814
45.44000000000035,13.059999999999814
45.44000000000035,13.079999999999814
45.44000000000035,13.099999999999813
45.44000000000035,13.119999999999813
45.44000000000035,13.139999999999812
45.44000000000035,13.159999999999812
45.44000000000035,13.179999999999811
45.44000000000035,13.199999999999811
45.44000000000035,13.21999999999981
45.44000000000035,13.23999999999981
45.44000000000035,13.25999999999981
45.44000000000035,13.27999999999981
45.44000000000035,13.299999999999809
45.44000000000035,13.319999999999808
45.44000000000035,13.339999999999808
45.44000000000035,13.359999999999808
45.44000000000035,13.379999999999807
45.44000000000035,13.399999999999807
45.44000000000035,13.419999999999806
45.44000000000035,13.439999999999806
45.44000000000035,13.459999999999805
45.44000000000035,13.479999999999805
45.44000000000035,13.499999999999805
45.44000000000035,13.519999999999804
45.44000000000035,13.539999999999804
45.44000000000035,13.559999999999803
45.44000000000035,13.579999999999803
45.44000000000035,13.599999999999802
45.44000000000035,13.619999999999802
45.44000000000035,13.639999999999802
45.44000000000035,13.659999999999801
45.44000000000035,13.6799999999998
45.44000000000035,13.6999999999998
45.44000000000035,13.7199999999998
45.44000000000035,13.7399999999998
45.44000000000035,13.759999999999799
45.44000000000035,13.779999999999799
45.44000000000035,13.799999999999798
45.44000000000035,13.819999999999798
45.44000000000035,13.839999999999797
45.44000000000035,13.859999999999797
45.44000000000035,13.879999999999797
45.44000000000035,13.899999999999796
45.44000000000035,13.919999999999796
45.44000000000035,13.939999999999795
45.44000000000035,13.959999999999795
45.44000000000035,13.979999999999794
45.44000000000035,13.999999999999794
45.44000000000035,14.019999999999794
45.44000000000035,14.039999999999793
45.44000000000035,14.059999999999793
45.44000000000035,14.079999999999792
45.44000000000035,14.099999999999792
45.44000000000035,14.119999999999791
45.44000000000035,14.139999999999791
45.44000000000035,14.15999999999979
45.44000000000035,14.17999999999979
45.44000000000035,14.19999999999979
45.44000000000035,14.21999999999979
45.44000000000035,14.239999999999789
45.44000000000035,14.259999999999788
45.44000000000035,14.279999999999788
45.44000000000035,14.299999999999788
45.44000000000035,14.319999999999787
45.44000000000035,14.339999999999787
45.44000000000035,14.359999999999786
45.44000000000035,14.379999999999786
45.44000000000035,14.399999999999785
45.44000000000035,14.419999999999785
45.44000000000035,14.439999999999785
45.44000000000035,14.459999999999784
45.44000000000035,14.479999999999784
45.44000000000035,14.499999999999783
45.44000000000035,14.519999999999783
45.44000000000035,14.539999999999782
45.44000000000035,14.559999999999782
45.44000000000035,14.579999999999782
45.44000000000035,14.599999999999781
45.44000000000035,14.61999999999978
45.44000000000035,14.63999999999978
45.44000000000035,14.65999999999978
45.44000000000035,14.67999999999978
45.44000000000035,14.699999999999779
45.44000000000035,14.719999999999779
45.44000000000035,14.739999999999778
45.44000000000035,14.759999999999778
45.44000000000035,14.779999999999777
45.44000000000035,14.799999999999777
45.44000000000035,14.819999999999776
45.44000000000035,14.839999999999776
45.44000000000035,14.859999999999776
45.44000000000035,14.879999999999775
45.44000000000035,14.899999999999775
45.44000000000035,14.919999999999774
45.44000000000035,14.939999999999774
45.44000000000035,14.959999999999773
45.44000000000035,14.979999999999773
45.44000000000035,14.999999999999773
45.44000000000035,15.019999999999772
45.44000000000035,15.039999999999772
45.44000000000035,15.059999999999771
45.44000000000035,15.079999999999771
45.44000000000035,15.09999999999977
45.44000000000035,15.11999999999977
45.44000000000035,15.13999999999977
45.44000000000035,15.15999999999977
45.44000000000035,15.179999999999769
45.44000000000035,15.199999999999768
45.44000000000035,15.219999999999768
45.44000000000035,15.239999999999768
45.44000000000035,15.259999999999767
45.44000000000035,15.279999999999767
45.44000000000035,15.299999999999766
45.44000000000035,15.319999999999766
45.44000000000035,15.339999999999765
45.44000000000035,15.359999999999765
45.44000000000035,15.379999999999765
45.44000000000035,15.399999999999764
45.44000000000035,15.419999999999764
45.44000000000035,15.439999999999763
45.44000000000035,15.459999999999763
45.44000000000035,15.479999999999762
45.44000000000035,15.499999999999762
45.44000000000035,15.519999999999762
45.44000000000035,15.539999999999761
45.44000000000035,15.55999999999976
45.44000000000035,15.57999999999976
45.44000000000035,15.59999999999976
45.44000000000035,15.61999999999976
45.44000000000035,15.639999999999759
45.44000000000035,15.659999999999759
45.44000000000035,15.679999999999758
45.44000000000035,15.699999999999758
45.44000000000035,15.719999999999757
45.44000000000035,15.739999999999757
45.44000000000035,15.759999999999756
45.44000000000035,15.779999999999756
45.44000000000035,15.799999999999756
45.44000000000035,15.819999999999755
45.44000000000035,15.839999999999755
45.44000000000035,15.859999999999754
45.44000000000035,15.879999999999754
45.44000000000035,15.899999999999753
45.44000000000035,15.919999999999753
45.44000000000035,15.939999999999753
45.44000000000035,15.959999999999752
45.44000000000035,15.979999999999752
45.44000000000035,15.999999999999751
45.44000000000035,16.01999999999975
45.44000000000035,16.03999999999975
45.44000000000035,16.05999999999975
45.44000000000035,16.07999999999975
45.44000000000035,16.09999999999975
45.44000000000035,16.11999999999975
45.44000000000035,16.13999999999975
45.44000000000035,16.159999999999748
45.44000000000035,16.179999999999747
45.44000000000035,16.199999999999747
45.44000000000035,16.219999999999747
45.44000000000035,16.239999999999746
45.44000000000035,16.259999999999746
45.44000000000035,16.279999999999745
45.44000000000035,16.299999999999745
45.44000000000035,16.319999999999744
45.44000000000035,16.339999999999744
45.44000000000035,16.359999999999744
45.44000000000035,16.379999999999743
45.44000000000035,16.399999999999743
45.44000000000035,16.419999999999742
45.44000000000035,16.439999999999742
45.44000000000035,16.45999999999974
45.44000000000035,16.47999999999974
45.44000000000035,16.49999999999974
45.44000000000035,16.51999999999974
45.44000000000035,16.53999999999974
45.44000000000035,16.55999999999974
45.44000000000035,16.57999999999974
45.44000000000035,16.59999999999974
45.44000000000035,16.619999999999738
45.44000000000035,16.639999999999738
45.44000000000035,16.659999999999737
45.44000000000035,16.679999999999737
45.44000000000035,16.699999999999736
45.44000000000035,16.719999999999736
45.44000000000035,16.739999999999736
45.460000000000356,12.979999999999816
45.460000000000356,12.999999999999815
45.460000000000356,13.019999999999815
45.460000000000356,13.039999999999814
45.460000000000356,13.059999999999814
45.460000000000356,13.079999999999814
45.460000000000356,13.099999999999813
45.460000000000356,13.119999999999813
45.460000000000356,13.139999999999812
45.460000000000356,13.159999999999812
45.460000000000356,13.179999999999811
45.460000000000356,13.199999999999811
45.460000000000356,13.21999999999981
45.460000000000356,13.23999999999981
45.460000000000356,13.25999999999981
45.460000000000356,13.27999999999981
45.460000000000356,13.299999999999809
45.460000000000356,13.319999999999808
45.460000000000356,13.339999999999808
45.460000000000356,13.359999999999808
45.460000000000356,13.379999999999807
45.460000000000356,13.399999999999807
45.460000000000356,13.419999999999806
45.460000000000356,13.439999999999806
45.460000000000356,13.459999999999805
45.460000000000356,13.479999999999805
45.460000000000356,13.499999999999805
45.460000000000356,13.519999999999804
45.460000000000356,13.539999999999804
45.460000000000356,13.559999999999803
45.460000000000356,13.579999999999803
45.460000000000356,13.599999999999802
45.460000000000356,13.619999999999802
45.460000000000356,13.639999999999802
45.460000000000356,13.659999999999801
45.460000000000356,13.6799999999998
45.460000000000356,13.6999999999998
45.460000000000356,13.7199999999998
45.460000000000356,13.7399999999998
45.460000000000356,13.759999999999799
45.460000000000356,13.779999999999799
45.460000000000356,13.799999999999798
45.460000000000356,13.819999999999798
45.460000000000356,13.839999999999797
45.460000000000356,13.859999999999797
45.460000000000356,13.879999999999797
45.460000000000356,13.899999999999796
45.460000000000356,13.919999999999796
45.460000000000356,13.939999999999795
45.460000000000356,13.959999999999795
45.460000000000356,13.979999999999794
45.460000000000356,13.999999999999794
45.460000000000356,14.019999999999794
45.460000000000356,14.039999999999793
45.460000000000356,14.059999999999793
45.460000000000356,14.079999999999792
45.460000000000356,14.099999999999792
45.460000000000356,14.119999999999791
45.460000000000356,14.139999999999791
45.460000000000356,14.15999999999979
45.460000000000356,14.17999999999979
45.460000000000356,14.19999999999979
45.460000000000356,14.21999999999979
45.460000000000356,14.239999999999789
45.460000000000356,14.259999999999788
45.460000000000356,14.279999999999788
45.460000000000356,14.299999999999788
45.460000000000356,14.319999999999787
45.460000000000356,14.339999999999787
45.460000000000356,14.359999999999786
45.460000000000356,14.379999999999786
45.460000000000356,14.399999999999785
45.460000000000356,14.419999999999785
45.460000000000356,14.439999999999785
45.460000000000356,14.459999999999784
45.460000000000356,14.479999999999784
45.460000000000356,14.499999999999783
45.460000000000356,14.519999999999783
45.460000000000356,14.539999999999782
45.460000000000356,14.559999999999782
45.460000000000356,14.579999999999782
45.460000000000356,14.599999999999781
45.460000000000356,14.61999999999978
45.460000000000356,14.63999999999978
45.460000000000356,14.65999999999978
45.460000000000356,14.67999999999978
45.460000000000356,14.699999999999779
45.460000000000356,14.719999999999779
45.460000000000356,14.739999999999778
45.460000000000356,14.759999999999778
45.460000000000356,14.779999999999777
45.460000000000356,14.799999999999777
45.460000000000356,14.819999999999776
45.460000000000356,14.839999999999776
45.460000000000356,14.859999999999776
45.460000000000356,14.879999999999775
45.460000000000356,14.899999999999775
45.460000000000356,14.919999999999774
45.460000000000356,14.939999999999774
45.460000000000356,14.959999999999773
45.460000000000356,14.979999999999773
45.460000000000356,14.999999999999773
45.460000000000356,15.019999999999772
45.460000000000356,15.039999999999772
45.460000000000356,15.059999999999771
45.460000000000356,15.079999999999771
45.460000000000356,15.09999999999977
45.460000000000356,15.11999999999977
45.460000000000356,15.13999999999977
45.460000000000356,15.15999999999977
45.460000000000356,15.179999999999769
45.460000000000356,15.199999999999768
45.460000000000356,15.219999999999768
45.460000000000356,15.239999999999768
45.460000000000356,15.259999999999767
45.460000000000356,15.279999999999767
45.460000000000356,15.299999999999766
45.460000000000356,15.319999999999766
45.460000000000356,15.339999999999765
45.460000000000356,15.359999999999765
45.460000000000356,15.379999999999765
45.460000000000356,15.399999999999764
45.460000000000356,15.419999999999764
45.460000000000356,15.439999999999763
45.460000000000356,15.459999999999763
45.460000000000356,15.479999999999762
45.460000000000356,15.499999999999762
45.460000000000356,15.519999999999762
45.460000000000356,15.539999999999761
45.460000000000356,15.55999999999976
45.460000000000356,15.57999999999976
45.460000000000356,15.59999999999976
45.460000000000356,15.61999999999976
45.460000000000356,15.639999999999759
45.460000000000356,15.659999999999759
45.460000000000356,15.679999999999758
45.460000000000356,15.699999999999758
45.460000000000356,15.719999999999757
45.460000000000356,15.739999999999757
45.460000000000356,15.759999999999756
45.460000000000356,15.779999999999756
45.460000000000356,15.799999999999756
45.460000000000356,15.819999999999755
45.460000000000356,15.839999999999755
45.460000000000356,15.859999999999754
45.460000000000356,15.879999999999754
45.460000000000356,15.899999999999753
45.460000000000356,15.919999999999753
45.460000000000356,15.939999999999753
45.460000000000356,15.959999999999752
45.460000000000356,15.979999999999752
45.460000000000356,15.999999999999751
45.460000000000356,16.01999999999975
45.460000000000356,16.03999999999975
45.460000000000356,16.05999999999975
45.460000000000356,16.07999999999975
45.460000000000356,16.09999999999975
45.460000000000356,16.11999999999975
45.460000000000356,16.13999999999975
45.460000000000356,16.159999999999748
45.460000000000356,16.179999999999747
45.460000000000356,16.199999999999747
45.460000000000356,16.219999999999747
45.460000000000356,16.239999999999746
45.460000000000356,16.259999999999746
45.460000000000356,16.279999999999745
45.460000000000356,16.299999999999745
45.460000000000356,16.319999999999744
45.460000000000356,16.339999999999744
45.460000000000356,16.359999999999744
45.460000000000356,16.379999999999743
45.460000000000356,16.399999999999743
45.460000000000356,16.419999999999742
45.460000000000356,16.439999999999742
45.460000000000356,16.45999999999974
45.460000000000356,16.47999999999974
45.460000000000356,16.49999999999974
45.460000000000356,16.51999999999974
45.460000000000356,16.53999999999974
45.460000000000356,16.55999999999974
45.460000000000356,16.57999999999974
45.460000000000356,16.59999999999974
45.460000000000356,16.619999999999738
45.460000000000356,16.639999999999738
45.460000000000356,16.659999999999737
45.460000000000356,16.679999999999737
45.460000000000356,16.699999999999736
45.460000000000356,16.719999999999736
45.460000000000356,16.739999999999736
45.48000000000036,12.979999999999816
45.48000000000036,12.999999999999815
45.48000000000036,13.019999999999815
45.48000000000036,13.039999999999814
45.48000000000036,13.059999999999814
45.48000000000036,13.079999999999814
45.48000000000036,13.099999999999813
45.48000000000036,13.119999999999813
45.48000000000036,13.139999999999812
45.48000000000036,13.159999999999812
45.48000000000036,13.179999999999811
45.48000000000036,13.199999999999811
45.48000000000036,13.21999999999981
45.48000000000036,13.23999999999981
45.48000000000036,13.25999999999981
45.48000000000036,13.27999999999981
45.48000000000036,13.299999999999809
45.48000000000036,13.319999999999808
45.48000000000036,13.339999999999808
45.48000000000036,13.359999999999808
45.48000000000036,13.379999999999807
45.48000000000036,13.399999999999807
45.48000000000036,13.419999999999806
45.48000000000036,13.439999999999806
45.48000000000036,13.459999999999805
45.48000000000036,13.479999999999805
45.48000000000036,13.499999999999805
45.48000000000036,13.519999999999804
45.48000000000036,13.539999999999804
45.48000000000036,13.559999999999803
45.48000000000036,13.579999999999803
45.48000000000036,13.599999999999802
45.48000000000036,13.619999999999802
45.48000000000036,13.639999999999802
45.48000000000036,13.659999999999801
45.48000000000036,13.6799999999998
45.48000000000036,13.6999999999998
45.48000000000036,13.7199999999998
45.48000000000036,13.7399999999998
45.48000000000036,13.759999999999799
45.48000000000036,13.779999999999799
45.48000000000036,13.799999999999798
45.48000000000036,13.819999999999798
45.48000000000036,13.839999999999797
45.48000000000036,13.859999999999797
45.48000000000036,13.879999999999797
45.48000000000036,13.899999999999796
45.48000000000036,13.919999999999796
45.48000000000036,13.939999999999795
45.48000000000036,13.959999999999795
45.48000000000036,13.979999999999794
45.48000000000036,13.999999999999794
45.48000000000036,14.019999999999794
45.48000000000036,14.039999999999793
45.48000000000036,14.059999999999793
45.48000000000036,14.079999999999792
45.48000000000036,14.099999999999792
45.48000000000036,14.119999999999791
45.48000000000036,14.139999999999791
45.48000000000036,14.15999999999979
45.48000000000036,14.17999999999979
45.48000000000036,14.19999999999979
45.48000000000036,14.21999999999979
45.48000000000036,14.239999999999789
45.48000000000036,14.259999999999788
45.48000000000036,14.279999999999788
45.48000000000036,14.299999999999788
45.48000000000036,14.319999999999787
45.48000000000036,14.339999999999787
45.48000000000036,14.359999999999786
45.48000000000036,14.379999999999786
45.48000000000036,14.399999999999785
45.48000000000036,14.419999999999785
45.48000000000036,14.439999999999785
45.48000000000036,14.459999999999784
45.48000000000036,14.479999999999784
45.48000000000036,14.499999999999783
45.48000000000036,14.519999999999783
45.48000000000036,14.539999999999782
45.48000000000036,14.559999999999782
45.48000000000036,14.579999999999782
45.48000000000036,14.599999999999781
45.48000000000036,14.61999999999978
45.48000000000036,14.63999999999978
45.48000000000036,14.65999999999978
45.48000000000036,14.67999999999978
45.48000000000036,14.699999999999779
45.48000000000036,14.719999999999779
45.48000000000036,14.739999999999778
45.48000000000036,14.759999999999778
45.48000000000036,14.779999999999777
45.48000000000036,14.799999999999777
45.48000000000036,14.819999999999776
45.48000000000036,14.839999999999776
45.48000000000036,14.859999999999776
45.48000000000036,14.879999999999775
45.48000000000036,14.899999999999775
45.48000000000036,14.919999999999774
45.48000000000036,14.939999999999774
45.48000000000036,14.959999999999773
45.48000000000036,14.979999999999773
45.48000000000036,14.999999999999773
45.48000000000036,15.019999999999772
45.48000000000036,15.039999999999772
45.48000000000036,15.059999999999771
45.48000000000036,15.079999999999771
45.48000000000036,15.09999999999977
45.48000000000036,15.11999999999977
45.48000000000036,15.13999999999977
45.48000000000036,15.15999999999977
45.48000000000036,15.179999999999769
45.48000000000036,15.199999999999768
45.48000000000036,15.219999999999768
45.48000000000036,15.239999999999768
45.48000000000036,15.259999999999767
45.48000000000036,15.279999999999767
45.48000000000036,15.299999999999766
45.48000000000036,15.319999999999766
45.48000000000036,15.339999999999765
45.48000000000036,15.359999999999765
45.48000000000036,15.379999999999765
45.48000000000036,15.399999999999764
45.48000000000036,15.419999999999764
45.48000000000036,15.439999999999763
45.48000000000036,15.459999999999763
45.48000000000036,15.479999999999762
45.48000000000036,15.499999999999762
45.48000000000036,15.519999999999762
45.48000000000036,15.539999999999761
45.48000000000036,15.55999999999976
45.48000000000036,15.57999999999976
45.48000000000036,15.59999999999976
45.48000000000036,15.61999999999976
45.48000000000036,15.639999999999759
45.48000000000036,15.659999999999759
45.48000000000036,15.679999999999758
45.48000000000036,15.699999999999758
45.48000000000036,15.719999999999757
45.48000000000036,15.739999999999757
45.48000000000036,15.759999999999756
45.48000000000036,15.779999999999756
45.48000000000036,15.799999999999756
45.48000000000036,15.819999999999755
45.48000000000036,15.839999999999755
45.48000000000036,15.859999999999754
45.48000000000036,15.879999999999754
45.48000000000036,15.899999999999753
45.48000000000036,15.919999999999753
45.48000000000036,15.939999999999753
45.48000000000036,15.959999999999752
45.48000000000036,15.979999999999752
45.48000000000036,15.999999999999751
45.48000000000036,16.01999999999975
45.48000000000036,16.03999999999975
45.48000000000036,16.05999999999975
45.48000000000036,16.07999999999975
45.48000000000036,16.09999999999975
45.48000000000036,16.11999999999975
45.48000000000036,16.13999999999975
45.48000000000036,16.159999999999748
45.48000000000036,16.179999999999747
45.48000000000036,16.199999999999747
45.48000000000036,16.219999999999747
45.48000000000036,16.239999999999746
45.48000000000036,16.259999999999746
45.48000000000036,16.279999999999745
45.48000000000036,16.299999999999745
45.48000000000036,16.319999999999744
45.48000000000036,16.339999999999744
45.48000000000036,16.359999999999744
45.48000000000036,16.379999999999743
45.48000000000036,16.399999999999743
45.48000000000036,16.419999999999742
45.48000000000036,16.439999999999742
45.48000000000036,16.45999999999974
45.48000000000036,16.47999999999974
45.48000000000036,16.49999999999974
45.48000000000036,16.51999999999974
45.48000000000036,16.53999999999974
45.48000000000036,16.55999999999974
45.48000000000036,16.57999999999974
45.48000000000036,16.59999999999974
45.48000000000036,16.619999999999738
45.48000000000036,16.639999999999738
45.48000000000036,16.659999999999737
45.48000000000036,16.679999999999737
45.48000000000036,16.699999999999736
45.48000000000036,16.719999999999736
45.48000000000036,16.739999999999736
45.50000000000036,12.979999999999816
45.50000000000036,12.999999999999815
45.50000000000036,13.019999999999815
45.50000000000036,13.039999999999814
45.50000000000036,13.059999999999814
45.50000000000036,13.079999999999814
45.50000000000036,13.099999999999813
45.50000000000036,13.119999999999813
45.50000000000036,13.139999999999812
45.50000000000036,13.159999999999812
45.50000000000036,13.179999999999811
45.50000000000036,13.199999999999811
45.50000000000036,13.21999999999981
45.50000000000036,13.23999999999981
45.50000000000036,13.25999999999981
45.50000000000036,13.27999999999981
45.50000000000036,13.299999999999809
45.50000000000036,13.319999999999808
45.50000000000036,13.339999999999808
45.50000000000036,13.359999999999808
45.50000000000036,13.379999999999807
45.50000000000036,13.399999999999807
45.50000000000036,13.419999999999806
45.50000000000036,13.439999999999806
45.50000000000036,13.459999999999805
45.50000000000036,13.479999999999805
45.50000000000036,13.499999999999805
45.50000000000036,13.519999999999804
45.50000000000036,13.539999999999804
45.50000000000036,13.559999999999803
45.50000000000036,13.579999999999803
45.50000000000036,13.599999999999802
45.50000000000036,13.619999999999802
45.50000000000036,13.639999999999802
45.50000000000036,13.659999999999801
45.50000000000036,13.6799999999998
45.50000000000036,13.6999999999998
45.50000000000036,13.7199999999998
45.50000000000036,13.7399999999998
45.50000000000036,13.759999999999799
45.50000000000036,13.779999999999799
45.50000000000036,13.799999999999798
45.50000000000036,13.819999999999798
45.50000000000036,13.839999999999797
45.50000000000036,13.859999999999797
45.50000000000036,13.879999999999797
45.50000000000036,13.899999999999796
45.50000000000036,13.919999999999796
45.50000000000036,13.939999999999795
45.50000000000036,13.959999999999795
45.50000000000036,13.979999999999794
45.50000000000036,13.999999999999794
45.50000000000036,14.019999999999794
45.50000000000036,14.039999999999793
45.50000000000036,14.059999999999793
45.50000000000036,14.079999999999792
45.50000000000036,14.099999999999792
45.50000000000036,14.119999999999791
45.50000000000036,14.139999999999791
45.50000000000036,14.15999999999979
45.50000000000036,14.17999999999979
45.50000000000036,14.19999999999979
45.50000000000036,14.21999999999979
45.50000000000036,14.239999999999789
45.50000000000036,14.259999999999788
45.50000000000036,14.279999999999788
45.50000000000036,14.299999999999788
45.50000000000036,14.319999999999787
45.50000000000036,14.339999999999787
45.50000000000036,14.359999999999786
45.50000000000036,14.379999999999786
45.50000000000036,14.399999999999785
45.50000000000036,14.419999999999785
45.50000000000036,14.439999999999785
45.50000000000036,14.459999999999784
45.50000000000036,14.479999999999784
45.50000000000036,14.499999999999783
45.50000000000036,14.519999999999783
45.50000000000036,14.539999999999782
45.50000000000036,14.559999999999782
45.50000000000036,14.579999999999782
45.50000000000036,14.599999999999781
45.50000000000036,14.61999999999978
45.50000000000036,14.63999999999978
45.50000000000036,14.65999999999978
45.50000000000036,14.67999999999978
45.50000000000036,14.699999999999779
45.50000000000036,14.719999999999779
45.50000000000036,14.739999999999778
45.50000000000036,14.759999999999778
45.50000000000036,14.779999999999777
45.50000000000036,14.799999999999777
45.50000000000036,14.819999999999776
45.50000000000036,14.839999999999776
45.50000000000036,14.859999999999776
45.50000000000036,14.879999999999775
45.50000000000036,14.899999999999775
45.50000000000036,14.919999999999774
45.50000000000036,14.939999999999774
45.50000000000036,14.959999999999773
45.50000000000036,14.979999999999773
45.50000000000036,14.999999999999773
45.50000000000036,15.019999999999772
45.50000000000036,15.039999999999772
45.50000000000036,15.059999999999771
45.50000000000036,15.079999999999771
45.50000000000036,15.09999999999977
45.50000000000036,15.11999999999977
45.50000000000036,15.13999999999977
45.50000000000036,15.15999999999977
45.50000000000036,15.179999999999769
45.50000000000036,15.199999999999768
45.50000000000036,15.219999999999768
45.50000000000036,15.239999999999768
45.50000000000036,15.259999999999767
45.50000000000036,15.279999999999767
45.50000000000036,15.299999999999766
45.50000000000036,15.319999999999766
45.50000000000036,15.339999999999765
45.50000000000036,15.359999999999765
45.50000000000036,15.379999999999765
45.50000000000036,15.399999999999764
45.50000000000036,15.419999999999764
45.50000000000036,15.439999999999763
45.50000000000036,15.459999999999763
45.50000000000036,15.479999999999762
45.50000000000036,15.499999999999762
45.50000000000036,15.519999999999762
45.50000000000036,15.539999999999761
45.50000000000036,15.55999999999976
45.50000000000036,15.57999999999976
45.50000000000036,15.59999999999976
45.50000000000036,15.61999999999976
45.50000000000036,15.639999999999759
45.50000000000036,15.659999999999759
45.50000000000036,15.679999999999758
45.50000000000036,15.699999999999758
45.50000000000036,15.719999999999757
45.50000000000036,15.739999999999757
45.50000000000036,15.759999999999756
45.50000000000036,15.779999999999756
45.50000000000036,15.799999999999756
45.50000000000036,15.819999999999755
45.50000000000036,15.839999999999755
45.50000000000036,15.859999999999754
45.50000000000036,15.879999999999754
45.50000000000036,15.899999999999753
45.50000000000036,15.919999999999753
45.50000000000036,15.939999999999753
45.50000000000036,15.959999999999752
45.50000000000036,15.979999999999752
45.50000000000036,15.999999999999751
45.50000000000036,16.01999999999975
45.50000000000036,16.03999999999975
45.50000000000036,16.05999999999975
45.50000000000036,16.07999999999975
45.50000000000036,16.09999999999975
45.50000000000036,16.11999999999975
45.50000000000036,16.13999999999975
45.50000000000036,16.159999999999748
45.50000000000036,16.179999999999747
45.50000000000036,16.199999999999747
45.50000000000036,16.219999999999747
45.50000000000036,16.239999999999746
45.50000000000036,16.259999999999746
45.50000000000036,16.279999999999745
45.50000000000036,16.299999999999745
45.50000000000036,16.319999999999744
45.50000000000036,16.339999999999744
45.50000000000036,16.359999999999744
45.50000000000036,16.379999999999743
45.50000000000036,16.399999999999743
45.50000000000036,16.419999999999742
45.50000000000036,16.439999999999742
45.50000000000036,16.45999999999974
45.50000000000036,16.47999999999974
45.50000000000036,16.49999999999974
45.50000000000036,16.51999999999974
45.50000000000036,16.53999999999974
45.50000000000036,16.55999999999974
45.50000000000036,16.57999999999974
45.50000000000036,16.59999999999974
45.50000000000036,16.619999999999738
45.50000000000036,16.639999999999738
45.50000000000036,16.659999999999737
45.50000000000036,16.679999999999737
45.50000000000036,16.699999999999736
45.50000000000036,16.719999999999736
45.50000000000036,16.739999999999736
45.520000000000366,12.979999999999816
45.520000000000366,12.999999999999815
45.520000000000366,13.019999999999815
45.520000000000366,13.039999999999814
45.520000000000366,13.059999999999814
45.520000000000366,13.079999999999814
45.520000000000366,13.099999999999813
45.520000000000366,13.119999999999813
45.520000000000366,13.139999999999812
45.520000000000366,13.159999999999812
45.520000000000366,13.179999999999811
45.520000000000366,13.199999999999811
45.520000000000366,13.21999999999981
45.520000000000366,13.23999999999981
45.520000000000366,13.25999999999981
45.520000000000366,13.27999999999981
45.520000000000366,13.299999999999809
45.520000000000366,13.319999999999808
45.520000000000366,13.339999999999808
45.520000000000366,13.359999999999808
45.520000000000366,13.379999999999807
45.520000000000366,13.399999999999807
45.520000000000366,13.419999999999806
45.520000000000366,13.439999999999806
45.520000000000366,13.459999999999805
45.520000000000366,13.479999999999805
45.520000000000366,13.499999999999805
45.520000000000366,13.519999999999804
45.520000000000366,13.539999999999804
45.520000000000366,13.559999999999803
45.520000000000366,13.579999999999803
45.520000000000366,13.599999999999802
45.520000000000366,13.619999999999802
45.520000000000366,13.639999999999802
45.520000000000366,13.659999999999801
45.520000000000366,13.6799999999998
45.520000000000366,13.6999999999998
45.520000000000366,13.7199999999998
45.520000000000366,13.7399999999998
45.520000000000366,13.759999999999799
45.520000000000366,13.779999999999799
45.520000000000366,13.799999999999798
45.520000000000366,13.819999999999798
45.520000000000366,13.839999999999797
45.520000000000366,13.859999999999797
45.520000000000366,13.879999999999797
45.520000000000366,13.899999999999796
45.520000000000366,13.919999999999796
45.520000000000366,13.939999999999795
45.520000000000366,13.959999999999795
45.520000000000366,13.979999999999794
45.520000000000366,13.999999999999794
45.520000000000366,14.019999999999794
45.520000000000366,14.039999999999793
45.520000000000366,14.059999999999793
45.520000000000366,14.079999999999792
45.520000000000366,14.099999999999792
45.520000000000366,14.119999999999791
45.520000000000366,14.139999999999791
45.520000000000366,14.15999999999979
45.520000000000366,14.17999999999979
45.520000000000366,14.19999999999979
45.520000000000366,14.21999999999979
45.520000000000366,14.239999999999789
45.520000000000366,14.259999999999788
45.520000000000366,14.279999999999788
45.520000000000366,14.299999999999788
45.520000000000366,14.319999999999787
45.520000000000366,14.339999999999787
45.520000000000366,14.359999999999786
45.520000000000366,14.379999999999786
45.520000000000366,14.399999999999785
45.520000000000366,14.419999999999785
45.520000000000366,14.439999999999785
45.520000000000366,14.459999999999784
45.520000000000366,14.479999999999784
45.520000000000366,14.499999999999783
45.520000000000366,14.519999999999783
45.520000000000366,14.539999999999782
45.520000000000366,14.559999999999782
45.520000000000366,14.579999999999782
45.520000000000366,14.599999999999781
45.520000000000366,14.61999999999978
45.520000000000366,14.63999999999978
45.520000000000366,14.65999999999978
45.520000000000366,14.67999999999978
45.520000000000366,14.699999999999779
45.520000000000366,14.719999999999779
45.520000000000366,14.739999999999778
45.520000000000366,14.759999999999778
45.520000000000366,14.779999999999777
45.520000000000366,14.799999999999777
45.520000000000366,14.819999999999776
45.520000000000366,14.839999999999776
45.520000000000366,14.859999999999776
45.520000000000366,14.879999999999775
45.520000000000366,14.899999999999775
45.520000000000366,14.919999999999774
45.520000000000366,14.939999999999774
45.520000000000366,14.959999999999773
45.520000000000366,14.979999999999773
45.520000000000366,14.999999999999773
45.520000000000366,15.019999999999772
45.520000000000366,15.039999999999772
45.520000000000366,15.059999999999771
45.520000000000366,15.079999999999771
45.520000000000366,15.09999999999977
45.520000000000366,15.11999999999977
45.520000000000366,15.13999999999977
45.520000000000366,15.15999999999977
45.520000000000366,15.179999999999769
45.520000000000366,15.199999999999768
45.520000000000366,15.219999999999768
45.520000000000366,15.239999999999768
45.520000000000366,15.259999999999767
45.520000000000366,15.279999999999767
45.520000000000366,15.299999999999766
45.520000000000366,15.319999999999766
45.520000000000366,15.339999999999765
45.520000000000366,15.359999999999765
45.520000000000366,15.379999999999765
45.520000000000366,15.399999999999764
45.520000000000366,15.419999999999764
45.520000000000366,15.439999999999763
45.520000000000366,15.459999999999763
45.520000000000366,15.479999999999762
45.520000000000366,15.499999999999762
45.520000000000366,15.519999999999762
45.520000000000366,15.539999999999761
45.520000000000366,15.55999999999976
45.520000000000366,15.57999999999976
45.520000000000366,15.59999999999976
45.520000000000366,15.61999999999976
45.520000000000366,15.639999999999759
45.520000000000366,15.659999999999759
45.520000000000366,15.679999999999758
45.520000000000366,15.699999999999758
45.520000000000366,15.719999999999757
45.520000000000366,15.739999999999757
45.520000000000366,15.759999999999756
45.520000000000366,15.779999999999756
45.520000000000366,15.799999999999756
45.520000000000366,15.819999999999755
45.520000000000366,15.839999999999755
45.520000000000366,15.859999999999754
45.520000000000366,15.879999999999754
45.520000000000366,15.899999999999753
45.520000000000366,15.919999999999753
45.520000000000366,15.939999999999753
45.520000000000366,15.959999999999752
45.520000000000366,15.979999999999752
45.520000000000366,15.999999999999751
45.520000000000366,16.01999999999975
45.520000000000366,16.03999999999975
45.520000000000366,16.05999999999975
45.520000000000366,16.07999999999975
45.520000000000366,16.09999999999975
45.520000000000366,16.11999999999975
45.520000000000366,16.13999999999975
45.520000000000366,16.159999999999748
45.520000000000366,16.179999999999747
45.520000000000366,16.199999999999747
45.520000000000366,16.219999999999747
45.520000000000366,16.239999999999746
45.520000000000366,16.259999999999746
45.520000000000366,16.279999999999745
45.520000000000366,16.299999999999745
45.520000000000366,16.319999999999744
45.520000000000366,16.339999999999744
45.520000000000366,16.359999999999744
45.520000000000366,16.379999999999743
45.520000000000366,16.399999999999743
45.520000000000366,16.419999999999742
45.520000000000366,16.439999999999742
45.520000000000366,16.45999999999974
45.520000000000366,16.47999999999974
45.520000000000366,16.49999999999974
45.520000000000366,16.51999999999974
45.520000000000366,16.53999999999974
45.520000000000366,16.55999999999974
45.520000000000366,16.57999999999974
45.520000000000366,16.59999999999974
45.520000000000366,16.619999999999738
45.520000000000366,16.639999999999738
45.520000000000366,16.659999999999737
45.520000000000366,16.679999999999737
45.520000000000366,16.699999999999736
45.520000000000366,16.719999999999736
45.520000000000366,16.739999999999736
45.54000000000037,12.979999999999816
45.54000000000037,12.999999999999815
45.54000000000037,13.019999999999815
45.54000000000037,13.039999999999814
45.54000000000037,13.059999999999814
45.54000000000037,13.079999999999814
45.54000000000037,13.099999999999813
45.54000000000037,13.119999999999813
45.54000000000037,13.139999999999812
45.54000000000037,13.159999999999812
45.54000000000037,13.179999999999811
45.54000000000037,13.199999999999811
45.54000000000037,13.21999999999981
45.54000000000037,13.23999999999981
45.54000000000037,13.25999999999981
45.54000000000037,13.27999999999981
45.54000000000037,13.299999999999809
45.54000000000037,13.319999999999808
45.54000000000037,13.339999999999808
45.54000000000037,13.359999999999808
45.54000000000037,13.379999999999807
45.54000000000037,13.399999999999807
45.54000000000037,13.419999999999806
45.54000000000037,13.439999999999806
45.54000000000037,13.459999999999805
45.54000000000037,13.479999999999805
45.54000000000037,13.499999999999805
45.54000000000037,13.519999999999804
45.54000000000037,13.539999999999804
45.54000000000037,13.559999999999803
45.54000000000037,13.579999999999803
45.54000000000037,13.599999999999802
45.54000000000037,13.619999999999802
45.54000000000037,13.639999999999802
45.54000000000037,13.659999999999801
45.54000000000037,13.6799999999998
45.54000000000037,13.6999999999998
45.54000000000037,13.7199999999998
45.54000000000037,13.7399999999998
45.54000000000037,13.759999999999799
45.54000000000037,13.779999999999799
45.54000000000037,13.799999999999798
45.54000000000037,13.819999999999798
45.54000000000037,13.839999999999797
45.54000000000037,13.859999999999797
45.54000000000037,13.879999999999797
45.54000000000037,13.899999999999796
45.54000000000037,13.919999999999796
45.54000000000037,13.939999999999795
45.54000000000037,13.959999999999795
45.54000000000037,13.979999999999794
45.54000000000037,13.999999999999794
45.54000000000037,14.019999999999794
45.54000000000037,14.039999999999793
45.54000000000037,14.059999999999793
45.54000000000037,14.079999999999792
45.54000000000037,14.099999999999792
45.54000000000037,14.119999999999791
45.54000000000037,14.139999999999791
45.54000000000037,14.15999999999979
45.54000000000037,14.17999999999979
45.54000000000037,14.19999999999979
45.54000000000037,14.21999999999979
45.54000000000037,14.239999999999789
45.54000000000037,14.259999999999788
45.54000000000037,14.279999999999788
45.54000000000037,14.299999999999788
45.54000000000037,14.319999999999787
45.54000000000037,14.339999999999787
45.54000000000037,14.359999999999786
45.54000000000037,14.379999999999786
45.54000000000037,14.399999999999785
45.54000000000037,14.419999999999785
45.54000000000037,14.439999999999785
45.54000000000037,14.459999999999784
45.54000000000037,14.479999999999784
45.54000000000037,14.499999999999783
45.54000000000037,14.519999999999783
45.54000000000037,14.539999999999782
45.54000000000037,14.559999999999782
45.54000000000037,14.579999999999782
45.54000000000037,14.599999999999781
45.54000000000037,14.61999999999978
45.54000000000037,14.63999999999978
45.54000000000037,14.65999999999978
45.54000000000037,14.67999999999978
45.54000000000037,14.699999999999779
45.54000000000037,14.719999999999779
45.54000000000037,14.739999999999778
45.54000000000037,14.759999999999778
45.54000000000037,14.779999999999777
45.54000000000037,14.799999999999777
45.54000000000037,14.819999999999776
45.54000000000037,14.839999999999776
45.54000000000037,14.859999999999776
45.54000000000037,14.879999999999775
45.54000000000037,14.899999999999775
45.54000000000037,14.919999999999774
45.54000000000037,14.939999999999774
45.54000000000037,14.959999999999773
45.54000000000037,14.979999999999773
45.54000000000037,14.999999999999773
45.54000000000037,15.019999999999772
45.54000000000037,15.039999999999772
45.54000000000037,15.059999999999771
45.54000000000037,15.079999999999771
45.54000000000037,15.09999999999977
45.54000000000037,15.11999999999977
45.54000000000037,15.13999999999977
45.54000000000037,15.15999999999977
45.54000000000037,15.179999999999769
45.54000000000037,15.199999999999768
45.54000000000037,15.219999999999768
45.54000000000037,15.239999999999768
45.54000000000037,15.259999999999767
45.54000000000037,15.279999999999767
45.54000000000037,15.299999999999766
45.54000000000037,15.319999999999766
45.54000000000037,15.339999999999765
45.54000000000037,15.359999999999765
45.54000000000037,15.379999999999765
45.54000000000037,15.399999999999764
45.54000000000037,15.419999999999764
45.54000000000037,15.439999999999763
45.54000000000037,15.459999999999763
45.54000000000037,15.479999999999762
45.54000000000037,15.499999999999762
45.54000000000037,15.519999999999762
45.54000000000037,15.539999999999761
45.54000000000037,15.55999999999976
45.54000000000037,15.57999999999976
45.54000000000037,15.59999999999976
45.54000000000037,15.61999999999976
45.54000000000037,15.639999999999759
45.54000000000037,15.659999999999759
45.54000000000037,15.679999999999758
45.54000000000037,15.699999999999758
45.54000000000037,15.719999999999757
45.54000000000037,15.739999999999757
45.54000000000037,15.759999999999756
45.54000000000037,15.779999999999756
45.54000000000037,15.799999999999756
45.54000000000037,15.819999999999755
45.54000000000037,15.839999999999755
45.54000000000037,15.859999999999754
45.54000000000037,15.879999999999754
45.54000000000037,15.899999999999753
45.54000000000037,15.919999999999753
45.54000000000037,15.939999999999753
45.54000000000037,15.959999999999752
45.54000000000037,15.979999999999752
45.54000000000037,15.999999999999751
45.54000000000037,16.01999999999975
45.54000000000037,16.03999999999975
45.54000000000037,16.05999999999975
45.54000000000037,16.07999999999975
45.54000000000037,16.09999999999975
45.54000000000037,16.11999999999975
45.54000000000037,16.13999999999975
45.54000000000037,16.159999999999748
45.54000000000037,16.179999999999747
45.54000000000037,16.199999999999747
45.54000000000037,16.219999999999747
45.54000000000037,16.239999999999746
45.54000000000037,16.259999999999746
45.54000000000037,16.279999999999745
45.54000000000037,16.299999999999745
45.54000000000037,16.319999999999744
45.54000000000037,16.339999999999744
45.54000000000037,16.359999999999744
45.54000000000037,16.379999999999743
45.54000000000037,16.399999999999743
45.54000000000037,16.419999999999742
45.54000000000037,16.439999999999742
45.54000000000037,16.45999999999974
45.54000000000037,16.47999999999974
45.54000000000037,16.49999999999974
45.54000000000037,16.51999999999974
45.54000000000037,16.53999999999974
45.54000000000037,16.55999999999974
45.54000000000037,16.57999999999974
45.54000000000037,16.59999999999974
45.54000000000037,16.619999999999738
45.54000000000037,16.639999999999738
45.54000000000037,16.659999999999737
45.54000000000037,16.679999999999737
45.54000000000037,16.699999999999736
45.54000000000037,16.719999999999736
45.54000000000037,16.739999999999736
45.56000000000037,12.979999999999816
45.56000000000037,12.999999999999815
45.56000000000037,13.019999999999815
45.56000000000037,13.039999999999814
45.56000000000037,13.059999999999814
45.56000000000037,13.079999999999814
45.56000000000037,13.099999999999813
45.56000000000037,13.119999999999813
45.56000000000037,13.139999999999812
45.56000000000037,13.159999999999812
45.56000000000037,13.179999999999811
45.56000000000037,13.199999999999811
45.56000000000037,13.21999999999981
45.56000000000037,13.23999999999981
45.56000000000037,13.25999999999981
45.56000000000037,13.27999999999981
45.56000000000037,13.299999999999809
45.56000000000037,13.319999999999808
45.56000000000037,13.339999999999808
45.56000000000037,13.359999999999808
45.56000000000037,13.379999999999807
45.56000000000037,13.399999999999807
45.56000000000037,13.419999999999806
45.56000000000037,13.439999999999806
45.56000000000037,13.459999999999805
45.56000000000037,13.479999999999805
45.56000000000037,13.499999999999805
45.56000000000037,13.519999999999804
45.56000000000037,13.539999999999804
45.56000000000037,13.559999999999803
45.56000000000037,13.579999999999803
45.56000000000037,13.599999999999802
45.56000000000037,13.619999999999802
45.56000000000037,13.639999999999802
45.56000000000037,13.659999999999801
45.56000000000037,13.6799999999998
45.56000000000037,13.6999999999998
45.56000000000037,13.7199999999998
45.56000000000037,13.7399999999998
45.56000000000037,13.759999999999799
45.56000000000037,13.779999999999799
45.56000000000037,13.799999999999798
45.56000000000037,13.819999999999798
45.56000000000037,13.839999999999797
45.56000000000037,13.859999999999797
45.56000000000037,13.879999999999797
45.56000000000037,13.899999999999796
45.56000000000037,13.919999999999796
45.56000000000037,13.939999999999795
45.56000000000037,13.959999999999795
45.56000000000037,13.979999999999794
45.56000000000037,13.999999999999794
45.56000000000037,14.019999999999794
45.56000000000037,14.039999999999793
45.56000000000037,14.059999999999793
45.56000000000037,14.079999999999792
45.56000000000037,14.099999999999792
45.56000000000037,14.119999999999791
45.56000000000037,14.139999999999791
45.56000000000037,14.15999999999979
45.56000000000037,14.17999999999979
45.56000000000037,14.19999999999979
45.56000000000037,14.21999999999979
45.56000000000037,14.239999999999789
45.56000000000037,14.259999999999788
45.56000000000037,14.279999999999788
45.56000000000037,14.299999999999788
45.56000000000037,14.319999999999787
45.56000000000037,14.339999999999787
45.56000000000037,14.359999999999786
45.56000000000037,14.379999999999786
45.56000000000037,14.399999999999785
45.56000000000037,14.419999999999785
45.56000000000037,14.439999999999785
45.56000000000037,14.459999999999784
45.56000000000037,14.479999999999784
45.56000000000037,14.499999999999783
45.56000000000037,14.519999999999783
45.56000000000037,14.539999999999782
45.56000000000037,14.559999999999782
45.56000000000037,14.579999999999782
45.56000000000037,14.599999999999781
45.56000000000037,14.61999999999978
45.56000000000037,14.63999999999978
45.56000000000037,14.65999999999978
45.56000000000037,14.67999999999978
45.56000000000037,14.699999999999779
45.56000000000037,14.719999999999779
45.56000000000037,14.739999999999778
45.56000000000037,14.759999999999778
45.56000000000037,14.779999999999777
45.56000000000037,14.799999999999777
45.56000000000037,14.819999999999776
45.56000000000037,14.839999999999776
45.56000000000037,14.859999999999776
45.56000000000037,14.879999999999775
45.56000000000037,14.899999999999775
45.56000000000037,14.919999999999774
45.56000000000037,14.939999999999774
45.56000000000037,14.959999999999773
45.56000000000037,14.979999999999773
45.56000000000037,14.999999999999773
45.56000000000037,15.019999999999772
45.56000000000037,15.039999999999772
45.56000000000037,15.059999999999771
45.56000000000037,15.079999999999771
45.56000000000037,15.09999999999977
45.56000000000037,15.11999999999977
45.56000000000037,15.13999999999977
45.56000000000037,15.15999999999977
45.56000000000037,15.179999999999769
45.56000000000037,15.199999999999768
45.56000000000037,15.219999999999768
45.56000000000037,15.239999999999768
45.56000000000037,15.259999999999767
45.56000000000037,15.279999999999767
45.56000000000037,15.299999999999766
45.56000000000037,15.319999999999766
45.56000000000037,15.339999999999765
45.56000000000037,15.359999999999765
45.56000000000037,15.379999999999765
45.56000000000037,15.399999999999764
45.56000000000037,15.419999999999764
45.56000000000037,15.439999999999763
45.56000000000037,15.459999999999763
45.56000000000037,15.479999999999762
45.56000000000037,15.499999999999762
45.56000000000037,15.519999999999762
45.56000000000037,15.539999999999761
45.56000000000037,15.55999999999976
45.56000000000037,15.57999999999976
45.56000000000037,15.59999999999976
45.56000000000037,15.61999999999976
45.56000000000037,15.639999999999759
45.56000000000037,15.659999999999759
45.56000000000037,15.679999999999758
45.56000000000037,15.699999999999758
45.56000000000037,15.719999999999757
45.56000000000037,15.739999999999757
45.56000000000037,15.759999999999756
45.56000000000037,15.779999999999756
45.56000000000037,15.799999999999756
45.56000000000037,15.819999999999755
45.56000000000037,15.839999999999755
45.56000000000037,15.859999999999754
45.56000000000037,15.879999999999754
45.56000000000037,15.899999999999753
45.56000000000037,15.919999999999753
45.56000000000037,15.939999999999753
45.56000000000037,15.959999999999752
45.56000000000037,15.979999999999752
45.56000000000037,15.999999999999751
45.56000000000037,16.01999999999975
45.56000000000037,16.03999999999975
45.56000000000037,16.05999999999975
45.56000000000037,16.07999999999975
45.56000000000037,16.09999999999975
45.56000000000037,16.11999999999975
45.56000000000037,16.13999999999975
45.56000000000037,16.159999999999748
45.56000000000037,16.179999999999747
45.56000000000037,16.199999999999747
45.56000000000037,16.219999999999747
45.56000000000037,16.239999999999746
45.56000000000037,16.259999999999746
45.56000000000037,16.279999999999745
45.56000000000037,16.299999999999745
45.56000000000037,16.319999999999744
45.56000000000037,16.339999999999744
45.56000000000037,16.359999999999744
45.56000000000037,16.379999999999743
45.56000000000037,16.399999999999743
45.56000000000037,16.419999999999742
45.56000000000037,16.439999999999742
45.56000000000037,16.45999999999974
45.56000000000037,16.47999999999974
45.56000000000037,16.49999999999974
45.56000000000037,16.51999999999974
45.56000000000037,16.53999999999974
45.56000000000037,16.55999999999974
45.56000000000037,16.57999999999974
45.56000000000037,16.59999999999974
45.56000000000037,16.619999999999738
45.56000000000037,16.639999999999738
45.56000000000037,16.659999999999737
45.56000000000037,16.679999999999737
45.56000000000037,16.699999999999736
45.56000000000037,16.719999999999736
45.56000000000037,16.739999999999736
45.580000000000375,12.979999999999816
45.580000000000375,12.999999999999815
45.580000000000375,13.019999999999815
45.580000000000375,13.039999999999814
45.580000000000375,13.059999999999814
45.580000000000375,13.079999999999814
45.580000000000375,13.099999999999813
45.580000000000375,13.119999999999813
45.580000000000375,13.139999999999812
45.580000000000375,13.159999999999812
45.580000000000375,13.179999999999811
45.580000000000375,13.199999999999811
45.580000000000375,13.21999999999981
45.580000000000375,13.23999999999981
45.580000000000375,13.25999999999981
45.580000000000375,13.27999999999981
45.580000000000375,13.299999999999809
45.580000000000375,13.319999999999808
45.580000000000375,13.339999999999808
45.580000000000375,13.359999999999808
45.580000000000375,13.379999999999807
45.580000000000375,13.399999999999807
45.580000000000375,13.419999999999806
45.580000000000375,13.439999999999806
45.580000000000375,13.459999999999805
45.580000000000375,13.479999999999805
45.580000000000375,13.499999999999805
45.580000000000375,13.519999999999804
45.580000000000375,13.539999999999804
45.580000000000375,13.559999999999803
45.580000000000375,13.579999999999803
45.580000000000375,13.599999999999802
45.580000000000375,13.619999999999802
45.580000000000375,13.639999999999802
45.580000000000375,13.659999999999801
45.580000000000375,13.6799999999998
45.580000000000375,13.6999999999998
45.580000000000375,13.7199999999998
45.580000000000375,13.7399999999998
45.580000000000375,13.759999999999799
45.580000000000375,13.779999999999799
45.580000000000375,13.799999999999798
45.580000000000375,13.819999999999798
45.580000000000375,13.839999999999797
45.580000000000375,13.859999999999797
45.580000000000375,13.879999999999797
45.580000000000375,13.899999999999796
45.580000000000375,13.919999999999796
45.580000000000375,13.939999999999795
45.580000000000375,13.959999999999795
45.580000000000375,13.979999999999794
45.580000000000375,13.999999999999794
45.580000000000375,14.019999999999794
45.580000000000375,14.039999999999793
45.580000000000375,14.059999999999793
45.580000000000375,14.079999999999792
45.580000000000375,14.099999999999792
45.580000000000375,14.119999999999791
45.580000000000375,14.139999999999791
45.580000000000375,14.15999999999979
45.580000000000375,14.17999999999979
45.580000000000375,14.19999999999979
45.580000000000375,14.21999999999979
45.580000000000375,14.239999999999789
45.580000000000375,14.259999999999788
45.580000000000375,14.279999999999788
45.580000000000375,14.299999999999788
45.580000000000375,14.319999999999787
45.580000000000375,14.339999999999787
45.580000000000375,14.359999999999786
45.580000000000375,14.379999999999786
45.580000000000375,14.399999999999785
45.580000000000375,14.419999999999785
45.580000000000375,14.439999999999785
45.580000000000375,14.459999999999784
45.580000000000375,14.479999999999784
45.580000000000375,14.499999999999783
45.580000000000375,14.519999999999783
45.580000000000375,14.539999999999782
45.580000000000375,14.559999999999782
45.580000000000375,14.579999999999782
45.580000000000375,14.599999999999781
45.580000000000375,14.61999999999978
45.580000000000375,14.63999999999978
45.580000000000375,14.65999999999978
45.580000000000375,14.67999999999978
45.580000000000375,14.699999999999779
45.580000000000375,14.719999999999779
45.580000000000375,14.739999999999778
45.580000000000375,14.759999999999778
45.580000000000375,14.779999999999777
45.580000000000375,14.799999999999777
45.580000000000375,14.819999999999776
45.580000000000375,14.839999999999776
45.580000000000375,14.859999999999776
45.580000000000375,14.879999999999775
45.580000000000375,14.899999999999775
45.580000000000375,14.919999999999774
45.580000000000375,14.939999999999774
45.580000000000375,14.959999999999773
45.580000000000375,14.979999999999773
45.580000000000375,14.999999999999773
45.580000000000375,15.019999999999772
45.580000000000375,15.039999999999772
45.580000000000375,15.059999999999771
45.580000000000375,15.079999999999771
45.580000000000375,15.09999999999977
45.580000000000375,15.11999999999977
45.580000000000375,15.13999999999977
45.580000000000375,15.15999999999977
45.580000000000375,15.179999999999769
45.580000000000375,15.199999999999768
45.580000000000375,15.219999999999768
45.580000000000375,15.239999999999768
45.580000000000375,15.259999999999767
45.580000000000375,15.279999999999767
45.580000000000375,15.299999999999766
45.580000000000375,15.319999999999766
45.580000000000375,15.339999999999765
45.580000000000375,15.359999999999765
45.580000000000375,15.379999999999765
45.580000000000375,15.399999999999764
45.580000000000375,15.419999999999764
45.580000000000375,15.439999999999763
45.580000000000375,15.459999999999763
45.580000000000375,15.479999999999762
45.580000000000375,15.499999999999762
45.580000000000375,15.519999999999762
45.580000000000375,15.539999999999761
45.580000000000375,15.55999999999976
45.580000000000375,15.57999999999976
45.580000000000375,15.59999999999976
45.580000000000375,15.61999999999976
45.580000000000375,15.639999999999759
45.580000000000375,15.659999999999759
45.580000000000375,15.679999999999758
45.580000000000375,15.699999999999758
45.580000000000375,15.719999999999757
45.580000000000375,15.739999999999757
45.580000000000375,15.759999999999756
45.580000000000375,15.779999999999756
45.580000000000375,15.799999999999756
45.580000000000375,15.819999999999755
45.580000000000375,15.839999999999755
45.580000000000375,15.859999999999754
45.580000000000375,15.879999999999754
45.580000000000375,15.899999999999753
45.580000000000375,15.919999999999753
45.580000000000375,15.939999999999753
45.580000000000375,15.959999999999752
45.580000000000375,15.979999999999752
45.580000000000375,15.999999999999751
45.580000000000375,16.01999999999975
45.580000000000375,16.03999999999975
45.580000000000375,16.05999999999975
45.580000000000375,16.07999999999975
45.580000000000375,16.09999999999975
45.580000000000375,16.11999999999975
45.580000000000375,16.13999999999975
45.580000000000375,16.159999999999748
45.580000000000375,16.179999999999747
45.580000000000375,16.199999999999747
45.580000000000375,16.219999999999747
45.580000000000375,16.239999999999746
45.580000000000375,16.259999999999746
45.580000000000375,16.279999999999745
45.580000000000375,16.299999999999745
45.580000000000375,16.319999999999744
45.580000000000375,16.339999999999744
45.580000000000375,16.359999999999744
45.580000000000375,16.379999999999743
45.580000000000375,16.399999999999743
45.580000000000375,16.419999999999742
45.580000000000375,16.439999999999742
45.580000000000375,16.45999999999974
45.580000000000375,16.47999999999974
45.580000000000375,16.49999999999974
45.580000000000375,16.51999999999974
45.580000000000375,16.53999999999974
45.580000000000375,16.55999999999974
45.580000000000375,16.57999999999974
45.580000000000375,16.59999999999974
45.580000000000375,16.619999999999738
45.580000000000375,16.639999999999738
45.580000000000375,16.659999999999737
45.580000000000375,16.679999999999737
45.580000000000375,16.699999999999736
45.580000000000375,16.719999999999736
45.580000000000375,16.739999999999736
45.60000000000038,12.979999999999816
45.60000000000038,12.999999999999815
45.60000000000038,13.019999999999815
45.60000000000038,13.039999999999814
45.60000000000038,13.059999999999814
45.60000000000038,13.079999999999814
45.60000000000038,13.099999999999813
45.60000000000038,13.119999999999813
45.60000000000038,13.139999999999812
45.60000000000038,13.159999999999812
45.60000000000038,13.179999999999811
45.60000000000038,13.199999999999811
45.60000000000038,13.21999999999981
45.60000000000038,13.23999999999981
45.60000000000038,13.25999999999981
45.60000000000038,13.27999999999981
45.60000000000038,13.299999999999809
45.60000000000038,13.319999999999808
45.60000000000038,13.339999999999808
45.60000000000038,13.359999999999808
45.60000000000038,13.379999999999807
45.60000000000038,13.399999999999807
45.60000000000038,13.419999999999806
45.60000000000038,13.439999999999806
45.60000000000038,13.459999999999805
45.60000000000038,13.479999999999805
45.60000000000038,13.499999999999805
45.60000000000038,13.519999999999804
45.60000000000038,13.539999999999804
45.60000000000038,13.559999999999803
45.60000000000038,13.579999999999803
45.60000000000038,13.599999999999802
45.60000000000038,13.619999999999802
45.60000000000038,13.639999999999802
45.60000000000038,13.659999999999801
45.60000000000038,13.6799999999998
45.60000000000038,13.6999999999998
45.60000000000038,13.7199999999998
45.60000000000038,13.7399999999998
45.60000000000038,13.759999999999799
45.60000000000038,13.779999999999799
45.60000000000038,13.799999999999798
45.60000000000038,13.819999999999798
45.60000000000038,13.839999999999797
45.60000000000038,13.859999999999797
45.60000000000038,13.879999999999797
45.60000000000038,13.899999999999796
45.60000000000038,13.919999999999796
45.60000000000038,13.939999999999795
45.60000000000038,13.959999999999795
45.60000000000038,13.979999999999794
45.60000000000038,13.999999999999794
45.60000000000038,14.019999999999794
45.60000000000038,14.039999999999793
45.60000000000038,14.059999999999793
45.60000000000038,14.079999999999792
45.60000000000038,14.099999999999792
45.60000000000038,14.119999999999791
45.60000000000038,14.139999999999791
45.60000000000038,14.15999999999979
45.60000000000038,14.17999999999979
45.60000000000038,14.19999999999979
45.60000000000038,14.21999999999979
45.60000000000038,14.239999999999789
45.60000000000038,14.259999999999788
45.60000000000038,14.279999999999788
45.60000000000038,14.299999999999788
45.60000000000038,14.319999999999787
45.60000000000038,14.339999999999787
45.60000000000038,14.359999999999786
45.60000000000038,14.379999999999786
45.60000000000038,14.399999999999785
45.60000000000038,14.419999999999785
45.60000000000038,14.439999999999785
45.60000000000038,14.459999999999784
45.60000000000038,14.479999999999784
45.60000000000038,14.499999999999783
45.60000000000038,14.519999999999783
45.60000000000038,14.539999999999782
45.60000000000038,14.559999999999782
45.60000000000038,14.579999999999782
45.60000000000038,14.599999999999781
45.60000000000038,14.61999999999978
45.60000000000038,14.63999999999978
45.60000000000038,14.65999999999978
45.60000000000038,14.67999999999978
45.60000000000038,14.699999999999779
45.60000000000038,14.719999999999779
45.60000000000038,14.739999999999778
45.60000000000038,14.759999999999778
45.60000000000038,14.779999999999777
45.60000000000038,14.799999999999777
45.60000000000038,14.819999999999776
45.60000000000038,14.839999999999776
45.60000000000038,14.859999999999776
45.60000000000038,14.879999999999775
45.60000000000038,14.899999999999775
45.60000000000038,14.919999999999774
45.60000000000038,14.939999999999774
45.60000000000038,14.959999999999773
45.60000000000038,14.979999999999773
45.60000000000038,14.999999999999773
45.60000000000038,15.019999999999772
45.60000000000038,15.039999999999772
45.60000000000038,15.059999999999771
45.60000000000038,15.079999999999771
45.60000000000038,15.09999999999977
45.60000000000038,15.11999999999977
45.60000000000038,15.13999999999977
45.60000000000038,15.15999999999977
45.60000000000038,15.179999999999769
45.60000000000038,15.199999999999768
45.60000000000038,15.219999999999768
45.60000000000038,15.239999999999768
45.60000000000038,15.259999999999767
45.60000000000038,15.279999999999767
45.60000000000038,15.299999999999766
45.60000000000038,15.319999999999766
45.60000000000038,15.339999999999765
45.60000000000038,15.359999999999765
45.60000000000038,15.379999999999765
45.60000000000038,15.399999999999764
45.60000000000038,15.419999999999764
45.60000000000038,15.439999999999763
45.60000000000038,15.459999999999763
45.60000000000038,15.479999999999762
45.60000000000038,15.499999999999762
45.60000000000038,15.519999999999762
45.60000000000038,15.539999999999761
45.60000000000038,15.55999999999976
45.60000000000038,15.57999999999976
45.60000000000038,15.59999999999976
45.60000000000038,15.61999999999976
45.60000000000038,15.639999999999759
45.60000000000038,15.659999999999759
45.60000000000038,15.679999999999758
45.60000000000038,15.699999999999758
45.60000000000038,15.719999999999757
45.60000000000038,15.739999999999757
45.60000000000038,15.759999999999756
45.60000000000038,15.779999999999756
45.60000000000038,15.799999999999756
45.60000000000038,15.819999999999755
45.60000000000038,15.839999999999755
45.60000000000038,15.859999999999754
45.60000000000038,15.879999999999754
45.60000000000038,15.899999999999753
45.60000000000038,15.919999999999753
45.60000000000038,15.939999999999753
45.60000000000038,15.959999999999752
45.60000000000038,15.979999999999752
45.60000000000038,15.999999999999751
45.60000000000038,16.01999999999975
45.60000000000038,16.03999999999975
45.60000000000038,16.05999999999975
45.60000000000038,16.07999999999975
45.60000000000038,16.09999999999975
45.60000000000038,16.11999999999975
45.60000000000038,16.13999999999975
45.60000000000038,16.159999999999748
45.60000000000038,16.179999999999747
45.60000000000038,16.199999999999747
45.60000000000038,16.219999999999747
45.60000000000038,16.239999999999746
45.60000000000038,16.259999999999746
45.60000000000038,16.279999999999745
45.60000000000038,16.299999999999745
45.60000000000038,16.319999999999744
45.60000000000038,16.339999999999744
45.60000000000038,16.359999999999744
45.60000000000038,16.379999999999743
45.60000000000038,16.399999999999743
45.60000000000038,16.419999999999742
45.60000000000038,16.439999999999742
45.60000000000038,16.45999999999974
45.60000000000038,16.47999999999974
45.60000000000038,16.49999999999974
45.60000000000038,16.51999999999974
45.60000000000038,16.53999999999974
45.60000000000038,16.55999999999974
45.60000000000038,16.57999999999974
45.60000000000038,16.59999999999974
45.60000000000038,16.619999999999738
45.60000000000038,16.639999999999738
45.60000000000038,16.659999999999737
45.60000000000038,16.679999999999737
45.60000000000038,16.699999999999736
45.60000000000038,16.719999999999736
45.60000000000038,16.739999999999736
45.62000000000038,12.979999999999816
45.62000000000038,12.999999999999815
45.62000000000038,13.019999999999815
45.62000000000038,13.039999999999814
45.62000000000038,13.059999999999814
45.62000000000038,13.079999999999814
45.62000000000038,13.099999999999813
45.62000000000038,13.119999999999813
45.62000000000038,13.139999999999812
45.62000000000038,13.159999999999812
45.62000000000038,13.179999999999811
45.62000000000038,13.199999999999811
45.62000000000038,13.21999999999981
45.62000000000038,13.23999999999981
45.62000000000038,13.25999999999981
45.62000000000038,13.27999999999981
45.62000000000038,13.299999999999809
45.62000000000038,13.319999999999808
45.62000000000038,13.339999999999808
45.62000000000038,13.359999999999808
45.62000000000038,13.379999999999807
45.62000000000038,13.399999999999807
45.62000000000038,13.419999999999806
45.62000000000038,13.439999999999806
45.62000000000038,13.459999999999805
45.62000000000038,13.479999999999805
45.62000000000038,13.499999999999805
45.62000000000038,13.519999999999804
45.62000000000038,13.539999999999804
45.62000000000038,13.559999999999803
45.62000000000038,13.579999999999803
45.62000000000038,13.599999999999802
45.62000000000038,13.619999999999802
45.62000000000038,13.639999999999802
45.62000000000038,13.659999999999801
45.62000000000038,13.6799999999998
45.62000000000038,13.6999999999998
45.62000000000038,13.7199999999998
45.62000000000038,13.7399999999998
45.62000000000038,13.759999999999799
45.62000000000038,13.779999999999799
45.62000000000038,13.799999999999798
45.62000000000038,13.819999999999798
45.62000000000038,13.839999999999797
45.62000000000038,13.859999999999797
45.62000000000038,13.879999999999797
45.62000000000038,13.899999999999796
45.62000000000038,13.919999999999796
45.62000000000038,13.939999999999795
45.62000000000038,13.959999999999795
45.62000000000038,13.979999999999794
45.62000000000038,13.999999999999794
45.62000000000038,14.019999999999794
45.62000000000038,14.039999999999793
45.62000000000038,14.059999999999793
45.62000000000038,14.079999999999792
45.62000000000038,14.099999999999792
45.62000000000038,14.119999999999791
45.62000000000038,14.139999999999791
45.62000000000038,14.15999999999979
45.62000000000038,14.17999999999979
45.62000000000038,14.19999999999979
45.62000000000038,14.21999999999979
45.62000000000038,14.239999999999789
45.62000000000038,14.259999999999788
45.62000000000038,14.279999999999788
45.62000000000038,14.299999999999788
45.62000000000038,14.319999999999787
45.62000000000038,14.339999999999787
45.62000000000038,14.359999999999786
45.62000000000038,14.379999999999786
45.62000000000038,14.399999999999785
45.62000000000038,14.419999999999785
45.62000000000038,14.439999999999785
45.62000000000038,14.459999999999784
45.62000000000038,14.479999999999784
45.62000000000038,14.499999999999783
45.62000000000038,14.519999999999783
45.62000000000038,14.539999999999782
45.62000000000038,14.559999999999782
45.62000000000038,14.579999999999782
45.62000000000038,14.599999999999781
45.62000000000038,14.61999999999978
45.62000000000038,14.63999999999978
45.62000000000038,14.65999999999978
45.62000000000038,14.67999999999978
45.62000000000038,14.699999999999779
45.62000000000038,14.719999999999779
45.62000000000038,14.739999999999778
45.62000000000038,14.759999999999778
45.62000000000038,14.779999999999777
45.62000000000038,14.799999999999777
45.62000000000038,14.819999999999776
45.62000000000038,14.839999999999776
45.62000000000038,14.859999999999776
45.62000000000038,14.879999999999775
45.62000000000038,14.899999999999775
45.62000000000038,14.919999999999774
45.62000000000038,14.939999999999774
45.62000000000038,14.959999999999773
45.62000000000038,14.979999999999773
45.62000000000038,14.999999999999773
45.62000000000038,15.019999999999772
45.62000000000038,15.039999999999772
45.62000000000038,15.059999999999771
45.62000000000038,15.079999999999771
45.62000000000038,15.09999999999977
45.62000000000038,15.11999999999977
45.62000000000038,15.13999999999977
45.62000000000038,15.15999999999977
45.62000000000038,15.179999999999769
45.62000000000038,15.199999999999768
45.62000000000038,15.219999999999768
45.62000000000038,15.239999999999768
45.62000000000038,15.259999999999767
45.62000000000038,15.279999999999767
45.62000000000038,15.299999999999766
45.62000000000038,15.319999999999766
45.62000000000038,15.339999999999765
45.62000000000038,15.359999999999765
45.62000000000038,15.379999999999765
45.62000000000038,15.399999999999764
45.62000000000038,15.419999999999764
45.62000000000038,15.439999999999763
45.62000000000038,15.459999999999763
45.62000000000038,15.479999999999762
45.62000000000038,15.499999999999762
45.62000000000038,15.519999999999762
45.62000000000038,15.539999999999761
45.62000000000038,15.55999999999976
45.62000000000038,15.57999999999976
45.62000000000038,15.59999999999976
45.62000000000038,15.61999999999976
45.62000000000038,15.639999999999759
45.62000000000038,15.659999999999759
45.62000000000038,15.679999999999758
45.62000000000038,15.699999999999758
45.62000000000038,15.719999999999757
45.62000000000038,15.739999999999757
45.62000000000038,15.759999999999756
45.62000000000038,15.779999999999756
45.62000000000038,15.799999999999756
45.62000000000038,15.819999999999755
45.62000000000038,15.839999999999755
45.62000000000038,15.859999999999754
45.62000000000038,15.879999999999754
45.62000000000038,15.899999999999753
45.62000000000038,15.919999999999753
45.62000000000038,15.939999999999753
45.62000000000038,15.959999999999752
45.62000000000038,15.979999999999752
45.62000000000038,15.999999999999751
45.62000000000038,16.01999999999975
45.62000000000038,16.03999999999975
45.62000000000038,16.05999999999975
45.62000000000038,16.07999999999975
45.62000000000038,16.09999999999975
45.62000000000038,16.11999999999975
45.62000000000038,16.13999999999975
45.62000000000038,16.159999999999748
45.62000000000038,16.179999999999747
45.62000000000038,16.199999999999747
45.62000000000038,16.219999999999747
45.62000000000038,16.239999999999746
45.62000000000038,16.259999999999746
45.62000000000038,16.279999999999745
45.62000000000038,16.299999999999745
45.62000000000038,16.319999999999744
45.62000000000038,16.339999999999744
45.62000000000038,16.359999999999744
45.62000000000038,16.379999999999743
45.62000000000038,16.399999999999743
45.62000000000038,16.419999999999742
45.62000000000038,16.439999999999742
45.62000000000038,16.45999999999974
45.62000000000038,16.47999999999974
45.62000000000038,16.49999999999974
45.62000000000038,16.51999999999974
45.62000000000038,16.53999999999974
45.62000000000038,16.55999999999974
45.62000000000038,16.57999999999974
45.62000000000038,16.59999999999974
45.62000000000038,16.619999999999738
45.62000000000038,16.639999999999738
45.62000000000038,16.659999999999737
45.62000000000038,16.679999999999737
45.62000000000038,16.699999999999736
45.62000000000038,16.719999999999736
45.62000000000038,16.739999999999736
45.640000000000384,12.979999999999816
45.640000000000384,12.999999999999815
45.640000000000384,13.019999999999815
45.640000000000384,13.039999999999814
45.640000000000384,13.059999999999814
45.640000000000384,13.079999999999814
45.640000000000384,13.099999999999813
45.640000000000384,13.119999999999813
45.640000000000384,13.139999999999812
45.640000000000384,13.159999999999812
45.640000000000384,13.179999999999811
45.640000000000384,13.199999999999811
45.640000000000384,13.21999999999981
45.640000000000384,13.23999999999981
45.640000000000384,13.25999999999981
45.640000000000384,13.27999999999981
45.640000000000384,13.299999999999809
45.640000000000384,13.319999999999808
45.640000000000384,13.339999999999808
45.640000000000384,13.359999999999808
45.640000000000384,13.379999999999807
45.640000000000384,13.399999999999807
45.640000000000384,13.419999999999806
45.640000000000384,13.439999999999806
45.640000000000384,13.459999999999805
45.640000000000384,13.479999999999805
45.640000000000384,13.499999999999805
45.640000000000384,13.519999999999804
45.640000000000384,13.539999999999804
45.640000000000384,13.559999999999803
45.640000000000384,13.579999999999803
45.640000000000384,13.599999999999802
45.640000000000384,13.619999999999802
45.640000000000384,13.639999999999802
45.640000000000384,13.659999999999801
45.640000000000384,13.6799999999998
45.640000000000384,13.6999999999998
45.640000000000384,13.7199999999998
45.640000000000384,13.7399999999998
45.640000000000384,13.759999999999799
45.640000000000384,13.779999999999799
45.640000000000384,13.799999999999798
45.640000000000384,13.819999999999798
45.640000000000384,13.839999999999797
45.640000000000384,13.859999999999797
45.640000000000384,13.879999999999797
45.640000000000384,13.899999999999796
45.640000000000384,13.919999999999796
45.640000000000384,13.939999999999795
45.640000000000384,13.959999999999795
45.640000000000384,13.979999999999794
45.640000000000384,13.999999999999794
45.640000000000384,14.019999999999794
45.640000000000384,14.039999999999793
45.640000000000384,14.059999999999793
45.640000000000384,14.079999999999792
45.640000000000384,14.099999999999792
45.640000000000384,14.119999999999791
45.640000000000384,14.139999999999791
45.640000000000384,14.15999999999979
45.640000000000384,14.17999999999979
45.640000000000384,14.19999999999979
45.640000000000384,14.21999999999979
45.640000000000384,14.239999999999789
45.640000000000384,14.259999999999788
45.640000000000384,14.279999999999788
45.640000000000384,14.299999999999788
45.640000000000384,14.319999999999787
45.640000000000384,14.339999999999787
45.640000000000384,14.359999999999786
45.640000000000384,14.379999999999786
45.640000000000384,14.399999999999785
45.640000000000384,14.419999999999785
45.640000000000384,14.439999999999785
45.640000000000384,14.459999999999784
45.640000000000384,14.479999999999784
45.640000000000384,14.499999999999783
45.640000000000384,14.519999999999783
45.640000000000384,14.539999999999782
45.640000000000384,14.559999999999782
45.640000000000384,14.579999999999782
45.640000000000384,14.599999999999781
45.640000000000384,14.61999999999978
45.640000000000384,14.63999999999978
45.640000000000384,14.65999999999978
45.640000000000384,14.67999999999978
45.640000000000384,14.699999999999779
45.640000000000384,14.719999999999779
45.640000000000384,14.739999999999778
45.640000000000384,14.759999999999778
45.640000000000384,14.779999999999777
45.640000000000384,14.799999999999777
45.640000000000384,14.819999999999776
45.640000000000384,14.839999999999776
45.640000000000384,14.859999999999776
45.640000000000384,14.879999999999775
45.640000000000384,14.899999999999775
45.640000000000384,14.919999999999774
45.640000000000384,14.939999999999774
45.640000000000384,14.959999999999773
45.640000000000384,14.979999999999773
45.640000000000384,14.999999999999773
45.640000000000384,15.019999999999772
45.640000000000384,15.039999999999772
45.640000000000384,15.059999999999771
45.640000000000384,15.079999999999771
45.640000000000384,15.09999999999977
45.640000000000384,15.11999999999977
45.640000000000384,15.13999999999977
45.640000000000384,15.15999999999977
45.640000000000384,15.179999999999769
45.640000000000384,15.199999999999768
45.640000000000384,15.219999999999768
45.640000000000384,15.239999999999768
45.640000000000384,15.259999999999767
45.640000000000384,15.279999999999767
45.640000000000384,15.299999999999766
45.640000000000384,15.319999999999766
45.640000000000384,15.339999999999765
45.640000000000384,15.359999999999765
45.640000000000384,15.379999999999765
45.640000000000384,15.399999999999764
45.640000000000384,15.419999999999764
45.640000000000384,15.439999999999763
45.640000000000384,15.459999999999763
45.640000000000384,15.479999999999762
45.640000000000384,15.499999999999762
45.640000000000384,15.519999999999762
45.640000000000384,15.539999999999761
45.640000000000384,15.55999999999976
45.640000000000384,15.57999999999976
45.640000000000384,15.59999999999976
45.640000000000384,15.61999999999976
45.640000000000384,15.639999999999759
45.640000000000384,15.659999999999759
45.640000000000384,15.679999999999758
45.640000000000384,15.699999999999758
45.640000000000384,15.719999999999757
45.640000000000384,15.739999999999757
45.640000000000384,15.759999999999756
45.640000000000384,15.779999999999756
45.640000000000384,15.799999999999756
45.640000000000384,15.819999999999755
45.640000000000384,15.839999999999755
45.640000000000384,15.859999999999754
45.640000000000384,15.879999999999754
45.640000000000384,15.899999999999753
45.640000000000384,15.919999999999753
45.640000000000384,15.939999999999753
45.640000000000384,15.959999999999752
45.640000000000384,15.979999999999752
45.640000000000384,15.999999999999751
45.640000000000384,16.01999999999975
45.640000000000384,16.03999999999975
45.640000000000384,16.05999999999975
45.640000000000384,16.07999999999975
45.640000000000384,16.09999999999975
45.640000000000384,16.11999999999975
45.640000000000384,16.13999999999975
45.640000000000384,16.159999999999748
45.640000000000384,16.179999999999747
45.640000000000384,16.199999999999747
45.640000000000384,16.219999999999747
45.640000000000384,16.239999999999746
45.640000000000384,16.259999999999746
45.640000000000384,16.279999999999745
45.640000000000384,16.299999999999745
45.640000000000384,16.319999999999744
45.640000000000384,16.339999999999744
45.640000000000384,16.359999999999744
45.640000000000384,16.379999999999743
45.640000000000384,16.399999999999743
45.640000000000384,16.419999999999742
45.640000000000384,16.439999999999742
45.640000000000384,16.45999999999974
45.640000000000384,16.47999999999974
45.640000000000384,16.49999999999974
45.640000000000384,16.51999999999974
45.640000000000384,16.53999999999974
45.640000000000384,16.55999999999974
45.640000000000384,16.57999999999974
45.640000000000384,16.59999999999974
45.640000000000384,16.619999999999738
45.640000000000384,16.639999999999738
45.640000000000384,16.659999999999737
45.640000000000384,16.679999999999737
45.640000000000384,16.699999999999736
45.640000000000384,16.719999999999736
45.640000000000384,16.739999999999736
45.66000000000039,12.979999999999816
45.66000000000039,12.999999999999815
45.66000000000039,13.019999999999815
45.66000000000039,13.039999999999814
45.66000000000039,13.059999999999814
45.66000000000039,13.079999999999814
45.66000000000039,13.099999999999813
45.66000000000039,13.119999999999813
45.66000000000039,13.139999999999812
45.66000000000039,13.159999999999812
45.66000000000039,13.179999999999811
45.66000000000039,13.199999999999811
45.66000000000039,13.21999999999981
45.66000000000039,13.23999999999981
45.66000000000039,13.25999999999981
45.66000000000039,13.27999999999981
45.66000000000039,13.299999999999809
45.66000000000039,13.319999999999808
45.66000000000039,13.339999999999808
45.66000000000039,13.359999999999808
45.66000000000039,13.379999999999807
45.66000000000039,13.399999999999807
45.66000000000039,13.419999999999806
45.66000000000039,13.439999999999806
45.66000000000039,13.459999999999805
45.66000000000039,13.479999999999805
45.66000000000039,13.499999999999805
45.66000000000039,13.519999999999804
45.66000000000039,13.539999999999804
45.66000000000039,13.559999999999803
45.66000000000039,13.579999999999803
45.66000000000039,13.599999999999802
45.66000000000039,13.619999999999802
45.66000000000039,13.639999999999802
45.66000000000039,13.659999999999801
45.66000000000039,13.6799999999998
45.66000000000039,13.6999999999998
45.66000000000039,13.7199999999998
45.66000000000039,13.7399999999998
45.66000000000039,13.759999999999799
45.66000000000039,13.779999999999799
45.66000000000039,13.799999999999798
45.66000000000039,13.819999999999798
45.66000000000039,13.839999999999797
45.66000000000039,13.859999999999797
45.66000000000039,13.879999999999797
45.66000000000039,13.899999999999796
45.66000000000039,13.919999999999796
45.66000000000039,13.939999999999795
45.66000000000039,13.959999999999795
45.66000000000039,13.979999999999794
45.66000000000039,13.999999999999794
45.66000000000039,14.019999999999794
45.66000000000039,14.039999999999793
45.66000000000039,14.059999999999793
45.66000000000039,14.079999999999792
45.66000000000039,14.099999999999792
45.66000000000039,14.119999999999791
45.66000000000039,14.139999999999791
45.66000000000039,14.15999999999979
45.66000000000039,14.17999999999979
45.66000000000039,14.19999999999979
45.66000000000039,14.21999999999979
45.66000000000039,14.239999999999789
45.66000000000039,14.259999999999788
45.66000000000039,14.279999999999788
45.66000000000039,14.299999999999788
45.66000000000039,14.319999999999787
45.66000000000039,14.339999999999787
45.66000000000039,14.359999999999786
45.66000000000039,14.379999999999786
45.66000000000039,14.399999999999785
45.66000000000039,14.419999999999785
45.66000000000039,14.439999999999785
45.66000000000039,14.459999999999784
45.66000000000039,14.479999999999784
45.66000000000039,14.499999999999783
45.66000000000039,14.519999999999783
45.66000000000039,14.539999999999782
45.66000000000039,14.559999999999782
45.66000000000039,14.579999999999782
45.66000000000039,14.599999999999781
45.66000000000039,14.61999999999978
45.66000000000039,14.63999999999978
45.66000000000039,14.65999999999978
45.66000000000039,14.67999999999978
45.66000000000039,14.699999999999779
45.66000000000039,14.719999999999779
45.66000000000039,14.739999999999778
45.66000000000039,14.759999999999778
45.66000000000039,14.779999999999777
45.66000000000039,14.799999999999777
45.66000000000039,14.819999999999776
45.66000000000039,14.839999999999776
45.66000000000039,14.859999999999776
45.66000000000039,14.879999999999775
45.66000000000039,14.899999999999775
45.66000000000039,14.919999999999774
45.66000000000039,14.939999999999774
45.66000000000039,14.959999999999773
45.66000000000039,14.979999999999773
45.66000000000039,14.999999999999773
45.66000000000039,15.019999999999772
45.66000000000039,15.039999999999772
45.66000000000039,15.059999999999771
45.66000000000039,15.079999999999771
45.66000000000039,15.09999999999977
45.66000000000039,15.11999999999977
45.66000000000039,15.13999999999977
45.66000000000039,15.15999999999977
45.66000000000039,15.179999999999769
45.66000000000039,15.199999999999768
45.66000000000039,15.219999999999768
45.66000000000039,15.239999999999768
45.66000000000039,15.259999999999767
45.66000000000039,15.279999999999767
45.66000000000039,15.299999999999766
45.66000000000039,15.319999999999766
45.66000000000039,15.339999999999765
45.66000000000039,15.359999999999765
45.66000000000039,15.379999999999765
45.66000000000039,15.399999999999764
45.66000000000039,15.419999999999764
45.66000000000039,15.439999999999763
45.66000000000039,15.459999999999763
45.66000000000039,15.479999999999762
45.66000000000039,15.499999999999762
45.66000000000039,15.519999999999762
45.66000000000039,15.539999999999761
45.66000000000039,15.55999999999976
45.66000000000039,15.57999999999976
45.66000000000039,15.59999999999976
45.66000000000039,15.61999999999976
45.66000000000039,15.639999999999759
45.66000000000039,15.659999999999759
45.66000000000039,15.679999999999758
45.66000000000039,15.699999999999758
45.66000000000039,15.719999999999757
45.66000000000039,15.739999999999757
45.66000000000039,15.759999999999756
45.66000000000039,15.779999999999756
45.66000000000039,15.799999999999756
45.66000000000039,15.819999999999755
45.66000000000039,15.839999999999755
45.66000000000039,15.859999999999754
45.66000000000039,15.879999999999754
45.66000000000039,15.899999999999753
45.66000000000039,15.919999999999753
45.66000000000039,15.939999999999753
45.66000000000039,15.959999999999752
45.66000000000039,15.979999999999752
45.66000000000039,15.999999999999751
45.66000000000039,16.01999999999975
45.66000000000039,16.03999999999975
45.66000000000039,16.05999999999975
45.66000000000039,16.07999999999975
45.66000000000039,16.09999999999975
45.66000000000039,16.11999999999975
45.66000000000039,16.13999999999975
45.66000000000039,16.159999999999748
45.66000000000039,16.179999999999747
45.66000000000039,16.199999999999747
45.66000000000039,16.219999999999747
45.66000000000039,16.239999999999746
45.66000000000039,16.259999999999746
45.66000000000039,16.279999999999745
45.66000000000039,16.299999999999745
45.66000000000039,16.319999999999744
45.66000000000039,16.339999999999744
45.66000000000039,16.359999999999744
45.66000000000039,16.379999999999743
45.66000000000039,16.399999999999743
45.66000000000039,16.419999999999742
45.66000000000039,16.439999999999742
45.66000000000039,16.45999999999974
45.66000000000039,16.47999999999974
45.66000000000039,16.49999999999974
45.66000000000039,16.51999999999974
45.66000000000039,16.53999999999974
45.66000000000039,16.55999999999974
45.66000000000039,16.57999999999974
45.66000000000039,16.59999999999974
45.66000000000039,16.619999999999738
45.66000000000039,16.639999999999738
45.66000000000039,16.659999999999737
45.66000000000039,16.679999999999737
45.66000000000039,16.699999999999736
45.66000000000039,16.719999999999736
45.66000000000039,16.739999999999736
45.68000000000039,12.979999999999816
45.68000000000039,12.999999999999815
45.68000000000039,13.019999999999815
45.68000000000039,13.039999999999814
45.68000000000039,13.059999999999814
45.68000000000039,13.079999999999814
45.68000000000039,13.099999999999813
45.68000000000039,13.119999999999813
45.68000000000039,13.139999999999812
45.68000000000039,13.159999999999812
45.68000000000039,13.179999999999811
45.68000000000039,13.199999999999811
45.68000000000039,13.21999999999981
45.68000000000039,13.23999999999981
45.68000000000039,13.25999999999981
45.68000000000039,13.27999999999981
45.68000000000039,13.299999999999809
45.68000000000039,13.319999999999808
45.68000000000039,13.339999999999808
45.68000000000039,13.359999999999808
45.68000000000039,13.379999999999807
45.68000000000039,13.399999999999807
45.68000000000039,13.419999999999806
45.68000000000039,13.439999999999806
45.68000000000039,13.459999999999805
45.68000000000039,13.479999999999805
45.68000000000039,13.499999999999805
45.68000000000039,13.519999999999804
45.68000000000039,13.539999999999804
45.68000000000039,13.559999999999803
45.68000000000039,13.579999999999803
45.68000000000039,13.599999999999802
45.68000000000039,13.619999999999802
45.68000000000039,13.639999999999802
45.68000000000039,13.659999999999801
45.68000000000039,13.6799999999998
45.68000000000039,13.6999999999998
45.68000000000039,13.7199999999998
45.68000000000039,13.7399999999998
45.68000000000039,13.759999999999799
45.68000000000039,13.779999999999799
45.68000000000039,13.799999999999798
45.68000000000039,13.819999999999798
45.68000000000039,13.839999999999797
45.68000000000039,13.859999999999797
45.68000000000039,13.879999999999797
45.68000000000039,13.899999999999796
45.68000000000039,13.919999999999796
45.68000000000039,13.939999999999795
45.68000000000039,13.959999999999795
45.68000000000039,13.979999999999794
45.68000000000039,13.999999999999794
45.68000000000039,14.019999999999794
45.68000000000039,14.039999999999793
45.68000000000039,14.059999999999793
45.68000000000039,14.079999999999792
45.68000000000039,14.099999999999792
45.68000000000039,14.119999999999791
45.68000000000039,14.139999999999791
45.68000000000039,14.15999999999979
45.68000000000039,14.17999999999979
45.68000000000039,14.19999999999979
45.68000000000039,14.21999999999979
45.68000000000039,14.239999999999789
45.68000000000039,14.259999999999788
45.68000000000039,14.279999999999788
45.68000000000039,14.299999999999788
45.68000000000039,14.319999999999787
45.68000000000039,14.339999999999787
45.68000000000039,14.359999999999786
45.68000000000039,14.379999999999786
45.68000000000039,14.399999999999785
45.68000000000039,14.419999999999785
45.68000000000039,14.439999999999785
45.68000000000039,14.459999999999784
45.68000000000039,14.479999999999784
45.68000000000039,14.499999999999783
45.68000000000039,14.519999999999783
45.68000000000039,14.539999999999782
45.68000000000039,14.559999999999782
45.68000000000039,14.579999999999782
45.68000000000039,14.599999999999781
45.68000000000039,14.61999999999978
45.68000000000039,14.63999999999978
45.68000000000039,14.65999999999978
45.68000000000039,14.67999999999978
45.68000000000039,14.699999999999779
45.68000000000039,14.719999999999779
45.68000000000039,14.739999999999778
45.68000000000039,14.759999999999778
45.68000000000039,14.779999999999777
45.68000000000039,14.799999999999777
45.68000000000039,14.819999999999776
45.68000000000039,14.839999999999776
45.68000000000039,14.859999999999776
45.68000000000039,14.879999999999775
45.68000000000039,14.899999999999775
45.68000000000039,14.919999999999774
45.68000000000039,14.939999999999774
45.68000000000039,14.959999999999773
45.68000000000039,14.979999999999773
45.68000000000039,14.999999999999773
45.68000000000039,15.019999999999772
45.68000000000039,15.039999999999772
45.68000000000039,15.059999999999771
45.68000000000039,15.079999999999771
45.68000000000039,15.09999999999977
45.68000000000039,15.11999999999977
45.68000000000039,15.13999999999977
45.68000000000039,15.15999999999977
45.68000000000039,15.179999999999769
45.68000000000039,15.199999999999768
45.68000000000039,15.219999999999768
45.68000000000039,15.239999999999768
45.68000000000039,15.259999999999767
45.68000000000039,15.279999999999767
45.68000000000039,15.299999999999766
45.68000000000039,15.319999999999766
45.68000000000039,15.339999999999765
45.68000000000039,15.359999999999765
45.68000000000039,15.379999999999765
45.68000000000039,15.399999999999764
45.68000000000039,15.419999999999764
45.68000000000039,15.439999999999763
45.68000000000039,15.459999999999763
45.68000000000039,15.479999999999762
45.68000000000039,15.499999999999762
45.68000000000039,15.519999999999762
45.68000000000039,15.539999999999761
45.68000000000039,15.55999999999976
45.68000000000039,15.57999999999976
45.68000000000039,15.59999999999976
45.68000000000039,15.61999999999976
45.68000000000039,15.639999999999759
45.68000000000039,15.659999999999759
45.68000000000039,15.679999999999758
45.68000000000039,15.699999999999758
45.68000000000039,15.719999999999757
45.68000000000039,15.739999999999757
45.68000000000039,15.759999999999756
45.68000000000039,15.779999999999756
45.68000000000039,15.799999999999756
45.68000000000039,15.819999999999755
45.68000000000039,15.839999999999755
45.68000000000039,15.859999999999754
45.68000000000039,15.879999999999754
45.68000000000039,15.899999999999753
45.68000000000039,15.919999999999753
45.68000000000039,15.939999999999753
45.68000000000039,15.959999999999752
45.68000000000039,15.979999999999752
45.68000000000039,15.999999999999751
45.68000000000039,16.01999999999975
45.68000000000039,16.03999999999975
45.68000000000039,16.05999999999975
45.68000000000039,16.07999999999975
45.68000000000039,16.09999999999975
45.68000000000039,16.11999999999975
45.68000000000039,16.13999999999975
45.68000000000039,16.159999999999748
45.68000000000039,16.179999999999747
45.68000000000039,16.199999999999747
45.68000000000039,16.219999999999747
45.68000000000039,16.239999999999746
45.68000000000039,16.259999999999746
45.68000000000039,16.279999999999745
45.68000000000039,16.299999999999745
45.68000000000039,16.319999999999744
45.68000000000039,16.339999999999744
45.68000000000039,16.359999999999744
45.68000000000039,16.379999999999743
45.68000000000039,16.399999999999743
45.68000000000039,16.419999999999742
45.68000000000039,16.439999999999742
45.68000000000039,16.45999999999974
45.68000000000039,16.47999999999974
45.68000000000039,16.49999999999974
45.68000000000039,16.51999999999974
45.68000000000039,16.53999999999974
45.68000000000039,16.55999999999974
45.68000000000039,16.57999999999974
45.68000000000039,16.59999999999974
45.68000000000039,16.619999999999738
45.68000000000039,16.639999999999738
45.68000000000039,16.659999999999737
45.68000000000039,16.679999999999737
45.68000000000039,16.699999999999736
45.68000000000039,16.719999999999736
45.68000000000039,16.739999999999736
45.700000000000394,12.979999999999816
45.700000000000394,12.999999999999815
45.700000000000394,13.019999999999815
45.700000000000394,13.039999999999814
45.700000000000394,13.059999999999814
45.700000000000394,13.079999999999814
45.700000000000394,13.099999999999813
45.700000000000394,13.119999999999813
45.700000000000394,13.139999999999812
45.700000000000394,13.159999999999812
45.700000000000394,13.179999999999811
45.700000000000394,13.199999999999811
45.700000000000394,13.21999999999981
45.700000000000394,13.23999999999981
45.700000000000394,13.25999999999981
45.700000000000394,13.27999999999981
45.700000000000394,13.299999999999809
45.700000000000394,13.319999999999808
45.700000000000394,13.339999999999808
45.700000000000394,13.359999999999808
45.700000000000394,13.379999999999807
45.700000000000394,13.399999999999807
45.700000000000394,13.419999999999806
45.700000000000394,13.439999999999806
45.700000000000394,13.459999999999805
45.700000000000394,13.479999999999805
45.700000000000394,13.499999999999805
45.700000000000394,13.519999999999804
45.700000000000394,13.539999999999804
45.700000000000394,13.559999999999803
45.700000000000394,13.579999999999803
45.700000000000394,13.599999999999802
45.700000000000394,13.619999999999802
45.700000000000394,13.639999999999802
45.700000000000394,13.659999999999801
45.700000000000394,13.6799999999998
45.700000000000394,13.6999999999998
45.700000000000394,13.7199999999998
45.700000000000394,13.7399999999998
45.700000000000394,13.759999999999799
45.700000000000394,13.779999999999799
45.700000000000394,13.799999999999798
45.700000000000394,13.819999999999798
45.700000000000394,13.839999999999797
45.700000000000394,13.859999999999797
45.700000000000394,13.879999999999797
45.700000000000394,13.899999999999796
45.700000000000394,13.919999999999796
45.700000000000394,13.939999999999795
45.700000000000394,13.959999999999795
45.700000000000394,13.979999999999794
45.700000000000394,13.999999999999794
45.700000000000394,14.019999999999794
45.700000000000394,14.039999999999793
45.700000000000394,14.059999999999793
45.700000000000394,14.079999999999792
45.700000000000394,14.099999999999792
45.700000000000394,14.119999999999791
45.700000000000394,14.139999999999791
45.700000000000394,14.15999999999979
45.700000000000394,14.17999999999979
45.700000000000394,14.19999999999979
45.700000000000394,14.21999999999979
45.700000000000394,14.239999999999789
45.700000000000394,14.259999999999788
45.700000000000394,14.279999999999788
45.700000000000394,14.299999999999788
45.700000000000394,14.319999999999787
45.700000000000394,14.339999999999787
45.700000000000394,14.359999999999786
45.700000000000394,14.379999999999786
45.700000000000394,14.399999999999785
45.700000000000394,14.419999999999785
45.700000000000394,14.439999999999785
45.700000000000394,14.459999999999784
45.700000000000394,14.479999999999784
45.700000000000394,14.499999999999783
45.700000000000394,14.519999999999783
45.700000000000394,14.539999999999782
45.700000000000394,14.559999999999782
45.700000000000394,14.579999999999782
45.700000000000394,14.599999999999781
45.700000000000394,14.61999999999978
45.700000000000394,14.63999999999978
45.700000000000394,14.65999999999978
45.700000000000394,14.67999999999978
45.700000000000394,14.699999999999779
45.700000000000394,14.719999999999779
45.700000000000394,14.739999999999778
45.700000000000394,14.759999999999778
45.700000000000394,14.779999999999777
45.700000000000394,14.799999999999777
45.700000000000394,14.819999999999776
45.700000000000394,14.839999999999776
45.700000000000394,14.859999999999776
45.700000000000394,14.879999999999775
45.700000000000394,14.899999999999775
45.700000000000394,14.919999999999774
45.700000000000394,14.939999999999774
45.700000000000394,14.959999999999773
45.700000000000394,14.979999999999773
45.700000000000394,14.999999999999773
45.700000000000394,15.019999999999772
45.700000000000394,15.039999999999772
45.700000000000394,15.059999999999771
45.700000000000394,15.079999999999771
45.700000000000394,15.09999999999977
45.700000000000394,15.11999999999977
45.700000000000394,15.13999999999977
45.700000000000394,15.15999999999977
45.700000000000394,15.179999999999769
45.700000000000394,15.199999999999768
45.700000000000394,15.219999999999768
45.700000000000394,15.239999999999768
45.700000000000394,15.259999999999767
45.700000000000394,15.279999999999767
45.700000000000394,15.299999999999766
45.700000000000394,15.319999999999766
45.700000000000394,15.339999999999765
45.700000000000394,15.359999999999765
45.700000000000394,15.379999999999765
45.700000000000394,15.399999999999764
45.700000000000394,15.419999999999764
45.700000000000394,15.439999999999763
45.700000000000394,15.459999999999763
45.700000000000394,15.479999999999762
45.700000000000394,15.499999999999762
45.700000000000394,15.519999999999762
45.700000000000394,15.539999999999761
45.700000000000394,15.55999999999976
45.700000000000394,15.57999999999976
45.700000000000394,15.59999999999976
45.700000000000394,15.61999999999976
45.700000000000394,15.639999999999759
45.700000000000394,15.659999999999759
45.700000000000394,15.679999999999758
45.700000000000394,15.699999999999758
45.700000000000394,15.719999999999757
45.700000000000394,15.739999999999757
45.700000000000394,15.759999999999756
45.700000000000394,15.779999999999756
45.700000000000394,15.799999999999756
45.700000000000394,15.819999999999755
45.700000000000394,15.839999999999755
45.700000000000394,15.859999999999754
45.700000000000394,15.879999999999754
45.700000000000394,15.899999999999753
45.700000000000394,15.919999999999753
45.700000000000394,15.939999999999753
45.700000000000394,15.959999999999752
45.700000000000394,15.979999999999752
45.700000000000394,15.999999999999751
45.700000000000394,16.01999999999975
45.700000000000394,16.03999999999975
45.700000000000394,16.05999999999975
45.700000000000394,16.07999999999975
45.700000000000394,16.09999999999975
45.700000000000394,16.11999999999975
45.700000000000394,16.13999999999975
45.700000000000394,16.159999999999748
45.700000000000394,16.179999999999747
45.700000000000394,16.199999999999747
45.700000000000394,16.219999999999747
45.700000000000394,16.239999999999746
45.700000000000394,16.259999999999746
45.700000000000394,16.279999999999745
45.700000000000394,16.299999999999745
45.700000000000394,16.319999999999744
45.700000000000394,16.339999999999744
45.700000000000394,16.359999999999744
45.700000000000394,16.379999999999743
45.700000000000394,16.399999999999743
45.700000000000394,16.419999999999742
45.700000000000394,16.439999999999742
45.700000000000394,16.45999999999974
45.700000000000394,16.47999999999974
45.700000000000394,16.49999999999974
45.700000000000394,16.51999999999974
45.700000000000394,16.53999999999974
45.700000000000394,16.55999999999974
45.700000000000394,16.57999999999974
45.700000000000394,16.59999999999974
45.700000000000394,16.619999999999738
45.700000000000394,16.639999999999738
45.700000000000394,16.659999999999737
45.700000000000394,16.679999999999737
45.700000000000394,16.699999999999736
45.700000000000394,16.719999999999736
45.700000000000394,16.739999999999736
45.7200000000004,12.979999999999816
45.7200000000004,12.999999999999815
45.7200000000004,13.019999999999815
45.7200000000004,13.039999999999814
45.7200000000004,13.059999999999814
45.7200000000004,13.079999999999814
45.7200000000004,13.099999999999813
45.7200000000004,13.119999999999813
45.7200000000004,13.139999999999812
45.7200000000004,13.159999999999812
45.7200000000004,13.179999999999811
45.7200000000004,13.199999999999811
45.7200000000004,13.21999999999981
45.7200000000004,13.23999999999981
45.7200000000004,13.25999999999981
45.7200000000004,13.27999999999981
45.7200000000004,13.299999999999809
45.7200000000004,13.319999999999808
45.7200000000004,13.339999999999808
45.7200000000004,13.359999999999808
45.7200000000004,13.379999999999807
45.7200000000004,13.399999999999807
45.7200000000004,13.419999999999806
45.7200000000004,13.439999999999806
45.7200000000004,13.459999999999805
45.7200000000004,13.479999999999805
45.7200000000004,13.499999999999805
45.7200000000004,13.519999999999804
45.7200000000004,13.539999999999804
45.7200000000004,13.559999999999803
45.7200000000004,13.579999999999803
45.7200000000004,13.599999999999802
45.7200000000004,13.619999999999802
45.7200000000004,13.639999999999802
45.7200000000004,13.659999999999801
45.7200000000004,13.6799999999998
45.7200000000004,13.6999999999998
45.7200000000004,13.7199999999998
45.7200000000004,13.7399999999998
45.7200000000004,13.759999999999799
45.7200000000004,13.779999999999799
45.7200000000004,13.799999999999798
45.7200000000004,13.819999999999798
45.7200000000004,13.839999999999797
45.7200000000004,13.859999999999797
45.7200000000004,13.879999999999797
45.7200000000004,13.899999999999796
45.7200000000004,13.919999999999796
45.7200000000004,13.939999999999795
45.7200000000004,13.959999999999795
45.7200000000004,13.979999999999794
45.7200000000004,13.999999999999794
45.7200000000004,14.019999999999794
45.7200000000004,14.039999999999793
45.7200000000004,14.059999999999793
45.7200000000004,14.079999999999792
45.7200000000004,14.099999999999792
45.7200000000004,14.119999999999791
45.7200000000004,14.139999999999791
45.7200000000004,14.15999999999979
45.7200000000004,14.17999999999979
45.7200000000004,14.19999999999979
45.7200000000004,14.21999999999979
45.7200000000004,14.239999999999789
45.7200000000004,14.259999999999788
45.7200000000004,14.279999999999788
45.7200000000004,14.299999999999788
45.7200000000004,14.319999999999787
45.7200000000004,14.339999999999787
45.7200000000004,14.359999999999786
45.7200000000004,14.379999999999786
45.7200000000004,14.399999999999785
45.7200000000004,14.419999999999785
45.7200000000004,14.439999999999785
45.7200000000004,14.459999999999784
45.7200000000004,14.479999999999784
45.7200000000004,14.499999999999783
45.7200000000004,14.519999999999783
45.7200000000004,14.539999999999782
45.7200000000004,14.559999999999782
45.7200000000004,14.579999999999782
45.7200000000004,14.599999999999781
45.7200000000004,14.61999999999978
45.7200000000004,14.63999999999978
45.7200000000004,14.65999999999978
45.7200000000004,14.67999999999978
45.7200000000004,14.699999999999779
45.7200000000004,14.719999999999779
45.7200000000004,14.739999999999778
45.7200000000004,14.759999999999778
45.7200000000004,14.779999999999777
45.7200000000004,14.799999999999777
45.7200000000004,14.819999999999776
45.7200000000004,14.839999999999776
45.7200000000004,14.859999999999776
45.7200000000004,14.879999999999775
45.7200000000004,14.899999999999775
45.7200000000004,14.919999999999774
45.7200000000004,14.939999999999774
45.7200000000004,14.959999999999773
45.7200000000004,14.979999999999773
45.7200000000004,14.999999999999773
45.7200000000004,15.019999999999772
45.7200000000004,15.039999999999772
45.7200000000004,15.059999999999771
45.7200000000004,15.079999999999771
45.7200000000004,15.09999999999977
45.7200000000004,15.11999999999977
45.7200000000004,15.13999999999977
45.7200000000004,15.15999999999977
45.7200000000004,15.179999999999769
45.7200000000004,15.199999999999768
45.7200000000004,15.219999999999768
45.7200000000004,15.239999999999768
45.7200000000004,15.259999999999767
45.7200000000004,15.279999999999767
45.7200000000004,15.299999999999766
45.7200000000004,15.319999999999766
45.7200000000004,15.339999999999765
45.7200000000004,15.359999999999765
45.7200000000004,15.379999999999765
45.7200000000004,15.399999999999764
45.7200000000004,15.419999999999764
45.7200000000004,15.439999999999763
45.7200000000004,15.459999999999763
45.7200000000004,15.479999999999762
45.7200000000004,15.499999999999762
45.7200000000004,15.519999999999762
45.7200000000004,15.539999999999761
45.7200000000004,15.55999999999976
45.7200000000004,15.57999999999976
45.7200000000004,15.59999999999976
45.7200000000004,15.61999999999976
45.7200000000004,15.639999999999759
45.7200000000004,15.659999999999759
45.7200000000004,15.679999999999758
45.7200000000004,15.699999999999758
45.7200000000004,15.719999999999757
45.7200000000004,15.739999999999757
45.7200000000004,15.759999999999756
45.7200000000004,15.779999999999756
45.7200000000004,15.799999999999756
45.7200000000004,15.819999999999755
45.7200000000004,15.839999999999755
45.7200000000004,15.859999999999754
45.7200000000004,15.879999999999754
45.7200000000004,15.899999999999753
45.7200000000004,15.919999999999753
45.7200000000004,15.939999999999753
45.7200000000004,15.959999999999752
45.7200000000004,15.979999999999752
45.7200000000004,15.999999999999751
45.7200000000004,16.01999999999975
45.7200000000004,16.03999999999975
45.7200000000004,16.05999999999975
45.7200000000004,16.07999999999975
45.7200000000004,16.09999999999975
45.7200000000004,16.11999999999975
45.7200000000004,16.13999999999975
45.7200000000004,16.159999999999748
45.7200000000004,16.179999999999747
45.7200000000004,16.199999999999747
45.7200000000004,16.219999999999747
45.7200000000004,16.239999999999746
45.7200000000004,16.259999999999746
45.7200000000004,16.279999999999745
45.7200000000004,16.299999999999745
45.7200000000004,16.319999999999744
45.7200000000004,16.339999999999744
45.7200000000004,16.359999999999744
45.7200000000004,16.379999999999743
45.7200000000004,16.399999999999743
45.7200000000004,16.419999999999742
45.7200000000004,16.439999999999742
45.7200000000004,16.45999999999974
45.7200000000004,16.47999999999974
45.7200000000004,16.49999999999974
45.7200000000004,16.51999999999974
45.7200000000004,16.53999999999974
45.7200000000004,16.55999999999974
45.7200000000004,16.57999999999974
45.7200000000004,16.59999999999974
45.7200000000004,16.619999999999738
45.7200000000004,16.639999999999738
45.7200000000004,16.659999999999737
45.7200000000004,16.679999999999737
45.7200000000004,16.699999999999736
45.7200000000004,16.719999999999736
45.7200000000004,16.739999999999736
45.7400000000004,12.979999999999816
45.7400000000004,12.999999999999815
45.7400000000004,13.019999999999815
45.7400000000004,13.039999999999814
45.7400000000004,13.059999999999814
45.7400000000004,13.079999999999814
45.7400000000004,13.099999999999813
45.7400000000004,13.119999999999813
45.7400000000004,13.139999999999812
45.7400000000004,13.159999999999812
45.7400000000004,13.179999999999811
45.7400000000004,13.199999999999811
45.7400000000004,13.21999999999981
45.7400000000004,13.23999999999981
45.7400000000004,13.25999999999981
45.7400000000004,13.27999999999981
45.7400000000004,13.299999999999809
45.7400000000004,13.319999999999808
45.7400000000004,13.339999999999808
45.7400000000004,13.359999999999808
45.7400000000004,13.379999999999807
45.7400000000004,13.399999999999807
45.7400000000004,13.419999999999806
45.7400000000004,13.439999999999806
45.7400000000004,13.459999999999805
45.7400000000004,13.479999999999805
45.7400000000004,13.499999999999805
45.7400000000004,13.519999999999804
45.7400000000004,13.539999999999804
45.7400000000004,13.559999999999803
45.7400000000004,13.579999999999803
45.7400000000004,13.599999999999802
45.7400000000004,13.619999999999802
45.7400000000004,13.639999999999802
45.7400000000004,13.659999999999801
45.7400000000004,13.6799999999998
45.7400000000004,13.6999999999998
45.7400000000004,13.7199999999998
45.7400000000004,13.7399999999998
45.7400000000004,13.759999999999799
45.7400000000004,13.779999999999799
45.7400000000004,13.799999999999798
45.7400000000004,13.819999999999798
45.7400000000004,13.839999999999797
45.7400000000004,13.859999999999797
45.7400000000004,13.879999999999797
45.7400000000004,13.899999999999796
45.7400000000004,13.919999999999796
45.7400000000004,13.939999999999795
45.7400000000004,13.959999999999795
45.7400000000004,13.979999999999794
45.7400000000004,13.999999999999794
45.7400000000004,14.019999999999794
45.7400000000004,14.039999999999793
45.7400000000004,14.059999999999793
45.7400000000004,14.079999999999792
45.7400000000004,14.099999999999792
45.7400000000004,14.119999999999791
45.7400000000004,14.139999999999791
45.7400000000004,14.15999999999979
45.7400000000004,14.17999999999979
45.7400000000004,14.19999999999979
45.7400000000004,14.21999999999979
45.7400000000004,14.239999999999789
45.7400000000004,14.259999999999788
45.7400000000004,14.279999999999788
45.7400000000004,14.299999999999788
45.7400000000004,14.319999999999787
45.7400000000004,14.339999999999787
45.7400000000004,14.359999999999786
45.7400000000004,14.379999999999786
45.7400000000004,14.399999999999785
45.7400000000004,14.419999999999785
45.7400000000004,14.439999999999785
45.7400000000004,14.459999999999784
45.7400000000004,14.479999999999784
45.7400000000004,14.499999999999783
45.7400000000004,14.519999999999783
45.7400000000004,14.539999999999782
45.7400000000004,14.559999999999782
45.7400000000004,14.579999999999782
45.7400000000004,14.599999999999781
45.7400000000004,14.61999999999978
45.7400000000004,14.63999999999978
45.7400000000004,14.65999999999978
45.7400000000004,14.67999999999978
45.7400000000004,14.699999999999779
45.7400000000004,14.719999999999779
45.7400000000004,14.739999999999778
45.7400000000004,14.759999999999778
45.7400000000004,14.779999999999777
45.7400000000004,14.799999999999777
45.7400000000004,14.819999999999776
45.7400000000004,14.839999999999776
45.7400000000004,14.859999999999776
45.7400000000004,14.879999999999775
45.7400000000004,14.899999999999775
45.7400000000004,14.919999999999774
45.7400000000004,14.939999999999774
45.7400000000004,14.959999999999773
45.7400000000004,14.979999999999773
45.7400000000004,14.999999999999773
45.7400000000004,15.019999999999772
45.7400000000004,15.039999999999772
45.7400000000004,15.059999999999771
45.7400000000004,15.079999999999771
45.7400000000004,15.09999999999977
45.7400000000004,15.11999999999977
45.7400000000004,15.13999999999977
45.7400000000004,15.15999999999977
45.7400000000004,15.179999999999769
45.7400000000004,15.199999999999768
45.7400000000004,15.219999999999768
45.7400000000004,15.239999999999768
45.7400000000004,15.259999999999767
45.7400000000004,15.279999999999767
45.7400000000004,15.299999999999766
45.7400000000004,15.319999999999766
45.7400000000004,15.339999999999765
45.7400000000004,15.359999999999765
45.7400000000004,15.379999999999765
45.7400000000004,15.399999999999764
45.7400000000004,15.419999999999764
45.7400000000004,15.439999999999763
45.7400000000004,15.459999999999763
45.7400000000004,15.479999999999762
45.7400000000004,15.499999999999762
45.7400000000004,15.519999999999762
45.7400000000004,15.539999999999761
45.7400000000004,15.55999999999976
45.7400000000004,15.57999999999976
45.7400000000004,15.59999999999976
45.7400000000004,15.61999999999976
45.7400000000004,15.639999999999759
45.7400000000004,15.659999999999759
45.7400000000004,15.679999999999758
45.7400000000004,15.699999999999758
45.7400000000004,15.719999999999757
45.7400000000004,15.739999999999757
45.7400000000004,15.759999999999756
45.7400000000004,15.779999999999756
45.7400000000004,15.799999999999756
45.7400000000004,15.819999999999755
45.7400000000004,15.839999999999755
45.7400000000004,15.859999999999754
45.7400000000004,15.879999999999754
45.7400000000004,15.899999999999753
45.7400000000004,15.919999999999753
45.7400000000004,15.939999999999753
45.7400000000004,15.959999999999752
45.7400000000004,15.979999999999752
45.7400000000004,15.999999999999751
45.7400000000004,16.01999999999975
45.7400000000004,16.03999999999975
45.7400000000004,16.05999999999975
45.7400000000004,16.07999999999975
45.7400000000004,16.09999999999975
45.7400000000004,16.11999999999975
45.7400000000004,16.13999999999975
45.7400000000004,16.159999999999748
45.7400000000004,16.179999999999747
45.7400000000004,16.199999999999747
45.7400000000004,16.219999999999747
45.7400000000004,16.239999999999746
45.7400000000004,16.259999999999746
45.7400000000004,16.279999999999745
45.7400000000004,16.299999999999745
45.7400000000004,16.319999999999744
45.7400000000004,16.339999999999744
45.7400000000004,16.359999999999744
45.7400000000004,16.379999999999743
45.7400000000004,16.399999999999743
45.7400000000004,16.419999999999742
45.7400000000004,16.439999999999742
45.7400000000004,16.45999999999974
45.7400000000004,16.47999999999974
45.7400000000004,16.49999999999974
45.7400000000004,16.51999999999974
45.7400000000004,16.53999999999974
45.7400000000004,16.55999999999974
45.7400000000004,16.57999999999974
45.7400000000004,16.59999999999974
45.7400000000004,16.619999999999738
45.7400000000004,16.639999999999738
45.7400000000004,16.659999999999737
45.7400000000004,16.679999999999737
45.7400000000004,16.699999999999736
45.7400000000004,16.719999999999736
45.7400000000004,16.739999999999736
45.7600000000004,12.979999999999816
45.7600000000004,12.999999999999815
45.7600000000004,13.019999999999815
45.7600000000004,13.039999999999814
45.7600000000004,13.059999999999814
45.7600000000004,13.079999999999814
45.7600000000004,13.099999999999813
45.7600000000004,13.119999999999813
45.7600000000004,13.139999999999812
45.7600000000004,13.159999999999812
45.7600000000004,13.179999999999811
45.7600000000004,13.199999999999811
45.7600000000004,13.21999999999981
45.7600000000004,13.23999999999981
45.7600000000004,13.25999999999981
45.7600000000004,13.27999999999981
45.7600000000004,13.299999999999809
45.7600000000004,13.319999999999808
45.7600000000004,13.339999999999808
45.7600000000004,13.359999999999808
45.7600000000004,13.379999999999807
45.7600000000004,13.399999999999807
45.7600000000004,13.419999999999806
45.7600000000004,13.439999999999806
45.7600000000004,13.459999999999805
45.7600000000004,13.479999999999805
45.7600000000004,13.499999999999805
45.7600000000004,13.519999999999804
45.7600000000004,13.539999999999804
45.7600000000004,13.559999999999803
45.7600000000004,13.579999999999803
45.7600000000004,13.599999999999802
45.7600000000004,13.619999999999802
45.7600000000004,13.639999999999802
45.7600000000004,13.659999999999801
45.7600000000004,13.6799999999998
45.7600000000004,13.6999999999998
45.7600000000004,13.7199999999998
45.7600000000004,13.7399999999998
45.7600000000004,13.759999999999799
45.7600000000004,13.779999999999799
45.7600000000004,13.799999999999798
45.7600000000004,13.819999999999798
45.7600000000004,13.839999999999797
45.7600000000004,13.859999999999797
45.7600000000004,13.879999999999797
45.7600000000004,13.899999999999796
45.7600000000004,13.919999999999796
45.7600000000004,13.939999999999795
45.7600000000004,13.959999999999795
45.7600000000004,13.979999999999794
45.7600000000004,13.999999999999794
45.7600000000004,14.019999999999794
45.7600000000004,14.039999999999793
45.7600000000004,14.059999999999793
45.7600000000004,14.079999999999792
45.7600000000004,14.099999999999792
45.7600000000004,14.119999999999791
45.7600000000004,14.139999999999791
45.7600000000004,14.15999999999979
45.7600000000004,14.17999999999979
45.7600000000004,14.19999999999979
45.7600000000004,14.21999999999979
45.7600000000004,14.239999999999789
45.7600000000004,14.259999999999788
45.7600000000004,14.279999999999788
45.7600000000004,14.299999999999788
45.7600000000004,14.319999999999787
45.7600000000004,14.339999999999787
45.7600000000004,14.359999999999786
45.7600000000004,14.379999999999786
45.7600000000004,14.399999999999785
45.7600000000004,14.419999999999785
45.7600000000004,14.439999999999785
45.7600000000004,14.459999999999784
45.7600000000004,14.479999999999784
45.7600000000004,14.499999999999783
45.7600000000004,14.519999999999783
45.7600000000004,14.539999999999782
45.7600000000004,14.559999999999782
45.7600000000004,14.579999999999782
45.7600000000004,14.599999999999781
45.7600000000004,14.61999999999978
45.7600000000004,14.63999999999978
45.7600000000004,14.65999999999978
45.7600000000004,14.67999999999978
45.7600000000004,14.699999999999779
45.7600000000004,14.719999999999779
45.7600000000004,14.739999999999778
45.7600000000004,14.759999999999778
45.7600000000004,14.779999999999777
45.7600000000004,14.799999999999777
45.7600000000004,14.819999999999776
45.7600000000004,14.839999999999776
45.7600000000004,14.859999999999776
45.7600000000004,14.879999999999775
45.7600000000004,14.899999999999775
45.7600000000004,14.919999999999774
45.7600000000004,14.939999999999774
45.7600000000004,14.959999999999773
45.7600000000004,14.979999999999773
45.7600000000004,14.999999999999773
45.7600000000004,15.019999999999772
45.7600000000004,15.039999999999772
45.7600000000004,15.059999999999771
45.7600000000004,15.079999999999771
45.7600000000004,15.09999999999977
45.7600000000004,15.11999999999977
45.7600000000004,15.13999999999977
45.7600000000004,15.15999999999977
45.7600000000004,15.179999999999769
45.7600000000004,15.199999999999768
45.7600000000004,15.219999999999768
45.7600000000004,15.239999999999768
45.7600000000004,15.259999999999767
45.7600000000004,15.279999999999767
45.7600000000004,15.299999999999766
45.7600000000004,15.319999999999766
45.7600000000004,15.339999999999765
45.7600000000004,15.359999999999765
45.7600000000004,15.379999999999765
45.7600000000004,15.399999999999764
45.7600000000004,15.419999999999764
45.7600000000004,15.439999999999763
45.7600000000004,15.459999999999763
45.7600000000004,15.479999999999762
45.7600000000004,15.499999999999762
45.7600000000004,15.519999999999762
45.7600000000004,15.539999999999761
45.7600000000004,15.55999999999976
45.7600000000004,15.57999999999976
45.7600000000004,15.59999999999976
45.7600000000004,15.61999999999976
45.7600000000004,15.639999999999759
45.7600000000004,15.659999999999759
45.7600000000004,15.679999999999758
45.7600000000004,15.699999999999758
45.7600000000004,15.719999999999757
45.7600000000004,15.739999999999757
45.7600000000004,15.759999999999756
45.7600000000004,15.779999999999756
45.7600000000004,15.799999999999756
45.7600000000004,15.819999999999755
45.7600000000004,15.839999999999755
45.7600000000004,15.859999999999754
45.7600000000004,15.879999999999754
45.7600000000004,15.899999999999753
45.7600000000004,15.919999999999753
45.7600000000004,15.939999999999753
45.7600000000004,15.959999999999752
45.7600000000004,15.979999999999752
45.7600000000004,15.999999999999751
45.7600000000004,16.01999999999975
45.7600000000004,16.03999999999975
45.7600000000004,16.05999999999975
45.7600000000004,16.07999999999975
45.7600000000004,16.09999999999975
45.7600000000004,16.11999999999975
45.7600000000004,16.13999999999975
45.7600000000004,16.159999999999748
45.7600000000004,16.179999999999747
45.7600000000004,16.199999999999747
45.7600000000004,16.219999999999747
45.7600000000004,16.239999999999746
45.7600000000004,16.259999999999746
45.7600000000004,16.279999999999745
45.7600000000004,16.299999999999745
45.7600000000004,16.319999999999744
45.7600000000004,16.339999999999744
45.7600000000004,16.359999999999744
45.7600000000004,16.379999999999743
45.7600000000004,16.399999999999743
45.7600000000004,16.419999999999742
45.7600000000004,16.439999999999742
45.7600000000004,16.45999999999974
45.7600000000004,16.47999999999974
45.7600000000004,16.49999999999974
45.7600000000004,16.51999999999974
45.7600000000004,16.53999999999974
45.7600000000004,16.55999999999974
45.7600000000004,16.57999999999974
45.7600000000004,16.59999999999974
45.7600000000004,16.619999999999738
45.7600000000004,16.639999999999738
45.7600000000004,16.659999999999737
45.7600000000004,16.679999999999737
45.7600000000004,16.699999999999736
45.7600000000004,16.719999999999736
45.7600000000004,16.739999999999736
45.780000000000406,12.979999999999816
45.780000000000406,12.999999999999815
45.780000000000406,13.019999999999815
45.780000000000406,13.039999999999814
45.780000000000406,13.059999999999814
45.780000000000406,13.079999999999814
45.780000000000406,13.099999999999813
45.780000000000406,13.119999999999813
45.780000000000406,13.139999999999812
45.780000000000406,13.159999999999812
45.780000000000406,13.179999999999811
45.780000000000406,13.199999999999811
45.780000000000406,13.21999999999981
45.780000000000406,13.23999999999981
45.780000000000406,13.25999999999981
45.780000000000406,13.27999999999981
45.780000000000406,13.299999999999809
45.780000000000406,13.319999999999808
45.780000000000406,13.339999999999808
45.780000000000406,13.359999999999808
45.780000000000406,13.379999999999807
45.780000000000406,13.399999999999807
45.780000000000406,13.419999999999806
45.780000000000406,13.439999999999806
45.780000000000406,13.459999999999805
45.780000000000406,13.479999999999805
45.780000000000406,13.499999999999805
45.780000000000406,13.519999999999804
45.780000000000406,13.539999999999804
45.780000000000406,13.559999999999803
45.780000000000406,13.579999999999803
45.780000000000406,13.599999999999802
45.780000000000406,13.619999999999802
45.780000000000406,13.639999999999802
45.780000000000406,13.659999999999801
45.780000000000406,13.6799999999998
45.780000000000406,13.6999999999998
45.780000000000406,13.7199999999998
45.780000000000406,13.7399999999998
45.780000000000406,13.759999999999799
45.780000000000406,13.779999999999799
45.780000000000406,13.799999999999798
45.780000000000406,13.819999999999798
45.780000000000406,13.839999999999797
45.780000000000406,13.859999999999797
45.780000000000406,13.879999999999797
45.780000000000406,13.899999999999796
45.780000000000406,13.919999999999796
45.780000000000406,13.939999999999795
45.780000000000406,13.959999999999795
45.780000000000406,13.979999999999794
45.780000000000406,13.999999999999794
45.780000000000406,14.019999999999794
45.780000000000406,14.039999999999793
45.780000000000406,14.059999999999793
45.780000000000406,14.079999999999792
45.780000000000406,14.099999999999792
45.780000000000406,14.119999999999791
45.780000000000406,14.139999999999791
45.780000000000406,14.15999999999979
45.780000000000406,14.17999999999979
45.780000000000406,14.19999999999979
45.780000000000406,14.21999999999979
45.780000000000406,14.239999999999789
45.780000000000406,14.259999999999788
45.780000000000406,14.279999999999788
45.780000000000406,14.299999999999788
45.780000000000406,14.319999999999787
45.780000000000406,14.339999999999787
45.780000000000406,14.359999999999786
45.780000000000406,14.379999999999786
45.780000000000406,14.399999999999785
45.780000000000406,14.419999999999785
45.780000000000406,14.439999999999785
45.780000000000406,14.459999999999784
45.780000000000406,14.479999999999784
45.780000000000406,14.499999999999783
45.780000000000406,14.519999999999783
45.780000000000406,14.539999999999782
45.780000000000406,14.559999999999782
45.780000000000406,14.579999999999782
45.780000000000406,14.599999999999781
45.780000000000406,14.61999999999978
45.780000000000406,14.63999999999978
45.780000000000406,14.65999999999978
45.780000000000406,14.67999999999978
45.780000000000406,14.699999999999779
45.780000000000406,14.719999999999779
45.780000000000406,14.739999999999778
45.780000000000406,14.759999999999778
45.780000000000406,14.779999999999777
45.780000000000406,14.799999999999777
45.780000000000406,14.819999999999776
45.780000000000406,14.839999999999776
45.780000000000406,14.859999999999776
45.780000000000406,14.879999999999775
45.780000000000406,14.899999999999775
45.780000000000406,14.919999999999774
45.780000000000406,14.939999999999774
45.780000000000406,14.959999999999773
45.780000000000406,14.979999999999773
45.780000000000406,14.999999999999773
45.780000000000406,15.019999999999772
45.780000000000406,15.039999999999772
45.780000000000406,15.059999999999771
45.780000000000406,15.079999999999771
45.780000000000406,15.09999999999977
45.780000000000406,15.11999999999977
45.780000000000406,15.13999999999977
45.780000000000406,15.15999999999977
45.780000000000406,15.179999999999769
45.780000000000406,15.199999999999768
45.780000000000406,15.219999999999768
45.780000000000406,15.239999999999768
45.780000000000406,15.259999999999767
45.780000000000406,15.279999999999767
45.780000000000406,15.299999999999766
45.780000000000406,15.319999999999766
45.780000000000406,15.339999999999765
45.780000000000406,15.359999999999765
45.780000000000406,15.379999999999765
45.780000000000406,15.399999999999764
45.780000000000406,15.419999999999764
45.780000000000406,15.439999999999763
45.780000000000406,15.459999999999763
45.780000000000406,15.479999999999762
45.780000000000406,15.499999999999762
45.780000000000406,15.519999999999762
45.780000000000406,15.539999999999761
45.780000000000406,15.55999999999976
45.780000000000406,15.57999999999976
45.780000000000406,15.59999999999976
45.780000000000406,15.61999999999976
45.780000000000406,15.639999999999759
45.780000000000406,15.659999999999759
45.780000000000406,15.679999999999758
45.780000000000406,15.699999999999758
45.780000000000406,15.719999999999757
45.780000000000406,15.739999999999757
45.780000000000406,15.759999999999756
45.780000000000406,15.779999999999756
45.780000000000406,15.799999999999756
45.780000000000406,15.819999999999755
45.780000000000406,15.839999999999755
45.780000000000406,15.859999999999754
45.780000000000406,15.879999999999754
45.780000000000406,15.899999999999753
45.780000000000406,15.919999999999753
45.780000000000406,15.939999999999753
45.780000000000406,15.959999999999752
45.780000000000406,15.979999999999752
45.780000000000406,15.999999999999751
45.780000000000406,16.01999999999975
45.780000000000406,16.03999999999975
45.780000000000406,16.05999999999975
45.780000000000406,16.07999999999975
45.780000000000406,16.09999999999975
45.780000000000406,16.11999999999975
45.780000000000406,16.13999999999975
45.780000000000406,16.159999999999748
45.780000000000406,16.179999999999747
45.780000000000406,16.199999999999747
45.780000000000406,16.219999999999747
45.780000000000406,16.239999999999746
45.780000000000406,16.259999999999746
45.780000000000406,16.279999999999745
45.780000000000406,16.299999999999745
45.780000000000406,16.319999999999744
45.780000000000406,16.339999999999744
45.780000000000406,16.359999999999744
45.780000000000406,16.379999999999743
45.780000000000406,16.399999999999743
45.780000000000406,16.419999999999742
45.780000000000406,16.439999999999742
45.780000000000406,16.45999999999974
45.780000000000406,16.47999999999974
45.780000000000406,16.49999999999974
45.780000000000406,16.51999999999974
45.780000000000406,16.53999999999974
45.780000000000406,16.55999999999974
45.780000000000406,16.57999999999974
45.780000000000406,16.59999999999974
45.780000000000406,16.619999999999738
45.780000000000406,16.639999999999738
45.780000000000406,16.659999999999737
45.780000000000406,16.679999999999737
45.780000000000406,16.699999999999736
45.780000000000406,16.719999999999736
45.780000000000406,16.739999999999736
45.80000000000041,12.979999999999816
45.80000000000041,12.999999999999815
45.80000000000041,13.019999999999815
45.80000000000041,13.039999999999814
45.80000000000041,13.059999999999814
45.80000000000041,13.079999999999814
45.80000000000041,13.099999999999813
45.80000000000041,13.119999999999813
45.80000000000041,13.139999999999812
45.80000000000041,13.159999999999812
45.80000000000041,13.179999999999811
45.80000000000041,13.199999999999811
45.80000000000041,13.21999999999981
45.80000000000041,13.23999999999981
45.80000000000041,13.25999999999981
45.80000000000041,13.27999999999981
45.80000000000041,13.299999999999809
45.80000000000041,13.319999999999808
45.80000000000041,13.339999999999808
45.80000000000041,13.359999999999808
45.80000000000041,13.379999999999807
45.80000000000041,13.399999999999807
45.80000000000041,13.419999999999806
45.80000000000041,13.439999999999806
45.80000000000041,13.459999999999805
45.80000000000041,13.479999999999805
45.80000000000041,13.499999999999805
45.80000000000041,13.519999999999804
45.80000000000041,13.539999999999804
45.80000000000041,13.559999999999803
45.80000000000041,13.579999999999803
45.80000000000041,13.599999999999802
45.80000000000041,13.619999999999802
45.80000000000041,13.639999999999802
45.80000000000041,13.659999999999801
45.80000000000041,13.6799999999998
45.80000000000041,13.6999999999998
45.80000000000041,13.7199999999998
45.80000000000041,13.7399999999998
45.80000000000041,13.759999999999799
45.80000000000041,13.779999999999799
45.80000000000041,13.799999999999798
45.80000000000041,13.819999999999798
45.80000000000041,13.839999999999797
45.80000000000041,13.859999999999797
45.80000000000041,13.879999999999797
45.80000000000041,13.899999999999796
45.80000000000041,13.919999999999796
45.80000000000041,13.939999999999795
45.80000000000041,13.959999999999795
45.80000000000041,13.979999999999794
45.80000000000041,13.999999999999794
45.80000000000041,14.019999999999794
45.80000000000041,14.039999999999793
45.80000000000041,14.059999999999793
45.80000000000041,14.079999999999792
45.80000000000041,14.099999999999792
45.80000000000041,14.119999999999791
45.80000000000041,14.139999999999791
45.80000000000041,14.15999999999979
45.80000000000041,14.17999999999979
45.80000000000041,14.19999999999979
45.80000000000041,14.21999999999979
45.80000000000041,14.239999999999789
45.80000000000041,14.259999999999788
45.80000000000041,14.279999999999788
45.80000000000041,14.299999999999788
45.80000000000041,14.319999999999787
45.80000000000041,14.339999999999787
45.80000000000041,14.359999999999786
45.80000000000041,14.379999999999786
45.80000000000041,14.399999999999785
45.80000000000041,14.419999999999785
45.80000000000041,14.439999999999785
45.80000000000041,14.459999999999784
45.80000000000041,14.479999999999784
45.80000000000041,14.499999999999783
45.80000000000041,14.519999999999783
45.80000000000041,14.539999999999782
45.80000000000041,14.559999999999782
45.80000000000041,14.579999999999782
45.80000000000041,14.599999999999781
45.80000000000041,14.61999999999978
45.80000000000041,14.63999999999978
45.80000000000041,14.65999999999978
45.80000000000041,14.67999999999978
45.80000000000041,14.699999999999779
45.80000000000041,14.719999999999779
45.80000000000041,14.739999999999778
45.80000000000041,14.759999999999778
45.80000000000041,14.779999999999777
45.80000000000041,14.799999999999777
45.80000000000041,14.819999999999776
45.80000000000041,14.839999999999776
45.80000000000041,14.859999999999776
45.80000000000041,14.879999999999775
45.80000000000041,14.899999999999775
45.80000000000041,14.919999999999774
45.80000000000041,14.939999999999774
45.80000000000041,14.959999999999773
45.80000000000041,14.979999999999773
45.80000000000041,14.999999999999773
45.80000000000041,15.019999999999772
45.80000000000041,15.039999999999772
45.80000000000041,15.059999999999771
45.80000000000041,15.079999999999771
45.80000000000041,15.09999999999977
45.80000000000041,15.11999999999977
45.80000000000041,15.13999999999977
45.80000000000041,15.15999999999977
45.80000000000041,15.179999999999769
45.80000000000041,15.199999999999768
45.80000000000041,15.219999999999768
45.80000000000041,15.239999999999768
45.80000000000041,15.259999999999767
45.80000000000041,15.279999999999767
45.80000000000041,15.299999999999766
45.80000000000041,15.319999999999766
45.80000000000041,15.339999999999765
45.80000000000041,15.359999999999765
45.80000000000041,15.379999999999765
45.80000000000041,15.399999999999764
45.80000000000041,15.419999999999764
45.80000000000041,15.439999999999763
45.80000000000041,15.459999999999763
45.80000000000041,15.479999999999762
45.80000000000041,15.499999999999762
45.80000000000041,15.519999999999762
45.80000000000041,15.539999999999761
45.80000000000041,15.55999999999976
45.80000000000041,15.57999999999976
45.80000000000041,15.59999999999976
45.80000000000041,15.61999999999976
45.80000000000041,15.639999999999759
45.80000000000041,15.659999999999759
45.80000000000041,15.679999999999758
45.80000000000041,15.699999999999758
45.80000000000041,15.719999999999757
45.80000000000041,15.739999999999757
45.80000000000041,15.759999999999756
45.80000000000041,15.779999999999756
45.80000000000041,15.799999999999756
45.80000000000041,15.819999999999755
45.80000000000041,15.839999999999755
45.80000000000041,15.859999999999754
45.80000000000041,15.879999999999754
45.80000000000041,15.899999999999753
45.80000000000041,15.919999999999753
45.80000000000041,15.939999999999753
45.80000000000041,15.959999999999752
45.80000000000041,15.979999999999752
45.80000000000041,15.999999999999751
45.80000000000041,16.01999999999975
45.80000000000041,16.03999999999975
45.80000000000041,16.05999999999975
45.80000000000041,16.07999999999975
45.80000000000041,16.09999999999975
45.80000000000041,16.11999999999975
45.80000000000041,16.13999999999975
45.80000000000041,16.159999999999748
45.80000000000041,16.179999999999747
45.80000000000041,16.199999999999747
45.80000000000041,16.219999999999747
45.80000000000041,16.239999999999746
45.80000000000041,16.259999999999746
45.80000000000041,16.279999999999745
45.80000000000041,16.299999999999745
45.80000000000041,16.319999999999744
45.80000000000041,16.339999999999744
45.80000000000041,16.359999999999744
45.80000000000041,16.379999999999743
45.80000000000041,16.399999999999743
45.80000000000041,16.419999999999742
45.80000000000041,16.439999999999742
45.80000000000041,16.45999999999974
45.80000000000041,16.47999999999974
45.80000000000041,16.49999999999974
45.80000000000041,16.51999999999974
45.80000000000041,16.53999999999974
45.80000000000041,16.55999999999974
45.80000000000041,16.57999999999974
45.80000000000041,16.59999999999974
45.80000000000041,16.619999999999738
45.80000000000041,16.639999999999738
45.80000000000041,16.659999999999737
45.80000000000041,16.679999999999737
45.80000000000041,16.699999999999736
45.80000000000041,16.719999999999736
45.80000000000041,16.739999999999736
45.82000000000041,12.979999999999816
45.82000000000041,12.999999999999815
45.82000000000041,13.019999999999815
45.82000000000041,13.039999999999814
45.82000000000041,13.059999999999814
45.82000000000041,13.079999999999814
45.82000000000041,13.099999999999813
45.82000000000041,13.119999999999813
45.82000000000041,13.139999999999812
45.82000000000041,13.159999999999812
45.82000000000041,13.179999999999811
45.82000000000041,13.199999999999811
45.82000000000041,13.21999999999981
45.82000000000041,13.23999999999981
45.82000000000041,13.25999999999981
45.82000000000041,13.27999999999981
45.82000000000041,13.299999999999809
45.82000000000041,13.319999999999808
45.82000000000041,13.339999999999808
45.82000000000041,13.359999999999808
45.82000000000041,13.379999999999807
45.82000000000041,13.399999999999807
45.82000000000041,13.419999999999806
45.82000000000041,13.439999999999806
45.82000000000041,13.459999999999805
45.82000000000041,13.479999999999805
45.82000000000041,13.499999999999805
45.82000000000041,13.519999999999804
45.82000000000041,13.539999999999804
45.82000000000041,13.559999999999803
45.82000000000041,13.579999999999803
45.82000000000041,13.599999999999802
45.82000000000041,13.619999999999802
45.82000000000041,13.639999999999802
45.82000000000041,13.659999999999801
45.82000000000041,13.6799999999998
45.82000000000041,13.6999999999998
45.82000000000041,13.7199999999998
45.82000000000041,13.7399999999998
45.82000000000041,13.759999999999799
45.82000000000041,13.779999999999799
45.82000000000041,13.799999999999798
45.82000000000041,13.819999999999798
45.82000000000041,13.839999999999797
45.82000000000041,13.859999999999797
45.82000000000041,13.879999999999797
45.82000000000041,13.899999999999796
45.82000000000041,13.919999999999796
45.82000000000041,13.939999999999795
45.82000000000041,13.959999999999795
45.82000000000041,13.979999999999794
45.82000000000041,13.999999999999794
45.82000000000041,14.019999999999794
45.82000000000041,14.039999999999793
45.82000000000041,14.059999999999793
45.82000000000041,14.079999999999792
45.82000000000041,14.099999999999792
45.82000000000041,14.119999999999791
45.82000000000041,14.139999999999791
45.82000000000041,14.15999999999979
45.82000000000041,14.17999999999979
45.82000000000041,14.19999999999979
45.82000000000041,14.21999999999979
45.82000000000041,14.239999999999789
45.82000000000041,14.259999999999788
45.82000000000041,14.279999999999788
45.82000000000041,14.299999999999788
45.82000000000041,14.319999999999787
45.82000000000041,14.339999999999787
45.82000000000041,14.359999999999786
45.82000000000041,14.379999999999786
45.82000000000041,14.399999999999785
45.82000000000041,14.419999999999785
45.82000000000041,14.439999999999785
45.82000000000041,14.459999999999784
45.82000000000041,14.479999999999784
45.82000000000041,14.499999999999783
45.82000000000041,14.519999999999783
45.82000000000041,14.539999999999782
45.82000000000041,14.559999999999782
45.82000000000041,14.579999999999782
45.82000000000041,14.599999999999781
45.82000000000041,14.61999999999978
45.82000000000041,14.63999999999978
45.82000000000041,14.65999999999978
45.82000000000041,14.67999999999978
45.82000000000041,14.699999999999779
45.82000000000041,14.719999999999779
45.82000000000041,14.739999999999778
45.82000000000041,14.759999999999778
45.82000000000041,14.779999999999777
45.82000000000041,14.799999999999777
45.82000000000041,14.819999999999776
45.82000000000041,14.839999999999776
45.82000000000041,14.859999999999776
45.82000000000041,14.879999999999775
45.82000000000041,14.899999999999775
45.82000000000041,14.919999999999774
45.82000000000041,14.939999999999774
45.82000000000041,14.959999999999773
45.82000000000041,14.979999999999773
45.82000000000041,14.999999999999773
45.82000000000041,15.019999999999772
45.82000000000041,15.039999999999772
45.82000000000041,15.059999999999771
45.82000000000041,15.079999999999771
45.82000000000041,15.09999999999977
45.82000000000041,15.11999999999977
45.82000000000041,15.13999999999977
45.82000000000041,15.15999999999977
45.82000000000041,15.179999999999769
45.82000000000041,15.199999999999768
45.82000000000041,15.219999999999768
45.82000000000041,15.239999999999768
45.82000000000041,15.259999999999767
45.82000000000041,15.279999999999767
45.82000000000041,15.299999999999766
45.82000000000041,15.319999999999766
45.82000000000041,15.339999999999765
45.82000000000041,15.359999999999765
45.82000000000041,15.379999999999765
45.82000000000041,15.399999999999764
45.82000000000041,15.419999999999764
45.82000000000041,15.439999999999763
45.82000000000041,15.459999999999763
45.82000000000041,15.479999999999762
45.82000000000041,15.499999999999762
45.82000000000041,15.519999999999762
45.82000000000041,15.539999999999761
45.82000000000041,15.55999999999976
45.82000000000041,15.57999999999976
45.82000000000041,15.59999999999976
45.82000000000041,15.61999999999976
45.82000000000041,15.639999999999759
45.82000000000041,15.659999999999759
45.82000000000041,15.679999999999758
45.82000000000041,15.699999999999758
45.82000000000041,15.719999999999757
45.82000000000041,15.739999999999757
45.82000000000041,15.759999999999756
45.82000000000041,15.779999999999756
45.82000000000041,15.799999999999756
45.82000000000041,15.819999999999755
45.82000000000041,15.839999999999755
45.82000000000041,15.859999999999754
45.82000000000041,15.879999999999754
45.82000000000041,15.899999999999753
45.82000000000041,15.919999999999753
45.82000000000041,15.939999999999753
45.82000000000041,15.959999999999752
45.82000000000041,15.979999999999752
45.82000000000041,15.999999999999751
45.82000000000041,16.01999999999975
45.82000000000041,16.03999999999975
45.82000000000041,16.05999999999975
45.82000000000041,16.07999999999975
45.82000000000041,16.09999999999975
45.82000000000041,16.11999999999975
45.82000000000041,16.13999999999975
45.82000000000041,16.159999999999748
45.82000000000041,16.179999999999747
45.82000000000041,16.199999999999747
45.82000000000041,16.219999999999747
45.82000000000041,16.239999999999746
45.82000000000041,16.259999999999746
45.82000000000041,16.279999999999745
45.82000000000041,16.299999999999745
45.82000000000041,16.319999999999744
45.82000000000041,16.339999999999744
45.82000000000041,16.359999999999744
45.82000000000041,16.379999999999743
45.82000000000041,16.399999999999743
45.82000000000041,16.419999999999742
45.82000000000041,16.439999999999742
45.82000000000041,16.45999999999974
45.82000000000041,16.47999999999974
45.82000000000041,16.49999999999974
45.82000000000041,16.51999999999974
45.82000000000041,16.53999999999974
45.82000000000041,16.55999999999974
45.82000000000041,16.57999999999974
45.82000000000041,16.59999999999974
45.82000000000041,16.619999999999738
45.82000000000041,16.639999999999738
45.82000000000041,16.659999999999737
45.82000000000041,16.679999999999737
45.82000000000041,16.699999999999736
45.82000000000041,16.719999999999736
45.82000000000041,16.739999999999736
45.840000000000416,12.979999999999816
45.840000000000416,12.999999999999815
45.840000000000416,13.019999999999815
45.840000000000416,13.039999999999814
45.840000000000416,13.059999999999814
45.840000000000416,13.079999999999814
45.840000000000416,13.099999999999813
45.840000000000416,13.119999999999813
45.840000000000416,13.139999999999812
45.840000000000416,13.159999999999812
45.840000000000416,13.179999999999811
45.840000000000416,13.199999999999811
45.840000000000416,13.21999999999981
45.840000000000416,13.23999999999981
45.840000000000416,13.25999999999981
45.840000000000416,13.27999999999981
45.840000000000416,13.299999999999809
45.840000000000416,13.319999999999808
45.840000000000416,13.339999999999808
45.840000000000416,13.359999999999808
45.840000000000416,13.379999999999807
45.840000000000416,13.399999999999807
45.840000000000416,13.419999999999806
45.840000000000416,13.439999999999806
45.840000000000416,13.459999999999805
45.840000000000416,13.479999999999805
45.840000000000416,13.499999999999805
45.840000000000416,13.519999999999804
45.840000000000416,13.539999999999804
45.840000000000416,13.559999999999803
45.840000000000416,13.579999999999803
45.840000000000416,13.599999999999802
45.840000000000416,13.619999999999802
45.840000000000416,13.639999999999802
45.840000000000416,13.659999999999801
45.840000000000416,13.6799999999998
45.840000000000416,13.6999999999998
45.840000000000416,13.7199999999998
45.840000000000416,13.7399999999998
45.840000000000416,13.759999999999799
45.840000000000416,13.779999999999799
45.840000000000416,13.799999999999798
45.840000000000416,13.819999999999798
45.840000000000416,13.839999999999797
45.840000000000416,13.859999999999797
45.840000000000416,13.879999999999797
45.840000000000416,13.899999999999796
45.840000000000416,13.919999999999796
45.840000000000416,13.939999999999795
45.840000000000416,13.959999999999795
45.840000000000416,13.979999999999794
45.840000000000416,13.999999999999794
45.840000000000416,14.019999999999794
45.840000000000416,14.039999999999793
45.840000000000416,14.059999999999793
45.840000000000416,14.079999999999792
45.840000000000416,14.099999999999792
45.840000000000416,14.119999999999791
45.840000000000416,14.139999999999791
45.840000000000416,14.15999999999979
45.840000000000416,14.17999999999979
45.840000000000416,14.19999999999979
45.840000000000416,14.21999999999979
45.840000000000416,14.239999999999789
45.840000000000416,14.259999999999788
45.840000000000416,14.279999999999788
45.840000000000416,14.299999999999788
45.840000000000416,14.319999999999787
45.840000000000416,14.339999999999787
45.840000000000416,14.359999999999786
45.840000000000416,14.379999999999786
45.840000000000416,14.399999999999785
45.840000000000416,14.419999999999785
45.840000000000416,14.439999999999785
45.840000000000416,14.459999999999784
45.840000000000416,14.479999999999784
45.840000000000416,14.499999999999783
45.840000000000416,14.519999999999783
45.840000000000416,14.539999999999782
45.840000000000416,14.559999999999782
45.840000000000416,14.579999999999782
45.840000000000416,14.599999999999781
45.840000000000416,14.61999999999978
45.840000000000416,14.63999999999978
45.840000000000416,14.65999999999978
45.840000000000416,14.67999999999978
45.840000000000416,14.699999999999779
45.840000000000416,14.719999999999779
45.840000000000416,14.739999999999778
45.840000000000416,14.759999999999778
45.840000000000416,14.779999999999777
45.840000000000416,14.799999999999777
45.840000000000416,14.819999999999776
45.840000000000416,14.839999999999776
45.840000000000416,14.859999999999776
45.840000000000416,14.879999999999775
45.840000000000416,14.899999999999775
45.840000000000416,14.919999999999774
45.840000000000416,14.939999999999774
45.840000000000416,14.959999999999773
45.840000000000416,14.979999999999773
45.840000000000416,14.999999999999773
45.840000000000416,15.019999999999772
45.840000000000416,15.039999999999772
45.840000000000416,15.059999999999771
45.840000000000416,15.079999999999771
45.840000000000416,15.09999999999977
45.840000000000416,15.11999999999977
45.840000000000416,15.13999999999977
45.840000000000416,15.15999999999977
45.840000000000416,15.179999999999769
45.840000000000416,15.199999999999768
45.840000000000416,15.219999999999768
45.840000000000416,15.239999999999768
45.840000000000416,15.259999999999767
45.840000000000416,15.279999999999767
45.840000000000416,15.299999999999766
45.840000000000416,15.319999999999766
45.840000000000416,15.339999999999765
45.840000000000416,15.359999999999765
45.840000000000416,15.379999999999765
45.840000000000416,15.399999999999764
45.840000000000416,15.419999999999764
45.840000000000416,15.439999999999763
45.840000000000416,15.459999999999763
45.840000000000416,15.479999999999762
45.840000000000416,15.499999999999762
45.840000000000416,15.519999999999762
45.840000000000416,15.539999999999761
45.840000000000416,15.55999999999976
45.840000000000416,15.57999999999976
45.840000000000416,15.59999999999976
45.840000000000416,15.61999999999976
45.840000000000416,15.639999999999759
45.840000000000416,15.659999999999759
45.840000000000416,15.679999999999758
45.840000000000416,15.699999999999758
45.840000000000416,15.719999999999757
45.840000000000416,15.739999999999757
45.840000000000416,15.759999999999756
45.840000000000416,15.779999999999756
45.840000000000416,15.799999999999756
45.840000000000416,15.819999999999755
45.840000000000416,15.839999999999755
45.840000000000416,15.859999999999754
45.840000000000416,15.879999999999754
45.840000000000416,15.899999999999753
45.840000000000416,15.919999999999753
45.840000000000416,15.939999999999753
45.840000000000416,15.959999999999752
45.840000000000416,15.979999999999752
45.840000000000416,15.999999999999751
45.840000000000416,16.01999999999975
45.840000000000416,16.03999999999975
45.840000000000416,16.05999999999975
45.840000000000416,16.07999999999975
45.840000000000416,16.09999999999975
45.840000000000416,16.11999999999975
45.840000000000416,16.13999999999975
45.840000000000416,16.159999999999748
45.840000000000416,16.179999999999747
45.840000000000416,16.199999999999747
45.840000000000416,16.219999999999747
45.840000000000416,16.239999999999746
45.840000000000416,16.259999999999746
45.840000000000416,16.279999999999745
45.840000000000416,16.299999999999745
45.840000000000416,16.319999999999744
45.840000000000416,16.339999999999744
45.840000000000416,16.359999999999744
45.840000000000416,16.379999999999743
45.840000000000416,16.399999999999743
45.840000000000416,16.419999999999742
45.840000000000416,16.439999999999742
45.840000000000416,16.45999999999974
45.840000000000416,16.47999999999974
45.840000000000416,16.49999999999974
45.840000000000416,16.51999999999974
45.840000000000416,16.53999999999974
45.840000000000416,16.55999999999974
45.840000000000416,16.57999999999974
45.840000000000416,16.59999999999974
45.840000000000416,16.619999999999738
45.840000000000416,16.639999999999738
45.840000000000416,16.659999999999737
45.840000000000416,16.679999999999737
45.840000000000416,16.699999999999736
45.840000000000416,16.719999999999736
45.840000000000416,16.739999999999736
45.86000000000042,12.979999999999816
45.86000000000042,12.999999999999815
45.86000000000042,13.019999999999815
45.86000000000042,13.039999999999814
45.86000000000042,13.059999999999814
45.86000000000042,13.079999999999814
45.86000000000042,13.099999999999813
45.86000000000042,13.119999999999813
45.86000000000042,13.139999999999812
45.86000000000042,13.159999999999812
45.86000000000042,13.179999999999811
45.86000000000042,13.199999999999811
45.86000000000042,13.21999999999981
45.86000000000042,13.23999999999981
45.86000000000042,13.25999999999981
45.86000000000042,13.27999999999981
45.86000000000042,13.299999999999809
45.86000000000042,13.319999999999808
45.86000000000042,13.339999999999808
45.86000000000042,13.359999999999808
45.86000000000042,13.379999999999807
45.86000000000042,13.399999999999807
45.86000000000042,13.419999999999806
45.86000000000042,13.439999999999806
45.86000000000042,13.459999999999805
45.86000000000042,13.479999999999805
45.86000000000042,13.499999999999805
45.86000000000042,13.519999999999804
45.86000000000042,13.539999999999804
45.86000000000042,13.559999999999803
45.86000000000042,13.579999999999803
45.86000000000042,13.599999999999802
45.86000000000042,13.619999999999802
45.86000000000042,13.639999999999802
45.86000000000042,13.659999999999801
45.86000000000042,13.6799999999998
45.86000000000042,13.6999999999998
45.86000000000042,13.7199999999998
45.86000000000042,13.7399999999998
45.86000000000042,13.759999999999799
45.86000000000042,13.779999999999799
45.86000000000042,13.799999999999798
45.86000000000042,13.819999999999798
45.86000000000042,13.839999999999797
45.86000000000042,13.859999999999797
45.86000000000042,13.879999999999797
45.86000000000042,13.899999999999796
45.86000000000042,13.919999999999796
45.86000000000042,13.939999999999795
45.86000000000042,13.959999999999795
45.86000000000042,13.979999999999794
45.86000000000042,13.999999999999794
45.86000000000042,14.019999999999794
45.86000000000042,14.039999999999793
45.86000000000042,14.059999999999793
45.86000000000042,14.079999999999792
45.86000000000042,14.099999999999792
45.86000000000042,14.119999999999791
45.86000000000042,14.139999999999791
45.86000000000042,14.15999999999979
45.86000000000042,14.17999999999979
45.86000000000042,14.19999999999979
45.86000000000042,14.21999999999979
45.86000000000042,14.239999999999789
45.86000000000042,14.259999999999788
45.86000000000042,14.279999999999788
45.86000000000042,14.299999999999788
45.86000000000042,14.319999999999787
45.86000000000042,14.339999999999787
45.86000000000042,14.359999999999786
45.86000000000042,14.379999999999786
45.86000000000042,14.399999999999785
45.86000000000042,14.419999999999785
45.86000000000042,14.439999999999785
45.86000000000042,14.459999999999784
45.86000000000042,14.479999999999784
45.86000000000042,14.499999999999783
45.86000000000042,14.519999999999783
45.86000000000042,14.539999999999782
45.86000000000042,14.559999999999782
45.86000000000042,14.579999999999782
45.86000000000042,14.599999999999781
45.86000000000042,14.61999999999978
45.86000000000042,14.63999999999978
45.86000000000042,14.65999999999978
45.86000000000042,14.67999999999978
45.86000000000042,14.699999999999779
45.86000000000042,14.719999999999779
45.86000000000042,14.739999999999778
45.86000000000042,14.759999999999778
45.86000000000042,14.779999999999777
45.86000000000042,14.799999999999777
45.86000000000042,14.819999999999776
45.86000000000042,14.839999999999776
45.86000000000042,14.859999999999776
45.86000000000042,14.879999999999775
45.86000000000042,14.899999999999775
45.86000000000042,14.919999999999774
45.86000000000042,14.939999999999774
45.86000000000042,14.959999999999773
45.86000000000042,14.979999999999773
45.86000000000042,14.999999999999773
45.86000000000042,15.019999999999772
45.86000000000042,15.039999999999772
45.86000000000042,15.059999999999771
45.86000000000042,15.079999999999771
45.86000000000042,15.09999999999977
45.86000000000042,15.11999999999977
45.86000000000042,15.13999999999977
45.86000000000042,15.15999999999977
45.86000000000042,15.179999999999769
45.86000000000042,15.199999999999768
45.86000000000042,15.219999999999768
45.86000000000042,15.239999999999768
45.86000000000042,15.259999999999767
45.86000000000042,15.279999999999767
45.86000000000042,15.299999999999766
45.86000000000042,15.319999999999766
45.86000000000042,15.339999999999765
45.86000000000042,15.359999999999765
45.86000000000042,15.379999999999765
45.86000000000042,15.399999999999764
45.86000000000042,15.419999999999764
45.86000000000042,15.439999999999763
45.86000000000042,15.459999999999763
45.86000000000042,15.479999999999762
45.86000000000042,15.499999999999762
45.86000000000042,15.519999999999762
45.86000000000042,15.539999999999761
45.86000000000042,15.55999999999976
45.86000000000042,15.57999999999976
45.86000000000042,15.59999999999976
45.86000000000042,15.61999999999976
45.86000000000042,15.639999999999759
45.86000000000042,15.659999999999759
45.86000000000042,15.679999999999758
45.86000000000042,15.699999999999758
45.86000000000042,15.719999999999757
45.86000000000042,15.739999999999757
45.86000000000042,15.759999999999756
45.86000000000042,15.779999999999756
45.86000000000042,15.799999999999756
45.86000000000042,15.819999999999755
45.86000000000042,15.839999999999755
45.86000000000042,15.859999999999754
45.86000000000042,15.879999999999754
45.86000000000042,15.899999999999753
45.86000000000042,15.919999999999753
45.86000000000042,15.939999999999753
45.86000000000042,15.959999999999752
45.86000000000042,15.979999999999752
45.86000000000042,15.999999999999751
45.86000000000042,16.01999999999975
45.86000000000042,16.03999999999975
45.86000000000042,16.05999999999975
45.86000000000042,16.07999999999975
45.86000000000042,16.09999999999975
45.86000000000042,16.11999999999975
45.86000000000042,16.13999999999975
45.86000000000042,16.159999999999748
45.86000000000042,16.179999999999747
45.86000000000042,16.199999999999747
45.86000000000042,16.219999999999747
45.86000000000042,16.239999999999746
45.86000000000042,16.259999999999746
45.86000000000042,16.279999999999745
45.86000000000042,16.299999999999745
45.86000000000042,16.319999999999744
45.86000000000042,16.339999999999744
45.86000000000042,16.359999999999744
45.86000000000042,16.379999999999743
45.86000000000042,16.399999999999743
45.86000000000042,16.419999999999742
45.86000000000042,16.439999999999742
45.86000000000042,16.45999999999974
45.86000000000042,16.47999999999974
45.86000000000042,16.49999999999974
45.86000000000042,16.51999999999974
45.86000000000042,16.53999999999974
45.86000000000042,16.55999999999974
45.86000000000042,16.57999999999974
45.86000000000042,16.59999999999974
45.86000000000042,16.619999999999738
45.86000000000042,16.639999999999738
45.86000000000042,16.659999999999737
45.86000000000042,16.679999999999737
45.86000000000042,16.699999999999736
45.86000000000042,16.719999999999736
45.86000000000042,16.739999999999736
45.88000000000042,12.979999999999816
45.88000000000042,12.999999999999815
45.88000000000042,13.019999999999815
45.88000000000042,13.039999999999814
45.88000000000042,13.059999999999814
45.88000000000042,13.079999999999814
45.88000000000042,13.099999999999813
45.88000000000042,13.119999999999813
45.88000000000042,13.139999999999812
45.88000000000042,13.159999999999812
45.88000000000042,13.179999999999811
45.88000000000042,13.199999999999811
45.88000000000042,13.21999999999981
45.88000000000042,13.23999999999981
45.88000000000042,13.25999999999981
45.88000000000042,13.27999999999981
45.88000000000042,13.299999999999809
45.88000000000042,13.319999999999808
45.88000000000042,13.339999999999808
45.88000000000042,13.359999999999808
45.88000000000042,13.379999999999807
45.88000000000042,13.399999999999807
45.88000000000042,13.419999999999806
45.88000000000042,13.439999999999806
45.88000000000042,13.459999999999805
45.88000000000042,13.479999999999805
45.88000000000042,13.499999999999805
45.88000000000042,13.519999999999804
45.88000000000042,13.539999999999804
45.88000000000042,13.559999999999803
45.88000000000042,13.579999999999803
45.88000000000042,13.599999999999802
45.88000000000042,13.619999999999802
45.88000000000042,13.639999999999802
45.88000000000042,13.659999999999801
45.88000000000042,13.6799999999998
45.88000000000042,13.6999999999998
45.88000000000042,13.7199999999998
45.88000000000042,13.7399999999998
45.88000000000042,13.759999999999799
45.88000000000042,13.779999999999799
45.88000000000042,13.799999999999798
45.88000000000042,13.819999999999798
45.88000000000042,13.839999999999797
45.88000000000042,13.859999999999797
45.88000000000042,13.879999999999797
45.88000000000042,13.899999999999796
45.88000000000042,13.919999999999796
45.88000000000042,13.939999999999795
45.88000000000042,13.959999999999795
45.88000000000042,13.979999999999794
45.88000000000042,13.999999999999794
45.88000000000042,14.019999999999794
45.88000000000042,14.039999999999793
45.88000000000042,14.059999999999793
45.88000000000042,14.079999999999792
45.88000000000042,14.099999999999792
45.88000000000042,14.119999999999791
45.88000000000042,14.139999999999791
45.88000000000042,14.15999999999979
45.88000000000042,14.17999999999979
45.88000000000042,14.19999999999979
45.88000000000042,14.21999999999979
45.88000000000042,14.239999999999789
45.88000000000042,14.259999999999788
45.88000000000042,14.279999999999788
45.88000000000042,14.299999999999788
45.88000000000042,14.319999999999787
45.88000000000042,14.339999999999787
45.88000000000042,14.359999999999786
45.88000000000042,14.379999999999786
45.88000000000042,14.399999999999785
45.88000000000042,14.419999999999785
45.88000000000042,14.439999999999785
45.88000000000042,14.459999999999784
45.88000000000042,14.479999999999784
45.88000000000042,14.499999999999783
45.88000000000042,14.519999999999783
45.88000000000042,14.539999999999782
45.88000000000042,14.559999999999782
45.88000000000042,14.579999999999782
45.88000000000042,14.599999999999781
45.88000000000042,14.61999999999978
45.88000000000042,14.63999999999978
45.88000000000042,14.65999999999978
45.88000000000042,14.67999999999978
45.88000000000042,14.699999999999779
45.88000000000042,14.719999999999779
45.88000000000042,14.739999999999778
45.88000000000042,14.759999999999778
45.88000000000042,14.779999999999777
45.88000000000042,14.799999999999777
45.88000000000042,14.819999999999776
45.88000000000042,14.839999999999776
45.88000000000042,14.859999999999776
45.88000000000042,14.879999999999775
45.88000000000042,14.899999999999775
45.88000000000042,14.919999999999774
45.88000000000042,14.939999999999774
45.88000000000042,14.959999999999773
45.88000000000042,14.979999999999773
45.88000000000042,14.999999999999773
45.88000000000042,15.019999999999772
45.88000000000042,15.039999999999772
45.88000000000042,15.059999999999771
45.88000000000042,15.079999999999771
45.88000000000042,15.09999999999977
45.88000000000042,15.11999999999977
45.88000000000042,15.13999999999977
45.88000000000042,15.15999999999977
45.88000000000042,15.179999999999769
45.88000000000042,15.199999999999768
45.88000000000042,15.219999999999768
45.88000000000042,15.239999999999768
45.88000000000042,15.259999999999767
45.88000000000042,15.279999999999767
45.88000000000042,15.299999999999766
45.88000000000042,15.319999999999766
45.88000000000042,15.339999999999765
45.88000000000042,15.359999999999765
45.88000000000042,15.379999999999765
45.88000000000042,15.399999999999764
45.88000000000042,15.419999999999764
45.88000000000042,15.439999999999763
45.88000000000042,15.459999999999763
45.88000000000042,15.479999999999762
45.88000000000042,15.499999999999762
45.88000000000042,15.519999999999762
45.88000000000042,15.539999999999761
45.88000000000042,15.55999999999976
45.88000000000042,15.57999999999976
45.88000000000042,15.59999999999976
45.88000000000042,15.61999999999976
45.88000000000042,15.639999999999759
45.88000000000042,15.659999999999759
45.88000000000042,15.679999999999758
45.88000000000042,15.699999999999758
45.88000000000042,15.719999999999757
45.88000000000042,15.739999999999757
45.88000000000042,15.759999999999756
45.88000000000042,15.779999999999756
45.88000000000042,15.799999999999756
45.88000000000042,15.819999999999755
45.88000000000042,15.839999999999755
45.88000000000042,15.859999999999754
45.88000000000042,15.879999999999754
45.88000000000042,15.899999999999753
45.88000000000042,15.919999999999753
45.88000000000042,15.939999999999753
45.88000000000042,15.959999999999752
45.88000000000042,15.979999999999752
45.88000000000042,15.999999999999751
45.88000000000042,16.01999999999975
45.88000000000042,16.03999999999975
45.88000000000042,16.05999999999975
45.88000000000042,16.07999999999975
45.88000000000042,16.09999999999975
45.88000000000042,16.11999999999975
45.88000000000042,16.13999999999975
45.88000000000042,16.159999999999748
45.88000000000042,16.179999999999747
45.88000000000042,16.199999999999747
45.88000000000042,16.219999999999747
45.88000000000042,16.239999999999746
45.88000000000042,16.259999999999746
45.88000000000042,16.279999999999745
45.88000000000042,16.299999999999745
45.88000000000042,16.319999999999744
45.88000000000042,16.339999999999744
45.88000000000042,16.359999999999744
45.88000000000042,16.379999999999743
45.88000000000042,16.399999999999743
45.88000000000042,16.419999999999742
45.88000000000042,16.439999999999742
45.88000000000042,16.45999999999974
45.88000000000042,16.47999999999974
45.88000000000042,16.49999999999974
45.88000000000042,16.51999999999974
45.88000000000042,16.53999999999974
45.88000000000042,16.55999999999974
45.88000000000042,16.57999999999974
45.88000000000042,16.59999999999974
45.88000000000042,16.619999999999738
45.88000000000042,16.639999999999738
45.88000000000042,16.659999999999737
45.88000000000042,16.679999999999737
45.88000000000042,16.699999999999736
45.88000000000042,16.719999999999736
45.88000000000042,16.739999999999736
45.900000000000425,12.979999999999816
45.900000000000425,12.999999999999815
45.900000000000425,13.019999999999815
45.900000000000425,13.039999999999814
45.900000000000425,13.059999999999814
45.900000000000425,13.079999999999814
45.900000000000425,13.099999999999813
45.900000000000425,13.119999999999813
45.900000000000425,13.139999999999812
45.900000000000425,13.159999999999812
45.900000000000425,13.179999999999811
45.900000000000425,13.199999999999811
45.900000000000425,13.21999999999981
45.900000000000425,13.23999999999981
45.900000000000425,13.25999999999981
45.900000000000425,13.27999999999981
45.900000000000425,13.299999999999809
45.900000000000425,13.319999999999808
45.900000000000425,13.339999999999808
45.900000000000425,13.359999999999808
45.900000000000425,13.379999999999807
45.900000000000425,13.399999999999807
45.900000000000425,13.419999999999806
45.900000000000425,13.439999999999806
45.900000000000425,13.459999999999805
45.900000000000425,13.479999999999805
45.900000000000425,13.499999999999805
45.900000000000425,13.519999999999804
45.900000000000425,13.539999999999804
45.900000000000425,13.559999999999803
45.900000000000425,13.579999999999803
45.900000000000425,13.599999999999802
45.900000000000425,13.619999999999802
45.900000000000425,13.639999999999802
45.900000000000425,13.659999999999801
45.900000000000425,13.6799999999998
45.900000000000425,13.6999999999998
45.900000000000425,13.7199999999998
45.900000000000425,13.7399999999998
45.900000000000425,13.759999999999799
45.900000000000425,13.779999999999799
45.900000000000425,13.799999999999798
45.900000000000425,13.819999999999798
45.900000000000425,13.839999999999797
45.900000000000425,13.859999999999797
45.900000000000425,13.879999999999797
45.900000000000425,13.899999999999796
45.900000000000425,13.919999999999796
45.900000000000425,13.939999999999795
45.900000000000425,13.959999999999795
45.900000000000425,13.979999999999794
45.900000000000425,13.999999999999794
45.900000000000425,14.019999999999794
45.900000000000425,14.039999999999793
45.900000000000425,14.059999999999793
45.900000000000425,14.079999999999792
45.900000000000425,14.099999999999792
45.900000000000425,14.119999999999791
45.900000000000425,14.139999999999791
45.900000000000425,14.15999999999979
45.900000000000425,14.17999999999979
45.900000000000425,14.19999999999979
45.900000000000425,14.21999999999979
45.900000000000425,14.239999999999789
45.900000000000425,14.259999999999788
45.900000000000425,14.279999999999788
45.900000000000425,14.299999999999788
45.900000000000425,14.319999999999787
45.900000000000425,14.339999999999787
45.900000000000425,14.359999999999786
45.900000000000425,14.379999999999786
45.900000000000425,14.399999999999785
45.900000000000425,14.419999999999785
45.900000000000425,14.439999999999785
45.900000000000425,14.459999999999784
45.900000000000425,14.479999999999784
45.900000000000425,14.499999999999783
45.900000000000425,14.519999999999783
45.900000000000425,14.539999999999782
45.900000000000425,14.559999999999782
45.900000000000425,14.579999999999782
45.900000000000425,14.599999999999781
45.900000000000425,14.61999999999978
45.900000000000425,14.63999999999978
45.900000000000425,14.65999999999978
45.900000000000425,14.67999999999978
45.900000000000425,14.699999999999779
45.900000000000425,14.719999999999779
45.900000000000425,14.739999999999778
45.900000000000425,14.759999999999778
45.900000000000425,14.779999999999777
45.900000000000425,14.799999999999777
45.900000000000425,14.819999999999776
45.900000000000425,14.839999999999776
45.900000000000425,14.859999999999776
45.900000000000425,14.879999999999775
45.900000000000425,14.899999999999775
45.900000000000425,14.919999999999774
45.900000000000425,14.939999999999774
45.900000000000425,14.959999999999773
45.900000000000425,14.979999999999773
45.900000000000425,14.999999999999773
45.900000000000425,15.019999999999772
45.900000000000425,15.039999999999772
45.900000000000425,15.059999999999771
45.900000000000425,15.079999999999771
45.900000000000425,15.09999999999977
45.900000000000425,15.11999999999977
45.900000000000425,15.13999999999977
45.900000000000425,15.15999999999977
45.900000000000425,15.179999999999769
45.900000000000425,15.199999999999768
45.900000000000425,15.219999999999768
45.900000000000425,15.239999999999768
45.900000000000425,15.259999999999767
45.900000000000425,15.279999999999767
45.900000000000425,15.299999999999766
45.900000000000425,15.319999999999766
45.900000000000425,15.339999999999765
45.900000000000425,15.359999999999765
45.900000000000425,15.379999999999765
45.900000000000425,15.399999999999764
45.900000000000425,15.419999999999764
45.900000000000425,15.439999999999763
45.900000000000425,15.459999999999763
45.900000000000425,15.479999999999762
45.900000000000425,15.499999999999762
45.900000000000425,15.519999999999762
45.900000000000425,15.539999999999761
45.900000000000425,15.55999999999976
45.900000000000425,15.57999999999976
45.900000000000425,15.59999999999976
45.900000000000425,15.61999999999976
45.900000000000425,15.639999999999759
45.900000000000425,15.659999999999759
45.900000000000425,15.679999999999758
45.900000000000425,15.699999999999758
45.900000000000425,15.719999999999757
45.900000000000425,15.739999999999757
45.900000000000425,15.759999999999756
45.900000000000425,15.779999999999756
45.900000000000425,15.799999999999756
45.900000000000425,15.819999999999755
45.900000000000425,15.839999999999755
45.900000000000425,15.859999999999754
45.900000000000425,15.879999999999754
45.900000000000425,15.899999999999753
45.900000000000425,15.919999999999753
45.900000000000425,15.939999999999753
45.900000000000425,15.959999999999752
45.900000000000425,15.979999999999752
45.900000000000425,15.999999999999751
45.900000000000425,16.01999999999975
45.900000000000425,16.03999999999975
45.900000000000425,16.05999999999975
45.900000000000425,16.07999999999975
45.900000000000425,16.09999999999975
45.900000000000425,16.11999999999975
45.900000000000425,16.13999999999975
45.900000000000425,16.159999999999748
45.900000000000425,16.179999999999747
45.900000000000425,16.199999999999747
45.900000000000425,16.219999999999747
45.900000000000425,16.239999999999746
45.900000000000425,16.259999999999746
45.900000000000425,16.279999999999745
45.900000000000425,16.299999999999745
45.900000000000425,16.319999999999744
45.900000000000425,16.339999999999744
45.900000000000425,16.359999999999744
45.900000000000425,16.379999999999743
45.900000000000425,16.399999999999743
45.900000000000425,16.419999999999742
45.900000000000425,16.439999999999742
45.900000000000425,16.45999999999974
45.900000000000425,16.47999999999974
45.900000000000425,16.49999999999974
45.900000000000425,16.51999999999974
45.900000000000425,16.53999999999974
45.900000000000425,16.55999999999974
45.900000000000425,16.57999999999974
45.900000000000425,16.59999999999974
45.900000000000425,16.619999999999738
45.900000000000425,16.639999999999738
45.900000000000425,16.659999999999737
45.900000000000425,16.679999999999737
45.900000000000425,16.699999999999736
45.900000000000425,16.719999999999736
45.900000000000425,16.739999999999736
45.92000000000043,12.979999999999816
45.92000000000043,12.999999999999815
45.92000000000043,13.019999999999815
45.92000000000043,13.039999999999814
45.92000000000043,13.059999999999814
45.92000000000043,13.079999999999814
45.92000000000043,13.099999999999813
45.92000000000043,13.119999999999813
45.92000000000043,13.139999999999812
45.92000000000043,13.159999999999812
45.92000000000043,13.179999999999811
45.92000000000043,13.199999999999811
45.92000000000043,13.21999999999981
45.92000000000043,13.23999999999981
45.92000000000043,13.25999999999981
45.92000000000043,13.27999999999981
45.92000000000043,13.299999999999809
45.92000000000043,13.319999999999808
45.92000000000043,13.339999999999808
45.92000000000043,13.359999999999808
45.92000000000043,13.379999999999807
45.92000000000043,13.399999999999807
45.92000000000043,13.419999999999806
45.92000000000043,13.439999999999806
45.92000000000043,13.459999999999805
45.92000000000043,13.479999999999805
45.92000000000043,13.499999999999805
45.92000000000043,13.519999999999804
45.92000000000043,13.539999999999804
45.92000000000043,13.559999999999803
45.92000000000043,13.579999999999803
45.92000000000043,13.599999999999802
45.92000000000043,13.619999999999802
45.92000000000043,13.639999999999802
45.92000000000043,13.659999999999801
45.92000000000043,13.6799999999998
45.92000000000043,13.6999999999998
45.92000000000043,13.7199999999998
45.92000000000043,13.7399999999998
45.92000000000043,13.759999999999799
45.92000000000043,13.779999999999799
45.92000000000043,13.799999999999798
45.92000000000043,13.819999999999798
45.92000000000043,13.839999999999797
45.92000000000043,13.859999999999797
45.92000000000043,13.879999999999797
45.92000000000043,13.899999999999796
45.92000000000043,13.919999999999796
45.92000000000043,13.939999999999795
45.92000000000043,13.959999999999795
45.92000000000043,13.979999999999794
45.92000000000043,13.999999999999794
45.92000000000043,14.019999999999794
45.92000000000043,14.039999999999793
45.92000000000043,14.059999999999793
45.92000000000043,14.079999999999792
45.92000000000043,14.099999999999792
45.92000000000043,14.119999999999791
45.92000000000043,14.139999999999791
45.92000000000043,14.15999999999979
45.92000000000043,14.17999999999979
45.92000000000043,14.19999999999979
45.92000000000043,14.21999999999979
45.92000000000043,14.239999999999789
45.92000000000043,14.259999999999788
45.92000000000043,14.279999999999788
45.92000000000043,14.299999999999788
45.92000000000043,14.319999999999787
45.92000000000043,14.339999999999787
45.92000000000043,14.359999999999786
45.92000000000043,14.379999999999786
45.92000000000043,14.399999999999785
45.92000000000043,14.419999999999785
45.92000000000043,14.439999999999785
45.92000000000043,14.459999999999784
45.92000000000043,14.479999999999784
45.92000000000043,14.499999999999783
45.92000000000043,14.519999999999783
45.92000000000043,14.539999999999782
45.92000000000043,14.559999999999782
45.92000000000043,14.579999999999782
45.92000000000043,14.599999999999781
45.92000000000043,14.61999999999978
45.92000000000043,14.63999999999978
45.92000000000043,14.65999999999978
45.92000000000043,14.67999999999978
45.92000000000043,14.699999999999779
45.92000000000043,14.719999999999779
45.92000000000043,14.739999999999778
45.92000000000043,14.759999999999778
45.92000000000043,14.779999999999777
45.92000000000043,14.799999999999777
45.92000000000043,14.819999999999776
45.92000000000043,14.839999999999776
45.92000000000043,14.859999999999776
45.92000000000043,14.879999999999775
45.92000000000043,14.899999999999775
45.92000000000043,14.919999999999774
45.92000000000043,14.939999999999774
45.92000000000043,14.959999999999773
45.92000000000043,14.979999999999773
45.92000000000043,14.999999999999773
45.92000000000043,15.019999999999772
45.92000000000043,15.039999999999772
45.92000000000043,15.059999999999771
45.92000000000043,15.079999999999771
45.92000000000043,15.09999999999977
45.92000000000043,15.11999999999977
45.92000000000043,15.13999999999977
45.92000000000043,15.15999999999977
45.92000000000043,15.179999999999769
45.92000000000043,15.199999999999768
45.92000000000043,15.219999999999768
45.92000000000043,15.239999999999768
45.92000000000043,15.259999999999767
45.92000000000043,15.279999999999767
45.92000000000043,15.299999999999766
45.92000000000043,15.319999999999766
45.92000000000043,15.339999999999765
45.92000000000043,15.359999999999765
45.92000000000043,15.379999999999765
45.92000000000043,15.399999999999764
45.92000000000043,15.419999999999764
45.92000000000043,15.439999999999763
45.92000000000043,15.459999999999763
45.92000000000043,15.479999999999762
45.92000000000043,15.499999999999762
45.92000000000043,15.519999999999762
45.92000000000043,15.539999999999761
45.92000000000043,15.55999999999976
45.92000000000043,15.57999999999976
45.92000000000043,15.59999999999976
45.92000000000043,15.61999999999976
45.92000000000043,15.639999999999759
45.92000000000043,15.659999999999759
45.92000000000043,15.679999999999758
45.92000000000043,15.699999999999758
45.92000000000043,15.719999999999757
45.92000000000043,15.739999999999757
45.92000000000043,15.759999999999756
45.92000000000043,15.779999999999756
45.92000000000043,15.799999999999756
45.92000000000043,15.819999999999755
45.92000000000043,15.839999999999755
45.92000000000043,15.859999999999754
45.92000000000043,15.879999999999754
45.92000000000043,15.899999999999753
45.92000000000043,15.919999999999753
45.92000000000043,15.939999999999753
45.92000000000043,15.959999999999752
45.92000000000043,15.979999999999752
45.92000000000043,15.999999999999751
45.92000000000043,16.01999999999975
45.92000000000043,16.03999999999975
45.92000000000043,16.05999999999975
45.92000000000043,16.07999999999975
45.92000000000043,16.09999999999975
45.92000000000043,16.11999999999975
45.92000000000043,16.13999999999975
45.92000000000043,16.159999999999748
45.92000000000043,16.179999999999747
45.92000000000043,16.199999999999747
45.92000000000043,16.219999999999747
45.92000000000043,16.239999999999746
45.92000000000043,16.259999999999746
45.92000000000043,16.279999999999745
45.92000000000043,16.299999999999745
45.92000000000043,16.319999999999744
45.92000000000043,16.339999999999744
45.92000000000043,16.359999999999744
45.92000000000043,16.379999999999743
45.92000000000043,16.399999999999743
45.92000000000043,16.419999999999742
45.92000000000043,16.439999999999742
45.92000000000043,16.45999999999974
45.92000000000043,16.47999999999974
45.92000000000043,16.49999999999974
45.92000000000043,16.51999999999974
45.92000000000043,16.53999999999974
45.92000000000043,16.55999999999974
45.92000000000043,16.57999999999974
45.92000000000043,16.59999999999974
45.92000000000043,16.619999999999738
45.92000000000043,16.639999999999738
45.92000000000043,16.659999999999737
45.92000000000043,16.679999999999737
45.92000000000043,16.699999999999736
45.92000000000043,16.719999999999736
45.92000000000043,16.739999999999736
45.94000000000043,12.979999999999816
45.94000000000043,12.999999999999815
45.94000000000043,13.019999999999815
45.94000000000043,13.039999999999814
45.94000000000043,13.059999999999814
45.94000000000043,13.079999999999814
45.94000000000043,13.099999999999813
45.94000000000043,13.119999999999813
45.94000000000043,13.139999999999812
45.94000000000043,13.159999999999812
45.94000000000043,13.179999999999811
45.94000000000043,13.199999999999811
45.94000000000043,13.21999999999981
45.94000000000043,13.23999999999981
45.94000000000043,13.25999999999981
45.94000000000043,13.27999999999981
45.94000000000043,13.299999999999809
45.94000000000043,13.319999999999808
45.94000000000043,13.339999999999808
45.94000000000043,13.359999999999808
45.94000000000043,13.379999999999807
45.94000000000043,13.399999999999807
45.94000000000043,13.419999999999806
45.94000000000043,13.439999999999806
45.94000000000043,13.459999999999805
45.94000000000043,13.479999999999805
45.94000000000043,13.499999999999805
45.94000000000043,13.519999999999804
45.94000000000043,13.539999999999804
45.94000000000043,13.559999999999803
45.94000000000043,13.579999999999803
45.94000000000043,13.599999999999802
45.94000000000043,13.619999999999802
45.94000000000043,13.639999999999802
45.94000000000043,13.659999999999801
45.94000000000043,13.6799999999998
45.94000000000043,13.6999999999998
45.94000000000043,13.7199999999998
45.94000000000043,13.7399999999998
45.94000000000043,13.759999999999799
45.94000000000043,13.779999999999799
45.94000000000043,13.799999999999798
45.94000000000043,13.819999999999798
45.94000000000043,13.839999999999797
45.94000000000043,13.859999999999797
45.94000000000043,13.879999999999797
45.94000000000043,13.899999999999796
45.94000000000043,13.919999999999796
45.94000000000043,13.939999999999795
45.94000000000043,13.959999999999795
45.94000000000043,13.979999999999794
45.94000000000043,13.999999999999794
45.94000000000043,14.019999999999794
45.94000000000043,14.039999999999793
45.94000000000043,14.059999999999793
45.94000000000043,14.079999999999792
45.94000000000043,14.099999999999792
45.94000000000043,14.119999999999791
45.94000000000043,14.139999999999791
45.94000000000043,14.15999999999979
45.94000000000043,14.17999999999979
45.94000000000043,14.19999999999979
45.94000000000043,14.21999999999979
45.94000000000043,14.239999999999789
45.94000000000043,14.259999999999788
45.94000000000043,14.279999999999788
45.94000000000043,14.299999999999788
45.94000000000043,14.319999999999787
45.94000000000043,14.339999999999787
45.94000000000043,14.359999999999786
45.94000000000043,14.379999999999786
45.94000000000043,14.399999999999785
45.94000000000043,14.419999999999785
45.94000000000043,14.439999999999785
45.94000000000043,14.459999999999784
45.94000000000043,14.479999999999784
45.94000000000043,14.499999999999783
45.94000000000043,14.519999999999783
45.94000000000043,14.539999999999782
45.94000000000043,14.559999999999782
45.94000000000043,14.579999999999782
45.94000000000043,14.599999999999781
45.94000000000043,14.61999999999978
45.94000000000043,14.63999999999978
45.94000000000043,14.65999999999978
45.94000000000043,14.67999999999978
45.94000000000043,14.699999999999779
45.94000000000043,14.719999999999779
45.94000000000043,14.739999999999778
45.94000000000043,14.759999999999778
45.94000000000043,14.779999999999777
45.94000000000043,14.799999999999777
45.94000000000043,14.819999999999776
45.94000000000043,14.839999999999776
45.94000000000043,14.859999999999776
45.94000000000043,14.879999999999775
45.94000000000043,14.899999999999775
45.94000000000043,14.919999999999774
45.94000000000043,14.939999999999774
45.94000000000043,14.959999999999773
45.94000000000043,14.979999999999773
45.94000000000043,14.999999999999773
45.94000000000043,15.019999999999772
45.94000000000043,15.039999999999772
45.94000000000043,15.059999999999771
45.94000000000043,15.079999999999771
45.94000000000043,15.09999999999977
45.94000000000043,15.11999999999977
45.94000000000043,15.13999999999977
45.94000000000043,15.15999999999977
45.94000000000043,15.179999999999769
45.94000000000043,15.199999999999768
45.94000000000043,15.219999999999768
45.94000000000043,15.239999999999768
45.94000000000043,15.259999999999767
45.94000000000043,15.279999999999767
45.94000000000043,15.299999999999766
45.94000000000043,15.319999999999766
45.94000000000043,15.339999999999765
45.94000000000043,15.359999999999765
45.94000000000043,15.379999999999765
45.94000000000043,15.399999999999764
45.94000000000043,15.419999999999764
45.94000000000043,15.439999999999763
45.94000000000043,15.459999999999763
45.94000000000043,15.479999999999762
45.94000000000043,15.499999999999762
45.94000000000043,15.519999999999762
45.94000000000043,15.539999999999761
45.94000000000043,15.55999999999976
45.94000000000043,15.57999999999976
45.94000000000043,15.59999999999976
45.94000000000043,15.61999999999976
45.94000000000043,15.639999999999759
45.94000000000043,15.659999999999759
45.94000000000043,15.679999999999758
45.94000000000043,15.699999999999758
45.94000000000043,15.719999999999757
45.94000000000043,15.739999999999757
45.94000000000043,15.759999999999756
45.94000000000043,15.779999999999756
45.94000000000043,15.799999999999756
45.94000000000043,15.819999999999755
45.94000000000043,15.839999999999755
45.94000000000043,15.859999999999754
45.94000000000043,15.879999999999754
45.94000000000043,15.899999999999753
45.94000000000043,15.919999999999753
45.94000000000043,15.939999999999753
45.94000000000043,15.959999999999752
45.94000000000043,15.979999999999752
45.94000000000043,15.999999999999751
45.94000000000043,16.01999999999975
45.94000000000043,16.03999999999975
45.94000000000043,16.05999999999975
45.94000000000043,16.07999999999975
45.94000000000043,16.09999999999975
45.94000000000043,16.11999999999975
45.94000000000043,16.13999999999975
45.94000000000043,16.159999999999748
45.94000000000043,16.179999999999747
45.94000000000043,16.199999999999747
45.94000000000043,16.219999999999747
45.94000000000043,16.239999999999746
45.94000000000043,16.259999999999746
45.94000000000043,16.279999999999745
45.94000000000043,16.299999999999745
45.94000000000043,16.319999999999744
45.94000000000043,16.339999999999744
45.94000000000043,16.359999999999744
45.94000000000043,16.379999999999743
45.94000000000043,16.399999999999743
45.94000000000043,16.419999999999742
45.94000000000043,16.439999999999742
45.94000000000043,16.45999999999974
45.94000000000043,16.47999999999974
45.94000000000043,16.49999999999974
45.94000000000043,16.51999999999974
45.94000000000043,16.53999999999974
45.94000000000043,16.55999999999974
45.94000000000043,16.57999999999974
45.94000000000043,16.59999999999974
45.94000000000043,16.619999999999738
45.94000000000043,16.639999999999738
45.94000000000043,16.659999999999737
45.94000000000043,16.679999999999737
45.94000000000043,16.699999999999736
45.94000000000043,16.719999999999736
45.94000000000043,16.739999999999736
45.960000000000434,12.979999999999816
45.960000000000434,12.999999999999815
45.960000000000434,13.019999999999815
45.960000000000434,13.039999999999814
45.960000000000434,13.059999999999814
45.960000000000434,13.079999999999814
45.960000000000434,13.099999999999813
45.960000000000434,13.119999999999813
45.960000000000434,13.139999999999812
45.960000000000434,13.159999999999812
45.960000000000434,13.179999999999811
45.960000000000434,13.199999999999811
45.960000000000434,13.21999999999981
45.960000000000434,13.23999999999981
45.960000000000434,13.25999999999981
45.960000000000434,13.27999999999981
45.960000000000434,13.299999999999809
45.960000000000434,13.319999999999808
45.960000000000434,13.339999999999808
45.960000000000434,13.359999999999808
45.960000000000434,13.379999999999807
45.960000000000434,13.399999999999807
45.960000000000434,13.419999999999806
45.960000000000434,13.439999999999806
45.960000000000434,13.459999999999805
45.960000000000434,13.479999999999805
45.960000000000434,13.499999999999805
45.960000000000434,13.519999999999804
45.960000000000434,13.539999999999804
45.960000000000434,13.559999999999803
45.960000000000434,13.579999999999803
45.960000000000434,13.599999999999802
45.960000000000434,13.619999999999802
45.960000000000434,13.639999999999802
45.960000000000434,13.659999999999801
45.960000000000434,13.6799999999998
45.960000000000434,13.6999999999998
45.960000000000434,13.7199999999998
45.960000000000434,13.7399999999998
45.960000000000434,13.759999999999799
45.960000000000434,13.779999999999799
45.960000000000434,13.799999999999798
45.960000000000434,13.819999999999798
45.960000000000434,13.839999999999797
45.960000000000434,13.859999999999797
45.960000000000434,13.879999999999797
45.960000000000434,13.899999999999796
45.960000000000434,13.919999999999796
45.960000000000434,13.939999999999795
45.960000000000434,13.959999999999795
45.960000000000434,13.979999999999794
45.960000000000434,13.999999999999794
45.960000000000434,14.019999999999794
45.960000000000434,14.039999999999793
45.960000000000434,14.059999999999793
45.960000000000434,14.079999999999792
45.960000000000434,14.099999999999792
45.960000000000434,14.119999999999791
45.960000000000434,14.139999999999791
45.960000000000434,14.15999999999979
45.960000000000434,14.17999999999979
45.960000000000434,14.19999999999979
45.960000000000434,14.21999999999979
45.960000000000434,14.239999999999789
45.960000000000434,14.259999999999788
45.960000000000434,14.279999999999788
45.960000000000434,14.299999999999788
45.960000000000434,14.319999999999787
45.960000000000434,14.339999999999787
45.960000000000434,14.359999999999786
45.960000000000434,14.379999999999786
45.960000000000434,14.399999999999785
45.960000000000434,14.419999999999785
45.960000000000434,14.439999999999785
45.960000000000434,14.459999999999784
45.960000000000434,14.479999999999784
45.960000000000434,14.499999999999783
45.960000000000434,14.519999999999783
45.960000000000434,14.539999999999782
45.960000000000434,14.559999999999782
45.960000000000434,14.579999999999782
45.960000000000434,14.599999999999781
45.960000000000434,14.61999999999978
45.960000000000434,14.63999999999978
45.960000000000434,14.65999999999978
45.960000000000434,14.67999999999978
45.960000000000434,14.699999999999779
45.960000000000434,14.719999999999779
45.960000000000434,14.739999999999778
45.960000000000434,14.759999999999778
45.960000000000434,14.779999999999777
45.960000000000434,14.799999999999777
45.960000000000434,14.819999999999776
45.960000000000434,14.839999999999776
45.960000000000434,14.859999999999776
45.960000000000434,14.879999999999775
45.960000000000434,14.899999999999775
45.960000000000434,14.919999999999774
45.960000000000434,14.939999999999774
45.960000000000434,14.959999999999773
45.960000000000434,14.979999999999773
45.960000000000434,14.999999999999773
45.960000000000434,15.019999999999772
45.960000000000434,15.039999999999772
45.960000000000434,15.059999999999771
45.960000000000434,15.079999999999771
45.960000000000434,15.09999999999977
45.960000000000434,15.11999999999977
45.960000000000434,15.13999999999977
45.960000000000434,15.15999999999977
45.960000000000434,15.179999999999769
45.960000000000434,15.199999999999768
45.960000000000434,15.219999999999768
45.960000000000434,15.239999999999768
45.960000000000434,15.259999999999767
45.960000000000434,15.279999999999767
45.960000000000434,15.299999999999766
45.960000000000434,15.319999999999766
45.960000000000434,15.339999999999765
45.960000000000434,15.359999999999765
45.960000000000434,15.379999999999765
45.960000000000434,15.399999999999764
45.960000000000434,15.419999999999764
45.960000000000434,15.439999999999763
45.960000000000434,15.459999999999763
45.960000000000434,15.479999999999762
45.960000000000434,15.499999999999762
45.960000000000434,15.519999999999762
45.960000000000434,15.539999999999761
45.960000000000434,15.55999999999976
45.960000000000434,15.57999999999976
45.960000000000434,15.59999999999976
45.960000000000434,15.61999999999976
45.960000000000434,15.639999999999759
45.960000000000434,15.659999999999759
45.960000000000434,15.679999999999758
45.960000000000434,15.699999999999758
45.960000000000434,15.719999999999757
45.960000000000434,15.739999999999757
45.960000000000434,15.759999999999756
45.960000000000434,15.779999999999756
45.960000000000434,15.799999999999756
45.960000000000434,15.819999999999755
45.960000000000434,15.839999999999755
45.960000000000434,15.859999999999754
45.960000000000434,15.879999999999754
45.960000000000434,15.899999999999753
45.960000000000434,15.919999999999753
45.960000000000434,15.939999999999753
45.960000000000434,15.959999999999752
45.960000000000434,15.979999999999752
45.960000000000434,15.999999999999751
45.960000000000434,16.01999999999975
45.960000000000434,16.03999999999975
45.960000000000434,16.05999999999975
45.960000000000434,16.07999999999975
45.960000000000434,16.09999999999975
45.960000000000434,16.11999999999975
45.960000000000434,16.13999999999975
45.960000000000434,16.159999999999748
45.960000000000434,16.179999999999747
45.960000000000434,16.199999999999747
45.960000000000434,16.219999999999747
45.960000000000434,16.239999999999746
45.960000000000434,16.259999999999746
45.960000000000434,16.279999999999745
45.960000000000434,16.299999999999745
45.960000000000434,16.319999999999744
45.960000000000434,16.339999999999744
45.960000000000434,16.359999999999744
45.960000000000434,16.379999999999743
45.960000000000434,16.399999999999743
45.960000000000434,16.419999999999742
45.960000000000434,16.439999999999742
45.960000000000434,16.45999999999974
45.960000000000434,16.47999999999974
45.960000000000434,16.49999999999974
45.960000000000434,16.51999999999974
45.960000000000434,16.53999999999974
45.960000000000434,16.55999999999974
45.960000000000434,16.57999999999974
45.960000000000434,16.59999999999974
45.960000000000434,16.619999999999738
45.960000000000434,16.639999999999738
45.960000000000434,16.659999999999737
45.960000000000434,16.679999999999737
45.960000000000434,16.699999999999736
45.960000000000434,16.719999999999736
45.960000000000434,16.739999999999736
45.98000000000044,12.979999999999816
45.98000000000044,12.999999999999815
45.98000000000044,13.019999999999815
45.98000000000044,13.039999999999814
45.98000000000044,13.059999999999814
45.98000000000044,13.079999999999814
45.98000000000044,13.099999999999813
45.98000000000044,13.119999999999813
45.98000000000044,13.139999999999812
45.98000000000044,13.159999999999812
45.98000000000044,13.179999999999811
45.98000000000044,13.199999999999811
45.98000000000044,13.21999999999981
45.98000000000044,13.23999999999981
45.98000000000044,13.25999999999981
45.98000000000044,13.27999999999981
45.98000000000044,13.299999999999809
45.98000000000044,13.319999999999808
45.98000000000044,13.339999999999808
45.98000000000044,13.359999999999808
45.98000000000044,13.379999999999807
45.98000000000044,13.399999999999807
45.98000000000044,13.419999999999806
45.98000000000044,13.439999999999806
45.98000000000044,13.459999999999805
45.98000000000044,13.479999999999805
45.98000000000044,13.499999999999805
45.98000000000044,13.519999999999804
45.98000000000044,13.539999999999804
45.98000000000044,13.559999999999803
45.98000000000044,13.579999999999803
45.98000000000044,13.599999999999802
45.98000000000044,13.619999999999802
45.98000000000044,13.639999999999802
45.98000000000044,13.659999999999801
45.98000000000044,13.6799999999998
45.98000000000044,13.6999999999998
45.98000000000044,13.7199999999998
45.98000000000044,13.7399999999998
45.98000000000044,13.759999999999799
45.98000000000044,13.779999999999799
45.98000000000044,13.799999999999798
45.98000000000044,13.819999999999798
45.98000000000044,13.839999999999797
45.98000000000044,13.859999999999797
45.98000000000044,13.879999999999797
45.98000000000044,13.899999999999796
45.98000000000044,13.919999999999796
45.98000000000044,13.939999999999795
45.98000000000044,13.959999999999795
45.98000000000044,13.979999999999794
45.98000000000044,13.999999999999794
45.98000000000044,14.019999999999794
45.98000000000044,14.039999999999793
45.98000000000044,14.059999999999793
45.98000000000044,14.079999999999792
45.98000000000044,14.099999999999792
45.98000000000044,14.119999999999791
45.98000000000044,14.139999999999791
45.98000000000044,14.15999999999979
45.98000000000044,14.17999999999979
45.98000000000044,14.19999999999979
45.98000000000044,14.21999999999979
45.98000000000044,14.239999999999789
45.98000000000044,14.259999999999788
45.98000000000044,14.279999999999788
45.98000000000044,14.299999999999788
45.98000000000044,14.319999999999787
45.98000000000044,14.339999999999787
45.98000000000044,14.359999999999786
45.98000000000044,14.379999999999786
45.98000000000044,14.399999999999785
45.98000000000044,14.419999999999785
45.98000000000044,14.439999999999785
45.98000000000044,14.459999999999784
45.98000000000044,14.479999999999784
45.98000000000044,14.499999999999783
45.98000000000044,14.519999999999783
45.98000000000044,14.539999999999782
45.98000000000044,14.559999999999782
45.98000000000044,14.579999999999782
45.98000000000044,14.599999999999781
45.98000000000044,14.61999999999978
45.98000000000044,14.63999999999978
45.98000000000044,14.65999999999978
45.98000000000044,14.67999999999978
45.98000000000044,14.699999999999779
45.98000000000044,14.719999999999779
45.98000000000044,14.739999999999778
45.98000000000044,14.759999999999778
45.98000000000044,14.779999999999777
45.98000000000044,14.799999999999777
45.98000000000044,14.819999999999776
45.98000000000044,14.839999999999776
45.98000000000044,14.859999999999776
45.98000000000044,14.879999999999775
45.98000000000044,14.899999999999775
45.98000000000044,14.919999999999774
45.98000000000044,14.939999999999774
45.98000000000044,14.959999999999773
45.98000000000044,14.979999999999773
45.98000000000044,14.999999999999773
45.98000000000044,15.019999999999772
45.98000000000044,15.039999999999772
45.98000000000044,15.059999999999771
45.98000000000044,15.079999999999771
45.98000000000044,15.09999999999977
45.98000000000044,15.11999999999977
45.98000000000044,15.13999999999977
45.98000000000044,15.15999999999977
45.98000000000044,15.179999999999769
45.98000000000044,15.199999999999768
45.98000000000044,15.219999999999768
45.98000000000044,15.239999999999768
45.98000000000044,15.259999999999767
45.98000000000044,15.279999999999767
45.98000000000044,15.299999999999766
45.98000000000044,15.319999999999766
45.98000000000044,15.339999999999765
45.98000000000044,15.359999999999765
45.98000000000044,15.379999999999765
45.98000000000044,15.399999999999764
45.98000000000044,15.419999999999764
45.98000000000044,15.439999999999763
45.98000000000044,15.459999999999763
45.98000000000044,15.479999999999762
45.98000000000044,15.499999999999762
45.98000000000044,15.519999999999762
45.98000000000044,15.539999999999761
45.98000000000044,15.55999999999976
45.98000000000044,15.57999999999976
45.98000000000044,15.59999999999976
45.98000000000044,15.61999999999976
45.98000000000044,15.639999999999759
45.98000000000044,15.659999999999759
45.98000000000044,15.679999999999758
45.98000000000044,15.699999999999758
45.98000000000044,15.719999999999757
45.98000000000044,15.739999999999757
45.98000000000044,15.759999999999756
45.98000000000044,15.779999999999756
45.98000000000044,15.799999999999756
45.98000000000044,15.819999999999755
45.98000000000044,15.839999999999755
45.98000000000044,15.859999999999754
45.98000000000044,15.879999999999754
45.98000000000044,15.899999999999753
45.98000000000044,15.919999999999753
45.98000000000044,15.939999999999753
45.98000000000044,15.959999999999752
45.98000000000044,15.979999999999752
45.98000000000044,15.999999999999751
45.98000000000044,16.01999999999975
45.98000000000044,16.03999999999975
45.98000000000044,16.05999999999975
45.98000000000044,16.07999999999975
45.98000000000044,16.09999999999975
45.98000000000044,16.11999999999975
45.98000000000044,16.13999999999975
45.98000000000044,16.159999999999748
45.98000000000044,16.179999999999747
45.98000000000044,16.199999999999747
45.98000000000044,16.219999999999747
45.98000000000044,16.239999999999746
45.98000000000044,16.259999999999746
45.98000000000044,16.279999999999745
45.98000000000044,16.299999999999745
45.98000000000044,16.319999999999744
45.98000000000044,16.339999999999744
45.98000000000044,16.359999999999744
45.98000000000044,16.379999999999743
45.98000000000044,16.399999999999743
45.98000000000044,16.419999999999742
45.98000000000044,16.439999999999742
45.98000000000044,16.45999999999974
45.98000000000044,16.47999999999974
45.98000000000044,16.49999999999974
45.98000000000044,16.51999999999974
45.98000000000044,16.53999999999974
45.98000000000044,16.55999999999974
45.98000000000044,16.57999999999974
45.98000000000044,16.59999999999974
45.98000000000044,16.619999999999738
45.98000000000044,16.639999999999738
45.98000000000044,16.659999999999737
45.98000000000044,16.679999999999737
45.98000000000044,16.699999999999736
45.98000000000044,16.719999999999736
45.98000000000044,16.739999999999736
46.00000000000044,12.979999999999816
46.00000000000044,12.999999999999815
46.00000000000044,13.019999999999815
46.00000000000044,13.039999999999814
46.00000000000044,13.059999999999814
46.00000000000044,13.079999999999814
46.00000000000044,13.099999999999813
46.00000000000044,13.119999999999813
46.00000000000044,13.139999999999812
46.00000000000044,13.159999999999812
46.00000000000044,13.179999999999811
46.00000000000044,13.199999999999811
46.00000000000044,13.21999999999981
46.00000000000044,13.23999999999981
46.00000000000044,13.25999999999981
46.00000000000044,13.27999999999981
46.00000000000044,13.299999999999809
46.00000000000044,13.319999999999808
46.00000000000044,13.339999999999808
46.00000000000044,13.359999999999808
46.00000000000044,13.379999999999807
46.00000000000044,13.399999999999807
46.00000000000044,13.419999999999806
46.00000000000044,13.439999999999806
46.00000000000044,13.459999999999805
46.00000000000044,13.479999999999805
46.00000000000044,13.499999999999805
46.00000000000044,13.519999999999804
46.00000000000044,13.539999999999804
46.00000000000044,13.559999999999803
46.00000000000044,13.579999999999803
46.00000000000044,13.599999999999802
46.00000000000044,13.619999999999802
46.00000000000044,13.639999999999802
46.00000000000044,13.659999999999801
46.00000000000044,13.6799999999998
46.00000000000044,13.6999999999998
46.00000000000044,13.7199999999998
46.00000000000044,13.7399999999998
46.00000000000044,13.759999999999799
46.00000000000044,13.779999999999799
46.00000000000044,13.799999999999798
46.00000000000044,13.819999999999798
46.00000000000044,13.839999999999797
46.00000000000044,13.859999999999797
46.00000000000044,13.879999999999797
46.00000000000044,13.899999999999796
46.00000000000044,13.919999999999796
46.00000000000044,13.939999999999795
46.00000000000044,13.959999999999795
46.00000000000044,13.979999999999794
46.00000000000044,13.999999999999794
46.00000000000044,14.019999999999794
46.00000000000044,14.039999999999793
46.00000000000044,14.059999999999793
46.00000000000044,14.079999999999792
46.00000000000044,14.099999999999792
46.00000000000044,14.119999999999791
46.00000000000044,14.139999999999791
46.00000000000044,14.15999999999979
46.00000000000044,14.17999999999979
46.00000000000044,14.19999999999979
46.00000000000044,14.21999999999979
46.00000000000044,14.239999999999789
46.00000000000044,14.259999999999788
46.00000000000044,14.279999999999788
46.00000000000044,14.299999999999788
46.00000000000044,14.319999999999787
46.00000000000044,14.339999999999787
46.00000000000044,14.359999999999786
46.00000000000044,14.379999999999786
46.00000000000044,14.399999999999785
46.00000000000044,14.419999999999785
46.00000000000044,14.439999999999785
46.00000000000044,14.459999999999784
46.00000000000044,14.479999999999784
46.00000000000044,14.499999999999783
46.00000000000044,14.519999999999783
46.00000000000044,14.539999999999782
46.00000000000044,14.559999999999782
46.00000000000044,14.579999999999782
46.00000000000044,14.599999999999781
46.00000000000044,14.61999999999978
46.00000000000044,14.63999999999978
46.00000000000044,14.65999999999978
46.00000000000044,14.67999999999978
46.00000000000044,14.699999999999779
46.00000000000044,14.719999999999779
46.00000000000044,14.739999999999778
46.00000000000044,14.759999999999778
46.00000000000044,14.779999999999777
46.00000000000044,14.799999999999777
46.00000000000044,14.819999999999776
46.00000000000044,14.839999999999776
46.00000000000044,14.859999999999776
46.00000000000044,14.879999999999775
46.00000000000044,14.899999999999775
46.00000000000044,14.919999999999774
46.00000000000044,14.939999999999774
46.00000000000044,14.959999999999773
46.00000000000044,14.979999999999773
46.00000000000044,14.999999999999773
46.00000000000044,15.019999999999772
46.00000000000044,15.039999999999772
46.00000000000044,15.059999999999771
46.00000000000044,15.079999999999771
46.00000000000044,15.09999999999977
46.00000000000044,15.11999999999977
46.00000000000044,15.13999999999977
46.00000000000044,15.15999999999977
46.00000000000044,15.179999999999769
46.00000000000044,15.199999999999768
46.00000000000044,15.219999999999768
46.00000000000044,15.239999999999768
46.00000000000044,15.259999999999767
46.00000000000044,15.279999999999767
46.00000000000044,15.299999999999766
46.00000000000044,15.319999999999766
46.00000000000044,15.339999999999765
46.00000000000044,15.359999999999765
46.00000000000044,15.379999999999765
46.00000000000044,15.399999999999764
46.00000000000044,15.419999999999764
46.00000000000044,15.439999999999763
46.00000000000044,15.459999999999763
46.00000000000044,15.479999999999762
46.00000000000044,15.499999999999762
46.00000000000044,15.519999999999762
46.00000000000044,15.539999999999761
46.00000000000044,15.55999999999976
46.00000000000044,15.57999999999976
46.00000000000044,15.59999999999976
46.00000000000044,15.61999999999976
46.00000000000044,15.639999999999759
46.00000000000044,15.659999999999759
46.00000000000044,15.679999999999758
46.00000000000044,15.699999999999758
46.00000000000044,15.719999999999757
46.00000000000044,15.739999999999757
46.00000000000044,15.759999999999756
46.00000000000044,15.779999999999756
46.00000000000044,15.799999999999756
46.00000000000044,15.819999999999755
46.00000000000044,15.839999999999755
46.00000000000044,15.859999999999754
46.00000000000044,15.879999999999754
46.00000000000044,15.899999999999753
46.00000000000044,15.919999999999753
46.00000000000044,15.939999999999753
46.00000000000044,15.959999999999752
46.00000000000044,15.979999999999752
46.00000000000044,15.999999999999751
46.00000000000044,16.01999999999975
46.00000000000044,16.03999999999975
46.00000000000044,16.05999999999975
46.00000000000044,16.07999999999975
46.00000000000044,16.09999999999975
46.00000000000044,16.11999999999975
46.00000000000044,16.13999999999975
46.00000000000044,16.159999999999748
46.00000000000044,16.179999999999747
46.00000000000044,16.199999999999747
46.00000000000044,16.219999999999747
46.00000000000044,16.239999999999746
46.00000000000044,16.259999999999746
46.00000000000044,16.279999999999745
46.00000000000044,16.299999999999745
46.00000000000044,16.319999999999744
46.00000000000044,16.339999999999744
46.00000000000044,16.359999999999744
46.00000000000044,16.379999999999743
46.00000000000044,16.399999999999743
46.00000000000044,16.419999999999742
46.00000000000044,16.439999999999742
46.00000000000044,16.45999999999974
46.00000000000044,16.47999999999974
46.00000000000044,16.49999999999974
46.00000000000044,16.51999999999974
46.00000000000044,16.53999999999974
46.00000000000044,16.55999999999974
46.00000000000044,16.57999999999974
46.00000000000044,16.59999999999974
46.00000000000044,16.619999999999738
46.00000000000044,16.639999999999738
46.00000000000044,16.659999999999737
46.00000000000044,16.679999999999737
46.00000000000044,16.699999999999736
46.00000000000044,16.719999999999736
46.00000000000044,16.739999999999736
46.020000000000444,12.979999999999816
46.020000000000444,12.999999999999815
46.020000000000444,13.019999999999815
46.020000000000444,13.039999999999814
46.020000000000444,13.059999999999814
46.020000000000444,13.079999999999814
46.020000000000444,13.099999999999813
46.020000000000444,13.119999999999813
46.020000000000444,13.139999999999812
46.020000000000444,13.159999999999812
46.020000000000444,13.179999999999811
46.020000000000444,13.199999999999811
46.020000000000444,13.21999999999981
46.020000000000444,13.23999999999981
46.020000000000444,13.25999999999981
46.020000000000444,13.27999999999981
46.020000000000444,13.299999999999809
46.020000000000444,13.319999999999808
46.020000000000444,13.339999999999808
46.020000000000444,13.359999999999808
46.020000000000444,13.379999999999807
46.020000000000444,13.399999999999807
46.020000000000444,13.419999999999806
46.020000000000444,13.439999999999806
46.020000000000444,13.459999999999805
46.020000000000444,13.479999999999805
46.020000000000444,13.499999999999805
46.020000000000444,13.519999999999804
46.020000000000444,13.539999999999804
46.020000000000444,13.559999999999803
46.020000000000444,13.579999999999803
46.020000000000444,13.599999999999802
46.020000000000444,13.619999999999802
46.020000000000444,13.639999999999802
46.020000000000444,13.659999999999801
46.020000000000444,13.6799999999998
46.020000000000444,13.6999999999998
46.020000000000444,13.7199999999998
46.020000000000444,13.7399999999998
46.020000000000444,13.759999999999799
46.020000000000444,13.779999999999799
46.020000000000444,13.799999999999798
46.020000000000444,13.819999999999798
46.020000000000444,13.839999999999797
46.020000000000444,13.859999999999797
46.020000000000444,13.879999999999797
46.020000000000444,13.899999999999796
46.020000000000444,13.919999999999796
46.020000000000444,13.939999999999795
46.020000000000444,13.959999999999795
46.020000000000444,13.979999999999794
46.020000000000444,13.999999999999794
46.020000000000444,14.019999999999794
46.020000000000444,14.039999999999793
46.020000000000444,14.059999999999793
46.020000000000444,14.079999999999792
46.020000000000444,14.099999999999792
46.020000000000444,14.119999999999791
46.020000000000444,14.139999999999791
46.020000000000444,14.15999999999979
46.020000000000444,14.17999999999979
46.020000000000444,14.19999999999979
46.020000000000444,14.21999999999979
46.020000000000444,14.239999999999789
46.020000000000444,14.259999999999788
46.020000000000444,14.279999999999788
46.020000000000444,14.299999999999788
46.020000000000444,14.319999999999787
46.020000000000444,14.339999999999787
46.020000000000444,14.359999999999786
46.020000000000444,14.379999999999786
46.020000000000444,14.399999999999785
46.020000000000444,14.419999999999785
46.020000000000444,14.439999999999785
46.020000000000444,14.459999999999784
46.020000000000444,14.479999999999784
46.020000000000444,14.499999999999783
46.020000000000444,14.519999999999783
46.020000000000444,14.539999999999782
46.020000000000444,14.559999999999782
46.020000000000444,14.579999999999782
46.020000000000444,14.599999999999781
46.020000000000444,14.61999999999978
46.020000000000444,14.63999999999978
46.020000000000444,14.65999999999978
46.020000000000444,14.67999999999978
46.020000000000444,14.699999999999779
46.020000000000444,14.719999999999779
46.020000000000444,14.739999999999778
46.020000000000444,14.759999999999778
46.020000000000444,14.779999999999777
46.020000000000444,14.799999999999777
46.020000000000444,14.819999999999776
46.020000000000444,14.839999999999776
46.020000000000444,14.859999999999776
46.020000000000444,14.879999999999775
46.020000000000444,14.899999999999775
46.020000000000444,14.919999999999774
46.020000000000444,14.939999999999774
46.020000000000444,14.959999999999773
46.020000000000444,14.979999999999773
46.020000000000444,14.999999999999773
46.020000000000444,15.019999999999772
46.020000000000444,15.039999999999772
46.020000000000444,15.059999999999771
46.020000000000444,15.079999999999771
46.020000000000444,15.09999999999977
46.020000000000444,15.11999999999977
46.020000000000444,15.13999999999977
46.020000000000444,15.15999999999977
46.020000000000444,15.179999999999769
46.020000000000444,15.199999999999768
46.020000000000444,15.219999999999768
46.020000000000444,15.239999999999768
46.020000000000444,15.259999999999767
46.020000000000444,15.279999999999767
46.020000000000444,15.299999999999766
46.020000000000444,15.319999999999766
46.020000000000444,15.339999999999765
46.020000000000444,15.359999999999765
46.020000000000444,15.379999999999765
46.020000000000444,15.399999999999764
46.020000000000444,15.419999999999764
46.020000000000444,15.439999999999763
46.020000000000444,15.459999999999763
46.020000000000444,15.479999999999762
46.020000000000444,15.499999999999762
46.020000000000444,15.519999999999762
46.020000000000444,15.539999999999761
46.020000000000444,15.55999999999976
46.020000000000444,15.57999999999976
46.020000000000444,15.59999999999976
46.020000000000444,15.61999999999976
46.020000000000444,15.639999999999759
46.020000000000444,15.659999999999759
46.020000000000444,15.679999999999758
46.020000000000444,15.699999999999758
46.020000000000444,15.719999999999757
46.020000000000444,15.739999999999757
46.020000000000444,15.759999999999756
46.020000000000444,15.779999999999756
46.020000000000444,15.799999999999756
46.020000000000444,15.819999999999755
46.020000000000444,15.839999999999755
46.020000000000444,15.859999999999754
46.020000000000444,15.879999999999754
46.020000000000444,15.899999999999753
46.020000000000444,15.919999999999753
46.020000000000444,15.939999999999753
46.020000000000444,15.959999999999752
46.020000000000444,15.979999999999752
46.020000000000444,15.999999999999751
46.020000000000444,16.01999999999975
46.020000000000444,16.03999999999975
46.020000000000444,16.05999999999975
46.020000000000444,16.07999999999975
46.020000000000444,16.09999999999975
46.020000000000444,16.11999999999975
46.020000000000444,16.13999999999975
46.020000000000444,16.159999999999748
46.020000000000444,16.179999999999747
46.020000000000444,16.199999999999747
46.020000000000444,16.219999999999747
46.020000000000444,16.239999999999746
46.020000000000444,16.259999999999746
46.020000000000444,16.279999999999745
46.020000000000444,16.299999999999745
46.020000000000444,16.319999999999744
46.020000000000444,16.339999999999744
46.020000000000444,16.359999999999744
46.020000000000444,16.379999999999743
46.020000000000444,16.399999999999743
46.020000000000444,16.419999999999742
46.020000000000444,16.439999999999742
46.020000000000444,16.45999999999974
46.020000000000444,16.47999999999974
46.020000000000444,16.49999999999974
46.020000000000444,16.51999999999974
46.020000000000444,16.53999999999974
46.020000000000444,16.55999999999974
46.020000000000444,16.57999999999974
46.020000000000444,16.59999999999974
46.020000000000444,16.619999999999738
46.020000000000444,16.639999999999738
46.020000000000444,16.659999999999737
46.020000000000444,16.679999999999737
46.020000000000444,16.699999999999736
46.020000000000444,16.719999999999736
46.020000000000444,16.739999999999736
46.04000000000045,12.979999999999816
46.04000000000045,12.999999999999815
46.04000000000045,13.019999999999815
46.04000000000045,13.039999999999814
46.04000000000045,13.059999999999814
46.04000000000045,13.079999999999814
46.04000000000045,13.099999999999813
46.04000000000045,13.119999999999813
46.04000000000045,13.139999999999812
46.04000000000045,13.159999999999812
46.04000000000045,13.179999999999811
46.04000000000045,13.199999999999811
46.04000000000045,13.21999999999981
46.04000000000045,13.23999999999981
46.04000000000045,13.25999999999981
46.04000000000045,13.27999999999981
46.04000000000045,13.299999999999809
46.04000000000045,13.319999999999808
46.04000000000045,13.339999999999808
46.04000000000045,13.359999999999808
46.04000000000045,13.379999999999807
46.04000000000045,13.399999999999807
46.04000000000045,13.419999999999806
46.04000000000045,13.439999999999806
46.04000000000045,13.459999999999805
46.04000000000045,13.479999999999805
46.04000000000045,13.499999999999805
46.04000000000045,13.519999999999804
46.04000000000045,13.539999999999804
46.04000000000045,13.559999999999803
46.04000000000045,13.579999999999803
46.04000000000045,13.599999999999802
46.04000000000045,13.619999999999802
46.04000000000045,13.639999999999802
46.04000000000045,13.659999999999801
46.04000000000045,13.6799999999998
46.04000000000045,13.6999999999998
46.04000000000045,13.7199999999998
46.04000000000045,13.7399999999998
46.04000000000045,13.759999999999799
46.04000000000045,13.779999999999799
46.04000000000045,13.799999999999798
46.04000000000045,13.819999999999798
46.04000000000045,13.839999999999797
46.04000000000045,13.859999999999797
46.04000000000045,13.879999999999797
46.04000000000045,13.899999999999796
46.04000000000045,13.919999999999796
46.04000000000045,13.939999999999795
46.04000000000045,13.959999999999795
46.04000000000045,13.979999999999794
46.04000000000045,13.999999999999794
46.04000000000045,14.019999999999794
46.04000000000045,14.039999999999793
46.04000000000045,14.059999999999793
46.04000000000045,14.079999999999792
46.04000000000045,14.099999999999792
46.04000000000045,14.119999999999791
46.04000000000045,14.139999999999791
46.04000000000045,14.15999999999979
46.04000000000045,14.17999999999979
46.04000000000045,14.19999999999979
46.04000000000045,14.21999999999979
46.04000000000045,14.239999999999789
46.04000000000045,14.259999999999788
46.04000000000045,14.279999999999788
46.04000000000045,14.299999999999788
46.04000000000045,14.319999999999787
46.04000000000045,14.339999999999787
46.04000000000045,14.359999999999786
46.04000000000045,14.379999999999786
46.04000000000045,14.399999999999785
46.04000000000045,14.419999999999785
46.04000000000045,14.439999999999785
46.04000000000045,14.459999999999784
46.04000000000045,14.479999999999784
46.04000000000045,14.499999999999783
46.04000000000045,14.519999999999783
46.04000000000045,14.539999999999782
46.04000000000045,14.559999999999782
46.04000000000045,14.579999999999782
46.04000000000045,14.599999999999781
46.04000000000045,14.61999999999978
46.04000000000045,14.63999999999978
46.04000000000045,14.65999999999978
46.04000000000045,14.67999999999978
46.04000000000045,14.699999999999779
46.04000000000045,14.719999999999779
46.04000000000045,14.739999999999778
46.04000000000045,14.759999999999778
46.04000000000045,14.779999999999777
46.04000000000045,14.799999999999777
46.04000000000045,14.819999999999776
46.04000000000045,14.839999999999776
46.04000000000045,14.859999999999776
46.04000000000045,14.879999999999775
46.04000000000045,14.899999999999775
46.04000000000045,14.919999999999774
46.04000000000045,14.939999999999774
46.04000000000045,14.959999999999773
46.04000000000045,14.979999999999773
46.04000000000045,14.999999999999773
46.04000000000045,15.019999999999772
46.04000000000045,15.039999999999772
46.04000000000045,15.059999999999771
46.04000000000045,15.079999999999771
46.04000000000045,15.09999999999977
46.04000000000045,15.11999999999977
46.04000000000045,15.13999999999977
46.04000000000045,15.15999999999977
46.04000000000045,15.179999999999769
46.04000000000045,15.199999999999768
46.04000000000045,15.219999999999768
46.04000000000045,15.239999999999768
46.04000000000045,15.259999999999767
46.04000000000045,15.279999999999767
46.04000000000045,15.299999999999766
46.04000000000045,15.319999999999766
46.04000000000045,15.339999999999765
46.04000000000045,15.359999999999765
46.04000000000045,15.379999999999765
46.04000000000045,15.399999999999764
46.04000000000045,15.419999999999764
46.04000000000045,15.439999999999763
46.04000000000045,15.459999999999763
46.04000000000045,15.479999999999762
46.04000000000045,15.499999999999762
46.04000000000045,15.519999999999762
46.04000000000045,15.539999999999761
46.04000000000045,15.55999999999976
46.04000000000045,15.57999999999976
46.04000000000045,15.59999999999976
46.04000000000045,15.61999999999976
46.04000000000045,15.639999999999759
46.04000000000045,15.659999999999759
46.04000000000045,15.679999999999758
46.04000000000045,15.699999999999758
46.04000000000045,15.719999999999757
46.04000000000045,15.739999999999757
46.04000000000045,15.759999999999756
46.04000000000045,15.779999999999756
46.04000000000045,15.799999999999756
46.04000000000045,15.819999999999755
46.04000000000045,15.839999999999755
46.04000000000045,15.859999999999754
46.04000000000045,15.879999999999754
46.04000000000045,15.899999999999753
46.04000000000045,15.919999999999753
46.04000000000045,15.939999999999753
46.04000000000045,15.959999999999752
46.04000000000045,15.979999999999752
46.04000000000045,15.999999999999751
46.04000000000045,16.01999999999975
46.04000000000045,16.03999999999975
46.04000000000045,16.05999999999975
46.04000000000045,16.07999999999975
46.04000000000045,16.09999999999975
46.04000000000045,16.11999999999975
46.04000000000045,16.13999999999975
46.04000000000045,16.159999999999748
46.04000000000045,16.179999999999747
46.04000000000045,16.199999999999747
46.04000000000045,16.219999999999747
46.04000000000045,16.239999999999746
46.04000000000045,16.259999999999746
46.04000000000045,16.279999999999745
46.04000000000045,16.299999999999745
46.04000000000045,16.319999999999744
46.04000000000045,16.339999999999744
46.04000000000045,16.359999999999744
46.04000000000045,16.379999999999743
46.04000000000045,16.399999999999743
46.04000000000045,16.419999999999742
46.04000000000045,16.439999999999742
46.04000000000045,16.45999999999974
46.04000000000045,16.47999999999974
46.04000000000045,16.49999999999974
46.04000000000045,16.51999999999974
46.04000000000045,16.53999999999974
46.04000000000045,16.55999999999974
46.04000000000045,16.57999999999974
46.04000000000045,16.59999999999974
46.04000000000045,16.619999999999738
46.04000000000045,16.639999999999738
46.04000000000045,16.659999999999737
46.04000000000045,16.679999999999737
46.04000000000045,16.699999999999736
46.04000000000045,16.719999999999736
46.04000000000045,16.739999999999736
46.06000000000045,12.979999999999816
46.06000000000045,12.999999999999815
46.06000000000045,13.019999999999815
46.06000000000045,13.039999999999814
46.06000000000045,13.059999999999814
46.06000000000045,13.079999999999814
46.06000000000045,13.099999999999813
46.06000000000045,13.119999999999813
46.06000000000045,13.139999999999812
46.06000000000045,13.159999999999812
46.06000000000045,13.179999999999811
46.06000000000045,13.199999999999811
46.06000000000045,13.21999999999981
46.06000000000045,13.23999999999981
46.06000000000045,13.25999999999981
46.06000000000045,13.27999999999981
46.06000000000045,13.299999999999809
46.06000000000045,13.319999999999808
46.06000000000045,13.339999999999808
46.06000000000045,13.359999999999808
46.06000000000045,13.379999999999807
46.06000000000045,13.399999999999807
46.06000000000045,13.419999999999806
46.06000000000045,13.439999999999806
46.06000000000045,13.459999999999805
46.06000000000045,13.479999999999805
46.06000000000045,13.499999999999805
46.06000000000045,13.519999999999804
46.06000000000045,13.539999999999804
46.06000000000045,13.559999999999803
46.06000000000045,13.579999999999803
46.06000000000045,13.599999999999802
46.06000000000045,13.619999999999802
46.06000000000045,13.639999999999802
46.06000000000045,13.659999999999801
46.06000000000045,13.6799999999998
46.06000000000045,13.6999999999998
46.06000000000045,13.7199999999998
46.06000000000045,13.7399999999998
46.06000000000045,13.759999999999799
46.06000000000045,13.779999999999799
46.06000000000045,13.799999999999798
46.06000000000045,13.819999999999798
46.06000000000045,13.839999999999797
46.06000000000045,13.859999999999797
46.06000000000045,13.879999999999797
46.06000000000045,13.899999999999796
46.06000000000045,13.919999999999796
46.06000000000045,13.939999999999795
46.06000000000045,13.959999999999795
46.06000000000045,13.979999999999794
46.06000000000045,13.999999999999794
46.06000000000045,14.019999999999794
46.06000000000045,14.039999999999793
46.06000000000045,14.059999999999793
46.06000000000045,14.079999999999792
46.06000000000045,14.099999999999792
46.06000000000045,14.119999999999791
46.06000000000045,14.139999999999791
46.06000000000045,14.15999999999979
46.06000000000045,14.17999999999979
46.06000000000045,14.19999999999979
46.06000000000045,14.21999999999979
46.06000000000045,14.239999999999789
46.06000000000045,14.259999999999788
46.06000000000045,14.279999999999788
46.06000000000045,14.299999999999788
46.06000000000045,14.319999999999787
46.06000000000045,14.339999999999787
46.06000000000045,14.359999999999786
46.06000000000045,14.379999999999786
46.06000000000045,14.399999999999785
46.06000000000045,14.419999999999785
46.06000000000045,14.439999999999785
46.06000000000045,14.459999999999784
46.06000000000045,14.479999999999784
46.06000000000045,14.499999999999783
46.06000000000045,14.519999999999783
46.06000000000045,14.539999999999782
46.06000000000045,14.559999999999782
46.06000000000045,14.579999999999782
46.06000000000045,14.599999999999781
46.06000000000045,14.61999999999978
46.06000000000045,14.63999999999978
46.06000000000045,14.65999999999978
46.06000000000045,14.67999999999978
46.06000000000045,14.699999999999779
46.06000000000045,14.719999999999779
46.06000000000045,14.739999999999778
46.06000000000045,14.759999999999778
46.06000000000045,14.779999999999777
46.06000000000045,14.799999999999777
46.06000000000045,14.819999999999776
46.06000000000045,14.839999999999776
46.06000000000045,14.859999999999776
46.06000000000045,14.879999999999775
46.06000000000045,14.899999999999775
46.06000000000045,14.919999999999774
46.06000000000045,14.939999999999774
46.06000000000045,14.959999999999773
46.06000000000045,14.979999999999773
46.06000000000045,14.999999999999773
46.06000000000045,15.019999999999772
46.06000000000045,15.039999999999772
46.06000000000045,15.059999999999771
46.06000000000045,15.079999999999771
46.06000000000045,15.09999999999977
46.06000000000045,15.11999999999977
46.06000000000045,15.13999999999977
46.06000000000045,15.15999999999977
46.06000000000045,15.179999999999769
46.06000000000045,15.199999999999768
46.06000000000045,15.219999999999768
46.06000000000045,15.239999999999768
46.06000000000045,15.259999999999767
46.06000000000045,15.279999999999767
46.06000000000045,15.299999999999766
46.06000000000045,15.319999999999766
46.06000000000045,15.339999999999765
46.06000000000045,15.359999999999765
46.06000000000045,15.379999999999765
46.06000000000045,15.399999999999764
46.06000000000045,15.419999999999764
46.06000000000045,15.439999999999763
46.06000000000045,15.459999999999763
46.06000000000045,15.479999999999762
46.06000000000045,15.499999999999762
46.06000000000045,15.519999999999762
46.06000000000045,15.539999999999761
46.06000000000045,15.55999999999976
46.06000000000045,15.57999999999976
46.06000000000045,15.59999999999976
46.06000000000045,15.61999999999976
46.06000000000045,15.639999999999759
46.06000000000045,15.659999999999759
46.06000000000045,15.679999999999758
46.06000000000045,15.699999999999758
46.06000000000045,15.719999999999757
46.06000000000045,15.739999999999757
46.06000000000045,15.759999999999756
46.06000000000045,15.779999999999756
46.06000000000045,15.799999999999756
46.06000000000045,15.819999999999755
46.06000000000045,15.839999999999755
46.06000000000045,15.859999999999754
46.06000000000045,15.879999999999754
46.06000000000045,15.899999999999753
46.06000000000045,15.919999999999753
46.06000000000045,15.939999999999753
46.06000000000045,15.959999999999752
46.06000000000045,15.979999999999752
46.06000000000045,15.999999999999751
46.06000000000045,16.01999999999975
46.06000000000045,16.03999999999975
46.06000000000045,16.05999999999975
46.06000000000045,16.07999999999975
46.06000000000045,16.09999999999975
46.06000000000045,16.11999999999975
46.06000000000045,16.13999999999975
46.06000000000045,16.159999999999748
46.06000000000045,16.179999999999747
46.06000000000045,16.199999999999747
46.06000000000045,16.219999999999747
46.06000000000045,16.239999999999746
46.06000000000045,16.259999999999746
46.06000000000045,16.279999999999745
46.06000000000045,16.299999999999745
46.06000000000045,16.319999999999744
46.06000000000045,16.339999999999744
46.06000000000045,16.359999999999744
46.06000000000045,16.379999999999743
46.06000000000045,16.399999999999743
46.06000000000045,16.419999999999742
46.06000000000045,16.439999999999742
46.06000000000045,16.45999999999974
46.06000000000045,16.47999999999974
46.06000000000045,16.49999999999974
46.06000000000045,16.51999999999974
46.06000000000045,16.53999999999974
46.06000000000045,16.55999999999974
46.06000000000045,16.57999999999974
46.06000000000045,16.59999999999974
46.06000000000045,16.619999999999738
46.06000000000045,16.639999999999738
46.06000000000045,16.659999999999737
46.06000000000045,16.679999999999737
46.06000000000045,16.699999999999736
46.06000000000045,16.719999999999736
46.06000000000045,16.739999999999736
46.08000000000045,12.979999999999816
46.08000000000045,12.999999999999815
46.08000000000045,13.019999999999815
46.08000000000045,13.039999999999814
46.08000000000045,13.059999999999814
46.08000000000045,13.079999999999814
46.08000000000045,13.099999999999813
46.08000000000045,13.119999999999813
46.08000000000045,13.139999999999812
46.08000000000045,13.159999999999812
46.08000000000045,13.179999999999811
46.08000000000045,13.199999999999811
46.08000000000045,13.21999999999981
46.08000000000045,13.23999999999981
46.08000000000045,13.25999999999981
46.08000000000045,13.27999999999981
46.08000000000045,13.299999999999809
46.08000000000045,13.319999999999808
46.08000000000045,13.339999999999808
46.08000000000045,13.359999999999808
46.08000000000045,13.379999999999807
46.08000000000045,13.399999999999807
46.08000000000045,13.419999999999806
46.08000000000045,13.439999999999806
46.08000000000045,13.459999999999805
46.08000000000045,13.479999999999805
46.08000000000045,13.499999999999805
46.08000000000045,13.519999999999804
46.08000000000045,13.539999999999804
46.08000000000045,13.559999999999803
46.08000000000045,13.579999999999803
46.08000000000045,13.599999999999802
46.08000000000045,13.619999999999802
46.08000000000045,13.639999999999802
46.08000000000045,13.659999999999801
46.08000000000045,13.6799999999998
46.08000000000045,13.6999999999998
46.08000000000045,13.7199999999998
46.08000000000045,13.7399999999998
46.08000000000045,13.759999999999799
46.08000000000045,13.779999999999799
46.08000000000045,13.799999999999798
46.08000000000045,13.819999999999798
46.08000000000045,13.839999999999797
46.08000000000045,13.859999999999797
46.08000000000045,13.879999999999797
46.08000000000045,13.899999999999796
46.08000000000045,13.919999999999796
46.08000000000045,13.939999999999795
46.08000000000045,13.959999999999795
46.08000000000045,13.979999999999794
46.08000000000045,13.999999999999794
46.08000000000045,14.019999999999794
46.08000000000045,14.039999999999793
46.08000000000045,14.059999999999793
46.08000000000045,14.079999999999792
46.08000000000045,14.099999999999792
46.08000000000045,14.119999999999791
46.08000000000045,14.139999999999791
46.08000000000045,14.15999999999979
46.08000000000045,14.17999999999979
46.08000000000045,14.19999999999979
46.08000000000045,14.21999999999979
46.08000000000045,14.239999999999789
46.08000000000045,14.259999999999788
46.08000000000045,14.279999999999788
46.08000000000045,14.299999999999788
46.08000000000045,14.319999999999787
46.08000000000045,14.339999999999787
46.08000000000045,14.359999999999786
46.08000000000045,14.379999999999786
46.08000000000045,14.399999999999785
46.08000000000045,14.419999999999785
46.08000000000045,14.439999999999785
46.08000000000045,14.459999999999784
46.08000000000045,14.479999999999784
46.08000000000045,14.499999999999783
46.08000000000045,14.519999999999783
46.08000000000045,14.539999999999782
46.08000000000045,14.559999999999782
46.08000000000045,14.579999999999782
46.08000000000045,14.599999999999781
46.08000000000045,14.61999999999978
46.08000000000045,14.63999999999978
46.08000000000045,14.65999999999978
46.08000000000045,14.67999999999978
46.08000000000045,14.699999999999779
46.08000000000045,14.719999999999779
46.08000000000045,14.739999999999778
46.08000000000045,14.759999999999778
46.08000000000045,14.779999999999777
46.08000000000045,14.799999999999777
46.08000000000045,14.819999999999776
46.08000000000045,14.839999999999776
46.08000000000045,14.859999999999776
46.08000000000045,14.879999999999775
46.08000000000045,14.899999999999775
46.08000000000045,14.919999999999774
46.08000000000045,14.939999999999774
46.08000000000045,14.959999999999773
46.08000000000045,14.979999999999773
46.08000000000045,14.999999999999773
46.08000000000045,15.019999999999772
46.08000000000045,15.039999999999772
46.08000000000045,15.059999999999771
46.08000000000045,15.079999999999771
46.08000000000045,15.09999999999977
46.08000000000045,15.11999999999977
46.08000000000045,15.13999999999977
46.08000000000045,15.15999999999977
46.08000000000045,15.179999999999769
46.08000000000045,15.199999999999768
46.08000000000045,15.219999999999768
46.08000000000045,15.239999999999768
46.08000000000045,15.259999999999767
46.08000000000045,15.279999999999767
46.08000000000045,15.299999999999766
46.08000000000045,15.319999999999766
46.08000000000045,15.339999999999765
46.08000000000045,15.359999999999765
46.08000000000045,15.379999999999765
46.08000000000045,15.399999999999764
46.08000000000045,15.419999999999764
46.08000000000045,15.439999999999763
46.08000000000045,15.459999999999763
46.08000000000045,15.479999999999762
46.08000000000045,15.499999999999762
46.08000000000045,15.519999999999762
46.08000000000045,15.539999999999761
46.08000000000045,15.55999999999976
46.08000000000045,15.57999999999976
46.08000000000045,15.59999999999976
46.08000000000045,15.61999999999976
46.08000000000045,15.639999999999759
46.08000000000045,15.659999999999759
46.08000000000045,15.679999999999758
46.08000000000045,15.699999999999758
46.08000000000045,15.719999999999757
46.08000000000045,15.739999999999757
46.08000000000045,15.759999999999756
46.08000000000045,15.779999999999756
46.08000000000045,15.799999999999756
46.08000000000045,15.819999999999755
46.08000000000045,15.839999999999755
46.08000000000045,15.859999999999754
46.08000000000045,15.879999999999754
46.08000000000045,15.899999999999753
46.08000000000045,15.919999999999753
46.08000000000045,15.939999999999753
46.08000000000045,15.959999999999752
46.08000000000045,15.979999999999752
46.08000000000045,15.999999999999751
46.08000000000045,16.01999999999975
46.08000000000045,16.03999999999975
46.08000000000045,16.05999999999975
46.08000000000045,16.07999999999975
46.08000000000045,16.09999999999975
46.08000000000045,16.11999999999975
46.08000000000045,16.13999999999975
46.08000000000045,16.159999999999748
46.08000000000045,16.179999999999747
46.08000000000045,16.199999999999747
46.08000000000045,16.219999999999747
46.08000000000045,16.239999999999746
46.08000000000045,16.259999999999746
46.08000000000045,16.279999999999745
46.08000000000045,16.299999999999745
46.08000000000045,16.319999999999744
46.08000000000045,16.339999999999744
46.08000000000045,16.359999999999744
46.08000000000045,16.379999999999743
46.08000000000045,16.399999999999743
46.08000000000045,16.419999999999742
46.08000000000045,16.439999999999742
46.08000000000045,16.45999999999974
46.08000000000045,16.47999999999974
46.08000000000045,16.49999999999974
46.08000000000045,16.51999999999974
46.08000000000045,16.53999999999974
46.08000000000045,16.55999999999974
46.08000000000045,16.57999999999974
46.08000000000045,16.59999999999974
46.08000000000045,16.619999999999738
46.08000000000045,16.639999999999738
46.08000000000045,16.659999999999737
46.08000000000045,16.679999999999737
46.08000000000045,16.699999999999736
46.08000000000045,16.719999999999736
46.08000000000045,16.739999999999736
46.100000000000456,12.979999999999816
46.100000000000456,12.999999999999815
46.100000000000456,13.019999999999815
46.100000000000456,13.039999999999814
46.100000000000456,13.059999999999814
46.100000000000456,13.079999999999814
46.100000000000456,13.099999999999813
46.100000000000456,13.119999999999813
46.100000000000456,13.139999999999812
46.100000000000456,13.159999999999812
46.100000000000456,13.179999999999811
46.100000000000456,13.199999999999811
46.100000000000456,13.21999999999981
46.100000000000456,13.23999999999981
46.100000000000456,13.25999999999981
46.100000000000456,13.27999999999981
46.100000000000456,13.299999999999809
46.100000000000456,13.319999999999808
46.100000000000456,13.339999999999808
46.100000000000456,13.359999999999808
46.100000000000456,13.379999999999807
46.100000000000456,13.399999999999807
46.100000000000456,13.419999999999806
46.100000000000456,13.439999999999806
46.100000000000456,13.459999999999805
46.100000000000456,13.479999999999805
46.100000000000456,13.499999999999805
46.100000000000456,13.519999999999804
46.100000000000456,13.539999999999804
46.100000000000456,13.559999999999803
46.100000000000456,13.579999999999803
46.100000000000456,13.599999999999802
46.100000000000456,13.619999999999802
46.100000000000456,13.639999999999802
46.100000000000456,13.659999999999801
46.100000000000456,13.6799999999998
46.100000000000456,13.6999999999998
46.100000000000456,13.7199999999998
46.100000000000456,13.7399999999998
46.100000000000456,13.759999999999799
46.100000000000456,13.779999999999799
46.100000000000456,13.799999999999798
46.100000000000456,13.819999999999798
46.100000000000456,13.839999999999797
46.100000000000456,13.859999999999797
46.100000000000456,13.879999999999797
46.100000000000456,13.899999999999796
46.100000000000456,13.919999999999796
46.100000000000456,13.939999999999795
46.100000000000456,13.959999999999795
46.100000000000456,13.979999999999794
46.100000000000456,13.999999999999794
46.100000000000456,14.019999999999794
46.100000000000456,14.039999999999793
46.100000000000456,14.059999999999793
46.100000000000456,14.079999999999792
46.100000000000456,14.099999999999792
46.100000000000456,14.119999999999791
46.100000000000456,14.139999999999791
46.100000000000456,14.15999999999979
46.100000000000456,14.17999999999979
46.100000000000456,14.19999999999979
46.100000000000456,14.21999999999979
46.100000000000456,14.239999999999789
46.100000000000456,14.259999999999788
46.100000000000456,14.279999999999788
46.100000000000456,14.299999999999788
46.100000000000456,14.319999999999787
46.100000000000456,14.339999999999787
46.100000000000456,14.359999999999786
46.100000000000456,14.379999999999786
46.100000000000456,14.399999999999785
46.100000000000456,14.419999999999785
46.100000000000456,14.439999999999785
46.100000000000456,14.459999999999784
46.100000000000456,14.479999999999784
46.100000000000456,14.499999999999783
46.100000000000456,14.519999999999783
46.100000000000456,14.539999999999782
46.100000000000456,14.559999999999782
46.100000000000456,14.579999999999782
46.100000000000456,14.599999999999781
46.100000000000456,14.61999999999978
46.100000000000456,14.63999999999978
46.100000000000456,14.65999999999978
46.100000000000456,14.67999999999978
46.100000000000456,14.699999999999779
46.100000000000456,14.719999999999779
46.100000000000456,14.739999999999778
46.100000000000456,14.759999999999778
46.100000000000456,14.779999999999777
46.100000000000456,14.799999999999777
46.100000000000456,14.819999999999776
46.100000000000456,14.839999999999776
46.100000000000456,14.859999999999776
46.100000000000456,14.879999999999775
46.100000000000456,14.899999999999775
46.100000000000456,14.919999999999774
46.100000000000456,14.939999999999774
46.100000000000456,14.959999999999773
46.100000000000456,14.979999999999773
46.100000000000456,14.999999999999773
46.100000000000456,15.019999999999772
46.100000000000456,15.039999999999772
46.100000000000456,15.059999999999771
46.100000000000456,15.079999999999771
46.100000000000456,15.09999999999977
46.100000000000456,15.11999999999977
46.100000000000456,15.13999999999977
46.100000000000456,15.15999999999977
46.100000000000456,15.179999999999769
46.100000000000456,15.199999999999768
46.100000000000456,15.219999999999768
46.100000000000456,15.239999999999768
46.100000000000456,15.259999999999767
46.100000000000456,15.279999999999767
46.100000000000456,15.299999999999766
46.100000000000456,15.319999999999766
46.100000000000456,15.339999999999765
46.100000000000456,15.359999999999765
46.100000000000456,15.379999999999765
46.100000000000456,15.399999999999764
46.100000000000456,15.419999999999764
46.100000000000456,15.439999999999763
46.100000000000456,15.459999999999763
46.100000000000456,15.479999999999762
46.100000000000456,15.499999999999762
46.100000000000456,15.519999999999762
46.100000000000456,15.539999999999761
46.100000000000456,15.55999999999976
46.100000000000456,15.57999999999976
46.100000000000456,15.59999999999976
46.100000000000456,15.61999999999976
46.100000000000456,15.639999999999759
46.100000000000456,15.659999999999759
46.100000000000456,15.679999999999758
46.100000000000456,15.699999999999758
46.100000000000456,15.719999999999757
46.100000000000456,15.739999999999757
46.100000000000456,15.759999999999756
46.100000000000456,15.779999999999756
46.100000000000456,15.799999999999756
46.100000000000456,15.819999999999755
46.100000000000456,15.839999999999755
46.100000000000456,15.859999999999754
46.100000000000456,15.879999999999754
46.100000000000456,15.899999999999753
46.100000000000456,15.919999999999753
46.100000000000456,15.939999999999753
46.100000000000456,15.959999999999752
46.100000000000456,15.979999999999752
46.100000000000456,15.999999999999751
46.100000000000456,16.01999999999975
46.100000000000456,16.03999999999975
46.100000000000456,16.05999999999975
46.100000000000456,16.07999999999975
46.100000000000456,16.09999999999975
46.100000000000456,16.11999999999975
46.100000000000456,16.13999999999975
46.100000000000456,16.159999999999748
46.100000000000456,16.179999999999747
46.100000000000456,16.199999999999747
46.100000000000456,16.219999999999747
46.100000000000456,16.239999999999746
46.100000000000456,16.259999999999746
46.100000000000456,16.279999999999745
46.100000000000456,16.299999999999745
46.100000000000456,16.319999999999744
46.100000000000456,16.339999999999744
46.100000000000456,16.359999999999744
46.100000000000456,16.379999999999743
46.100000000000456,16.399999999999743
46.100000000000456,16.419999999999742
46.100000000000456,16.439999999999742
46.100000000000456,16.45999999999974
46.100000000000456,16.47999999999974
46.100000000000456,16.49999999999974
46.100000000000456,16.51999999999974
46.100000000000456,16.53999999999974
46.100000000000456,16.55999999999974
46.100000000000456,16.57999999999974
46.100000000000456,16.59999999999974
46.100000000000456,16.619999999999738
46.100000000000456,16.639999999999738
46.100000000000456,16.659999999999737
46.100000000000456,16.679999999999737
46.100000000000456,16.699999999999736
46.100000000000456,16.719999999999736
46.100000000000456,16.739999999999736
46.12000000000046,12.979999999999816
46.12000000000046,12.999999999999815
46.12000000000046,13.019999999999815
46.12000000000046,13.039999999999814
46.12000000000046,13.059999999999814
46.12000000000046,13.079999999999814
46.12000000000046,13.099999999999813
46.12000000000046,13.119999999999813
46.12000000000046,13.139999999999812
46.12000000000046,13.159999999999812
46.12000000000046,13.179999999999811
46.12000000000046,13.199999999999811
46.12000000000046,13.21999999999981
46.12000000000046,13.23999999999981
46.12000000000046,13.25999999999981
46.12000000000046,13.27999999999981
46.12000000000046,13.299999999999809
46.12000000000046,13.319999999999808
46.12000000000046,13.339999999999808
46.12000000000046,13.359999999999808
46.12000000000046,13.379999999999807
46.12000000000046,13.399999999999807
46.12000000000046,13.419999999999806
46.12000000000046,13.439999999999806
46.12000000000046,13.459999999999805
46.12000000000046,13.479999999999805
46.12000000000046,13.499999999999805
46.12000000000046,13.519999999999804
46.12000000000046,13.539999999999804
46.12000000000046,13.559999999999803
46.12000000000046,13.579999999999803
46.12000000000046,13.599999999999802
46.12000000000046,13.619999999999802
46.12000000000046,13.639999999999802
46.12000000000046,13.659999999999801
46.12000000000046,13.6799999999998
46.12000000000046,13.6999999999998
46.12000000000046,13.7199999999998
46.12000000000046,13.7399999999998
46.12000000000046,13.759999999999799
46.12000000000046,13.779999999999799
46.12000000000046,13.799999999999798
46.12000000000046,13.819999999999798
46.12000000000046,13.839999999999797
46.12000000000046,13.859999999999797
46.12000000000046,13.879999999999797
46.12000000000046,13.899999999999796
46.12000000000046,13.919999999999796
46.12000000000046,13.939999999999795
46.12000000000046,13.959999999999795
46.12000000000046,13.979999999999794
46.12000000000046,13.999999999999794
46.12000000000046,14.019999999999794
46.12000000000046,14.039999999999793
46.12000000000046,14.059999999999793
46.12000000000046,14.079999999999792
46.12000000000046,14.099999999999792
46.12000000000046,14.119999999999791
46.12000000000046,14.139999999999791
46.12000000000046,14.15999999999979
46.12000000000046,14.17999999999979
46.12000000000046,14.19999999999979
46.12000000000046,14.21999999999979
46.12000000000046,14.239999999999789
46.12000000000046,14.259999999999788
46.12000000000046,14.279999999999788
46.12000000000046,14.299999999999788
46.12000000000046,14.319999999999787
46.12000000000046,14.339999999999787
46.12000000000046,14.359999999999786
46.12000000000046,14.379999999999786
46.12000000000046,14.399999999999785
46.12000000000046,14.419999999999785
46.12000000000046,14.439999999999785
46.12000000000046,14.459999999999784
46.12000000000046,14.479999999999784
46.12000000000046,14.499999999999783
46.12000000000046,14.519999999999783
46.12000000000046,14.539999999999782
46.12000000000046,14.559999999999782
46.12000000000046,14.579999999999782
46.12000000000046,14.599999999999781
46.12000000000046,14.61999999999978
46.12000000000046,14.63999999999978
46.12000000000046,14.65999999999978
46.12000000000046,14.67999999999978
46.12000000000046,14.699999999999779
46.12000000000046,14.719999999999779
46.12000000000046,14.739999999999778
46.12000000000046,14.759999999999778
46.12000000000046,14.779999999999777
46.12000000000046,14.799999999999777
46.12000000000046,14.819999999999776
46.12000000000046,14.839999999999776
46.12000000000046,14.859999999999776
46.12000000000046,14.879999999999775
46.12000000000046,14.899999999999775
46.12000000000046,14.919999999999774
46.12000000000046,14.939999999999774
46.12000000000046,14.959999999999773
46.12000000000046,14.979999999999773
46.12000000000046,14.999999999999773
46.12000000000046,15.019999999999772
46.12000000000046,15.039999999999772
46.12000000000046,15.059999999999771
46.12000000000046,15.079999999999771
46.12000000000046,15.09999999999977
46.12000000000046,15.11999999999977
46.12000000000046,15.13999999999977
46.12000000000046,15.15999999999977
46.12000000000046,15.179999999999769
46.12000000000046,15.199999999999768
46.12000000000046,15.219999999999768
46.12000000000046,15.239999999999768
46.12000000000046,15.259999999999767
46.12000000000046,15.279999999999767
46.12000000000046,15.299999999999766
46.12000000000046,15.319999999999766
46.12000000000046,15.339999999999765
46.12000000000046,15.359999999999765
46.12000000000046,15.379999999999765
46.12000000000046,15.399999999999764
46.12000000000046,15.419999999999764
46.12000000000046,15.439999999999763
46.12000000000046,15.459999999999763
46.12000000000046,15.479999999999762
46.12000000000046,15.499999999999762
46.12000000000046,15.519999999999762
46.12000000000046,15.539999999999761
46.12000000000046,15.55999999999976
46.12000000000046,15.57999999999976
46.12000000000046,15.59999999999976
46.12000000000046,15.61999999999976
46.12000000000046,15.639999999999759
46.12000000000046,15.659999999999759
46.12000000000046,15.679999999999758
46.12000000000046,15.699999999999758
46.12000000000046,15.719999999999757
46.12000000000046,15.739999999999757
46.12000000000046,15.759999999999756
46.12000000000046,15.779999999999756
46.12000000000046,15.799999999999756
46.12000000000046,15.819999999999755
46.12000000000046,15.839999999999755
46.12000000000046,15.859999999999754
46.12000000000046,15.879999999999754
46.12000000000046,15.899999999999753
46.12000000000046,15.919999999999753
46.12000000000046,15.939999999999753
46.12000000000046,15.959999999999752
46.12000000000046,15.979999999999752
46.12000000000046,15.999999999999751
46.12000000000046,16.01999999999975
46.12000000000046,16.03999999999975
46.12000000000046,16.05999999999975
46.12000000000046,16.07999999999975
46.12000000000046,16.09999999999975
46.12000000000046,16.11999999999975
46.12000000000046,16.13999999999975
46.12000000000046,16.159999999999748
46.12000000000046,16.179999999999747
46.12000000000046,16.199999999999747
46.12000000000046,16.219999999999747
46.12000000000046,16.239999999999746
46.12000000000046,16.259999999999746
46.12000000000046,16.279999999999745
46.12000000000046,16.299999999999745
46.12000000000046,16.319999999999744
46.12000000000046,16.339999999999744
46.12000000000046,16.359999999999744
46.12000000000046,16.379999999999743
46.12000000000046,16.399999999999743
46.12000000000046,16.419999999999742
46.12000000000046,16.439999999999742
46.12000000000046,16.45999999999974
46.12000000000046,16.47999999999974
46.12000000000046,16.49999999999974
46.12000000000046,16.51999999999974
46.12000000000046,16.53999999999974
46.12000000000046,16.55999999999974
46.12000000000046,16.57999999999974
46.12000000000046,16.59999999999974
46.12000000000046,16.619999999999738
46.12000000000046,16.639999999999738
46.12000000000046,16.659999999999737
46.12000000000046,16.679999999999737
46.12000000000046,16.699999999999736
46.12000000000046,16.719999999999736
46.12000000000046,16.739999999999736
46.14000000000046,12.979999999999816
46.14000000000046,12.999999999999815
46.14000000000046,13.019999999999815
46.14000000000046,13.039999999999814
46.14000000000046,13.059999999999814
46.14000000000046,13.079999999999814
46.14000000000046,13.099999999999813
46.14000000000046,13.119999999999813
46.14000000000046,13.139999999999812
46.14000000000046,13.159999999999812
46.14000000000046,13.179999999999811
46.14000000000046,13.199999999999811
46.14000000000046,13.21999999999981
46.14000000000046,13.23999999999981
46.14000000000046,13.25999999999981
46.14000000000046,13.27999999999981
46.14000000000046,13.299999999999809
46.14000000000046,13.319999999999808
46.14000000000046,13.339999999999808
46.14000000000046,13.359999999999808
46.14000000000046,13.379999999999807
46.14000000000046,13.399999999999807
46.14000000000046,13.419999999999806
46.14000000000046,13.439999999999806
46.14000000000046,13.459999999999805
46.14000000000046,13.479999999999805
46.14000000000046,13.499999999999805
46.14000000000046,13.519999999999804
46.14000000000046,13.539999999999804
46.14000000000046,13.559999999999803
46.14000000000046,13.579999999999803
46.14000000000046,13.599999999999802
46.14000000000046,13.619999999999802
46.14000000000046,13.639999999999802
46.14000000000046,13.659999999999801
46.14000000000046,13.6799999999998
46.14000000000046,13.6999999999998
46.14000000000046,13.7199999999998
46.14000000000046,13.7399999999998
46.14000000000046,13.759999999999799
46.14000000000046,13.779999999999799
46.14000000000046,13.799999999999798
46.14000000000046,13.819999999999798
46.14000000000046,13.839999999999797
46.14000000000046,13.859999999999797
46.14000000000046,13.879999999999797
46.14000000000046,13.899999999999796
46.14000000000046,13.919999999999796
46.14000000000046,13.939999999999795
46.14000000000046,13.959999999999795
46.14000000000046,13.979999999999794
46.14000000000046,13.999999999999794
46.14000000000046,14.019999999999794
46.14000000000046,14.039999999999793
46.14000000000046,14.059999999999793
46.14000000000046,14.079999999999792
46.14000000000046,14.099999999999792
46.14000000000046,14.119999999999791
46.14000000000046,14.139999999999791
46.14000000000046,14.15999999999979
46.14000000000046,14.17999999999979
46.14000000000046,14.19999999999979
46.14000000000046,14.21999999999979
46.14000000000046,14.239999999999789
46.14000000000046,14.259999999999788
46.14000000000046,14.279999999999788
46.14000000000046,14.299999999999788
46.14000000000046,14.319999999999787
46.14000000000046,14.339999999999787
46.14000000000046,14.359999999999786
46.14000000000046,14.379999999999786
46.14000000000046,14.399999999999785
46.14000000000046,14.419999999999785
46.14000000000046,14.439999999999785
46.14000000000046,14.459999999999784
46.14000000000046,14.479999999999784
46.14000000000046,14.499999999999783
46.14000000000046,14.519999999999783
46.14000000000046,14.539999999999782
46.14000000000046,14.559999999999782
46.14000000000046,14.579999999999782
46.14000000000046,14.599999999999781
46.14000000000046,14.61999999999978
46.14000000000046,14.63999999999978
46.14000000000046,14.65999999999978
46.14000000000046,14.67999999999978
46.14000000000046,14.699999999999779
46.14000000000046,14.719999999999779
46.14000000000046,14.739999999999778
46.14000000000046,14.759999999999778
46.14000000000046,14.779999999999777
46.14000000000046,14.799999999999777
46.14000000000046,14.819999999999776
46.14000000000046,14.839999999999776
46.14000000000046,14.859999999999776
46.14000000000046,14.879999999999775
46.14000000000046,14.899999999999775
46.14000000000046,14.919999999999774
46.14000000000046,14.939999999999774
46.14000000000046,14.959999999999773
46.14000000000046,14.979999999999773
46.14000000000046,14.999999999999773
46.14000000000046,15.019999999999772
46.14000000000046,15.039999999999772
46.14000000000046,15.059999999999771
46.14000000000046,15.079999999999771
46.14000000000046,15.09999999999977
46.14000000000046,15.11999999999977
46.14000000000046,15.13999999999977
46.14000000000046,15.15999999999977
46.14000000000046,15.179999999999769
46.14000000000046,15.199999999999768
46.14000000000046,15.219999999999768
46.14000000000046,15.239999999999768
46.14000000000046,15.259999999999767
46.14000000000046,15.279999999999767
46.14000000000046,15.299999999999766
46.14000000000046,15.319999999999766
46.14000000000046,15.339999999999765
46.14000000000046,15.359999999999765
46.14000000000046,15.379999999999765
46.14000000000046,15.399999999999764
46.14000000000046,15.419999999999764
46.14000000000046,15.439999999999763
46.14000000000046,15.459999999999763
46.14000000000046,15.479999999999762
46.14000000000046,15.499999999999762
46.14000000000046,15.519999999999762
46.14000000000046,15.539999999999761
46.14000000000046,15.55999999999976
46.14000000000046,15.57999999999976
46.14000000000046,15.59999999999976
46.14000000000046,15.61999999999976
46.14000000000046,15.639999999999759
46.14000000000046,15.659999999999759
46.14000000000046,15.679999999999758
46.14000000000046,15.699999999999758
46.14000000000046,15.719999999999757
46.14000000000046,15.739999999999757
46.14000000000046,15.759999999999756
46.14000000000046,15.779999999999756
46.14000000000046,15.799999999999756
46.14000000000046,15.819999999999755
46.14000000000046,15.839999999999755
46.14000000000046,15.859999999999754
46.14000000000046,15.879999999999754
46.14000000000046,15.899999999999753
46.14000000000046,15.919999999999753
46.14000000000046,15.939999999999753
46.14000000000046,15.959999999999752
46.14000000000046,15.979999999999752
46.14000000000046,15.999999999999751
46.14000000000046,16.01999999999975
46.14000000000046,16.03999999999975
46.14000000000046,16.05999999999975
46.14000000000046,16.07999999999975
46.14000000000046,16.09999999999975
46.14000000000046,16.11999999999975
46.14000000000046,16.13999999999975
46.14000000000046,16.159999999999748
46.14000000000046,16.179999999999747
46.14000000000046,16.199999999999747
46.14000000000046,16.219999999999747
46.14000000000046,16.239999999999746
46.14000000000046,16.259999999999746
46.14000000000046,16.279999999999745
46.14000000000046,16.299999999999745
46.14000000000046,16.319999999999744
46.14000000000046,16.339999999999744
46.14000000000046,16.359999999999744
46.14000000000046,16.379999999999743
46.14000000000046,16.399999999999743
46.14000000000046,16.419999999999742
46.14000000000046,16.439999999999742
46.14000000000046,16.45999999999974
46.14000000000046,16.47999999999974
46.14000000000046,16.49999999999974
46.14000000000046,16.51999999999974
46.14000000000046,16.53999999999974
46.14000000000046,16.55999999999974
46.14000000000046,16.57999999999974
46.14000000000046,16.59999999999974
46.14000000000046,16.619999999999738
46.14000000000046,16.639999999999738
46.14000000000046,16.659999999999737
46.14000000000046,16.679999999999737
46.14000000000046,16.699999999999736
46.14000000000046,16.719999999999736
46.14000000000046,16.739999999999736
46.160000000000466,12.979999999999816
46.160000000000466,12.999999999999815
46.160000000000466,13.019999999999815
46.160000000000466,13.039999999999814
46.160000000000466,13.059999999999814
46.160000000000466,13.079999999999814
46.160000000000466,13.099999999999813
46.160000000000466,13.119999999999813
46.160000000000466,13.139999999999812
46.160000000000466,13.159999999999812
46.160000000000466,13.179999999999811
46.160000000000466,13.199999999999811
46.160000000000466,13.21999999999981
46.160000000000466,13.23999999999981
46.160000000000466,13.25999999999981
46.160000000000466,13.27999999999981
46.160000000000466,13.299999999999809
46.160000000000466,13.319999999999808
46.160000000000466,13.339999999999808
46.160000000000466,13.359999999999808
46.160000000000466,13.379999999999807
46.160000000000466,13.399999999999807
46.160000000000466,13.419999999999806
46.160000000000466,13.439999999999806
46.160000000000466,13.459999999999805
46.160000000000466,13.479999999999805
46.160000000000466,13.499999999999805
46.160000000000466,13.519999999999804
46.160000000000466,13.539999999999804
46.160000000000466,13.559999999999803
46.160000000000466,13.579999999999803
46.160000000000466,13.599999999999802
46.160000000000466,13.619999999999802
46.160000000000466,13.639999999999802
46.160000000000466,13.659999999999801
46.160000000000466,13.6799999999998
46.160000000000466,13.6999999999998
46.160000000000466,13.7199999999998
46.160000000000466,13.7399999999998
46.160000000000466,13.759999999999799
46.160000000000466,13.779999999999799
46.160000000000466,13.799999999999798
46.160000000000466,13.819999999999798
46.160000000000466,13.839999999999797
46.160000000000466,13.859999999999797
46.160000000000466,13.879999999999797
46.160000000000466,13.899999999999796
46.160000000000466,13.919999999999796
46.160000000000466,13.939999999999795
46.160000000000466,13.959999999999795
46.160000000000466,13.979999999999794
46.160000000000466,13.999999999999794
46.160000000000466,14.019999999999794
46.160000000000466,14.039999999999793
46.160000000000466,14.059999999999793
46.160000000000466,14.079999999999792
46.160000000000466,14.099999999999792
46.160000000000466,14.119999999999791
46.160000000000466,14.139999999999791
46.160000000000466,14.15999999999979
46.160000000000466,14.17999999999979
46.160000000000466,14.19999999999979
46.160000000000466,14.21999999999979
46.160000000000466,14.239999999999789
46.160000000000466,14.259999999999788
46.160000000000466,14.279999999999788
46.160000000000466,14.299999999999788
46.160000000000466,14.319999999999787
46.160000000000466,14.339999999999787
46.160000000000466,14.359999999999786
46.160000000000466,14.379999999999786
46.160000000000466,14.399999999999785
46.160000000000466,14.419999999999785
46.160000000000466,14.439999999999785
46.160000000000466,14.459999999999784
46.160000000000466,14.479999999999784
46.160000000000466,14.499999999999783
46.160000000000466,14.519999999999783
46.160000000000466,14.539999999999782
46.160000000000466,14.559999999999782
46.160000000000466,14.579999999999782
46.160000000000466,14.599999999999781
46.160000000000466,14.61999999999978
46.160000000000466,14.63999999999978
46.160000000000466,14.65999999999978
46.160000000000466,14.67999999999978
46.160000000000466,14.699999999999779
46.160000000000466,14.719999999999779
46.160000000000466,14.739999999999778
46.160000000000466,14.759999999999778
46.160000000000466,14.779999999999777
46.160000000000466,14.799999999999777
46.160000000000466,14.819999999999776
46.160000000000466,14.839999999999776
46.160000000000466,14.859999999999776
46.160000000000466,14.879999999999775
46.160000000000466,14.899999999999775
46.160000000000466,14.919999999999774
46.160000000000466,14.939999999999774
46.160000000000466,14.959999999999773
46.160000000000466,14.979999999999773
46.160000000000466,14.999999999999773
46.160000000000466,15.019999999999772
46.160000000000466,15.039999999999772
46.160000000000466,15.059999999999771
46.160000000000466,15.079999999999771
46.160000000000466,15.09999999999977
46.160000000000466,15.11999999999977
46.160000000000466,15.13999999999977
46.160000000000466,15.15999999999977
46.160000000000466,15.179999999999769
46.160000000000466,15.199999999999768
46.160000000000466,15.219999999999768
46.160000000000466,15.239999999999768
46.160000000000466,15.259999999999767
46.160000000000466,15.279999999999767
46.160000000000466,15.299999999999766
46.160000000000466,15.319999999999766
46.160000000000466,15.339999999999765
46.160000000000466,15.359999999999765
46.160000000000466,15.379999999999765
46.160000000000466,15.399999999999764
46.160000000000466,15.419999999999764
46.160000000000466,15.439999999999763
46.160000000000466,15.459999999999763
46.160000000000466,15.479999999999762
46.160000000000466,15.499999999999762
46.160000000000466,15.519999999999762
46.160000000000466,15.539999999999761
46.160000000000466,15.55999999999976
46.160000000000466,15.57999999999976
46.160000000000466,15.59999999999976
46.160000000000466,15.61999999999976
46.160000000000466,15.639999999999759
46.160000000000466,15.659999999999759
46.160000000000466,15.679999999999758
46.160000000000466,15.699999999999758
46.160000000000466,15.719999999999757
46.160000000000466,15.739999999999757
46.160000000000466,15.759999999999756
46.160000000000466,15.779999999999756
46.160000000000466,15.799999999999756
46.160000000000466,15.819999999999755
46.160000000000466,15.839999999999755
46.160000000000466,15.859999999999754
46.160000000000466,15.879999999999754
46.160000000000466,15.899999999999753
46.160000000000466,15.919999999999753
46.160000000000466,15.939999999999753
46.160000000000466,15.959999999999752
46.160000000000466,15.979999999999752
46.160000000000466,15.999999999999751
46.160000000000466,16.01999999999975
46.160000000000466,16.03999999999975
46.160000000000466,16.05999999999975
46.160000000000466,16.07999999999975
46.160000000000466,16.09999999999975
46.160000000000466,16.11999999999975
46.160000000000466,16.13999999999975
46.160000000000466,16.159999999999748
46.160000000000466,16.179999999999747
46.160000000000466,16.199999999999747
46.160000000000466,16.219999999999747
46.160000000000466,16.239999999999746
46.160000000000466,16.259999999999746
46.160000000000466,16.279999999999745
46.160000000000466,16.299999999999745
46.160000000000466,16.319999999999744
46.160000000000466,16.339999999999744
46.160000000000466,16.359999999999744
46.160000000000466,16.379999999999743
46.160000000000466,16.399999999999743
46.160000000000466,16.419999999999742
46.160000000000466,16.439999999999742
46.160000000000466,16.45999999999974
46.160000000000466,16.47999999999974
46.160000000000466,16.49999999999974
46.160000000000466,16.51999999999974
46.160000000000466,16.53999999999974
46.160000000000466,16.55999999999974
46.160000000000466,16.57999999999974
46.160000000000466,16.59999999999974
46.160000000000466,16.619999999999738
46.160000000000466,16.639999999999738
46.160000000000466,16.659999999999737
46.160000000000466,16.679999999999737
46.160000000000466,16.699999999999736
46.160000000000466,16.719999999999736
46.160000000000466,16.739999999999736
46.18000000000047,12.979999999999816
46.18000000000047,12.999999999999815
46.18000000000047,13.019999999999815
46.18000000000047,13.039999999999814
46.18000000000047,13.059999999999814
46.18000000000047,13.079999999999814
46.18000000000047,13.099999999999813
46.18000000000047,13.119999999999813
46.18000000000047,13.139999999999812
46.18000000000047,13.159999999999812
46.18000000000047,13.179999999999811
46.18000000000047,13.199999999999811
46.18000000000047,13.21999999999981
46.18000000000047,13.23999999999981
46.18000000000047,13.25999999999981
46.18000000000047,13.27999999999981
46.18000000000047,13.299999999999809
46.18000000000047,13.319999999999808
46.18000000000047,13.339999999999808
46.18000000000047,13.359999999999808
46.18000000000047,13.379999999999807
46.18000000000047,13.399999999999807
46.18000000000047,13.419999999999806
46.18000000000047,13.439999999999806
46.18000000000047,13.459999999999805
46.18000000000047,13.479999999999805
46.18000000000047,13.499999999999805
46.18000000000047,13.519999999999804
46.18000000000047,13.539999999999804
46.18000000000047,13.559999999999803
46.18000000000047,13.579999999999803
46.18000000000047,13.599999999999802
46.18000000000047,13.619999999999802
46.18000000000047,13.639999999999802
46.18000000000047,13.659999999999801
46.18000000000047,13.6799999999998
46.18000000000047,13.6999999999998
46.18000000000047,13.7199999999998
46.18000000000047,13.7399999999998
46.18000000000047,13.759999999999799
46.18000000000047,13.779999999999799
46.18000000000047,13.799999999999798
46.18000000000047,13.819999999999798
46.18000000000047,13.839999999999797
46.18000000000047,13.859999999999797
46.18000000000047,13.879999999999797
46.18000000000047,13.899999999999796
46.18000000000047,13.919999999999796
46.18000000000047,13.939999999999795
46.18000000000047,13.959999999999795
46.18000000000047,13.979999999999794
46.18000000000047,13.999999999999794
46.18000000000047,14.019999999999794
46.18000000000047,14.039999999999793
46.18000000000047,14.059999999999793
46.18000000000047,14.079999999999792
46.18000000000047,14.099999999999792
46.18000000000047,14.119999999999791
46.18000000000047,14.139999999999791
46.18000000000047,14.15999999999979
46.18000000000047,14.17999999999979
46.18000000000047,14.19999999999979
46.18000000000047,14.21999999999979
46.18000000000047,14.239999999999789
46.18000000000047,14.259999999999788
46.18000000000047,14.279999999999788
46.18000000000047,14.299999999999788
46.18000000000047,14.319999999999787
46.18000000000047,14.339999999999787
46.18000000000047,14.359999999999786
46.18000000000047,14.379999999999786
46.18000000000047,14.399999999999785
46.18000000000047,14.419999999999785
46.18000000000047,14.439999999999785
46.18000000000047,14.459999999999784
46.18000000000047,14.479999999999784
46.18000000000047,14.499999999999783
46.18000000000047,14.519999999999783
46.18000000000047,14.539999999999782
46.18000000000047,14.559999999999782
46.18000000000047,14.579999999999782
46.18000000000047,14.599999999999781
46.18000000000047,14.61999999999978
46.18000000000047,14.63999999999978
46.18000000000047,14.65999999999978
46.18000000000047,14.67999999999978
46.18000000000047,14.699999999999779
46.18000000000047,14.719999999999779
46.18000000000047,14.739999999999778
46.18000000000047,14.759999999999778
46.18000000000047,14.779999999999777
46.18000000000047,14.799999999999777
46.18000000000047,14.819999999999776
46.18000000000047,14.839999999999776
46.18000000000047,14.859999999999776
46.18000000000047,14.879999999999775
46.18000000000047,14.899999999999775
46.18000000000047,14.919999999999774
46.18000000000047,14.939999999999774
46.18000000000047,14.959999999999773
46.18000000000047,14.979999999999773
46.18000000000047,14.999999999999773
46.18000000000047,15.019999999999772
46.18000000000047,15.039999999999772
46.18000000000047,15.059999999999771
46.18000000000047,15.079999999999771
46.18000000000047,15.09999999999977
46.18000000000047,15.11999999999977
46.18000000000047,15.13999999999977
46.18000000000047,15.15999999999977
46.18000000000047,15.179999999999769
46.18000000000047,15.199999999999768
46.18000000000047,15.219999999999768
46.18000000000047,15.239999999999768
46.18000000000047,15.259999999999767
46.18000000000047,15.279999999999767
46.18000000000047,15.299999999999766
46.18000000000047,15.319999999999766
46.18000000000047,15.339999999999765
46.18000000000047,15.359999999999765
46.18000000000047,15.379999999999765
46.18000000000047,15.399999999999764
46.18000000000047,15.419999999999764
46.18000000000047,15.439999999999763
46.18000000000047,15.459999999999763
46.18000000000047,15.479999999999762
46.18000000000047,15.499999999999762
46.18000000000047,15.519999999999762
46.18000000000047,15.539999999999761
46.18000000000047,15.55999999999976
46.18000000000047,15.57999999999976
46.18000000000047,15.59999999999976
46.18000000000047,15.61999999999976
46.18000000000047,15.639999999999759
46.18000000000047,15.659999999999759
46.18000000000047,15.679999999999758
46.18000000000047,15.699999999999758
46.18000000000047,15.719999999999757
46.18000000000047,15.739999999999757
46.18000000000047,15.759999999999756
46.18000000000047,15.779999999999756
46.18000000000047,15.799999999999756
46.18000000000047,15.819999999999755
46.18000000000047,15.839999999999755
46.18000000000047,15.859999999999754
46.18000000000047,15.879999999999754
46.18000000000047,15.899999999999753
46.18000000000047,15.919999999999753
46.18000000000047,15.939999999999753
46.18000000000047,15.959999999999752
46.18000000000047,15.979999999999752
46.18000000000047,15.999999999999751
46.18000000000047,16.01999999999975
46.18000000000047,16.03999999999975
46.18000000000047,16.05999999999975
46.18000000000047,16.07999999999975
46.18000000000047,16.09999999999975
46.18000000000047,16.11999999999975
46.18000000000047,16.13999999999975
46.18000000000047,16.159999999999748
46.18000000000047,16.179999999999747
46.18000000000047,16.199999999999747
46.18000000000047,16.219999999999747
46.18000000000047,16.239999999999746
46.18000000000047,16.259999999999746
46.18000000000047,16.279999999999745
46.18000000000047,16.299999999999745
46.18000000000047,16.319999999999744
46.18000000000047,16.339999999999744
46.18000000000047,16.359999999999744
46.18000000000047,16.379999999999743
46.18000000000047,16.399999999999743
46.18000000000047,16.419999999999742
46.18000000000047,16.439999999999742
46.18000000000047,16.45999999999974
46.18000000000047,16.47999999999974
46.18000000000047,16.49999999999974
46.18000000000047,16.51999999999974
46.18000000000047,16.53999999999974
46.18000000000047,16.55999999999974
46.18000000000047,16.57999999999974
46.18000000000047,16.59999999999974
46.18000000000047,16.619999999999738
46.18000000000047,16.639999999999738
46.18000000000047,16.659999999999737
46.18000000000047,16.679999999999737
46.18000000000047,16.699999999999736
46.18000000000047,16.719999999999736
46.18000000000047,16.739999999999736
46.20000000000047,12.979999999999816
46.20000000000047,12.999999999999815
46.20000000000047,13.019999999999815
46.20000000000047,13.039999999999814
46.20000000000047,13.059999999999814
46.20000000000047,13.079999999999814
46.20000000000047,13.099999999999813
46.20000000000047,13.119999999999813
46.20000000000047,13.139999999999812
46.20000000000047,13.159999999999812
46.20000000000047,13.179999999999811
46.20000000000047,13.199999999999811
46.20000000000047,13.21999999999981
46.20000000000047,13.23999999999981
46.20000000000047,13.25999999999981
46.20000000000047,13.27999999999981
46.20000000000047,13.299999999999809
46.20000000000047,13.319999999999808
46.20000000000047,13.339999999999808
46.20000000000047,13.359999999999808
46.20000000000047,13.379999999999807
46.20000000000047,13.399999999999807
46.20000000000047,13.419999999999806
46.20000000000047,13.439999999999806
46.20000000000047,13.459999999999805
46.20000000000047,13.479999999999805
46.20000000000047,13.499999999999805
46.20000000000047,13.519999999999804
46.20000000000047,13.539999999999804
46.20000000000047,13.559999999999803
46.20000000000047,13.579999999999803
46.20000000000047,13.599999999999802
46.20000000000047,13.619999999999802
46.20000000000047,13.639999999999802
46.20000000000047,13.659999999999801
46.20000000000047,13.6799999999998
46.20000000000047,13.6999999999998
46.20000000000047,13.7199999999998
46.20000000000047,13.7399999999998
46.20000000000047,13.759999999999799
46.20000000000047,13.779999999999799
46.20000000000047,13.799999999999798
46.20000000000047,13.819999999999798
46.20000000000047,13.839999999999797
46.20000000000047,13.859999999999797
46.20000000000047,13.879999999999797
46.20000000000047,13.899999999999796
46.20000000000047,13.919999999999796
46.20000000000047,13.939999999999795
46.20000000000047,13.959999999999795
46.20000000000047,13.979999999999794
46.20000000000047,13.999999999999794
46.20000000000047,14.019999999999794
46.20000000000047,14.039999999999793
46.20000000000047,14.059999999999793
46.20000000000047,14.079999999999792
46.20000000000047,14.099999999999792
46.20000000000047,14.119999999999791
46.20000000000047,14.139999999999791
46.20000000000047,14.15999999999979
46.20000000000047,14.17999999999979
46.20000000000047,14.19999999999979
46.20000000000047,14.21999999999979
46.20000000000047,14.239999999999789
46.20000000000047,14.259999999999788
46.20000000000047,14.279999999999788
46.20000000000047,14.299999999999788
46.20000000000047,14.319999999999787
46.20000000000047,14.339999999999787
46.20000000000047,14.359999999999786
46.20000000000047,14.379999999999786
46.20000000000047,14.399999999999785
46.20000000000047,14.419999999999785
46.20000000000047,14.439999999999785
46.20000000000047,14.459999999999784
46.20000000000047,14.479999999999784
46.20000000000047,14.499999999999783
46.20000000000047,14.519999999999783
46.20000000000047,14.539999999999782
46.20000000000047,14.559999999999782
46.20000000000047,14.579999999999782
46.20000000000047,14.599999999999781
46.20000000000047,14.61999999999978
46.20000000000047,14.63999999999978
46.20000000000047,14.65999999999978
46.20000000000047,14.67999999999978
46.20000000000047,14.699999999999779
46.20000000000047,14.719999999999779
46.20000000000047,14.739999999999778
46.20000000000047,14.759999999999778
46.20000000000047,14.779999999999777
46.20000000000047,14.799999999999777
46.20000000000047,14.819999999999776
46.20000000000047,14.839999999999776
46.20000000000047,14.859999999999776
46.20000000000047,14.879999999999775
46.20000000000047,14.899999999999775
46.20000000000047,14.919999999999774
46.20000000000047,14.939999999999774
46.20000000000047,14.959999999999773
46.20000000000047,14.979999999999773
46.20000000000047,14.999999999999773
46.20000000000047,15.019999999999772
46.20000000000047,15.039999999999772
46.20000000000047,15.059999999999771
46.20000000000047,15.079999999999771
46.20000000000047,15.09999999999977
46.20000000000047,15.11999999999977
46.20000000000047,15.13999999999977
46.20000000000047,15.15999999999977
46.20000000000047,15.179999999999769
46.20000000000047,15.199999999999768
46.20000000000047,15.219999999999768
46.20000000000047,15.239999999999768
46.20000000000047,15.259999999999767
46.20000000000047,15.279999999999767
46.20000000000047,15.299999999999766
46.20000000000047,15.319999999999766
46.20000000000047,15.339999999999765
46.20000000000047,15.359999999999765
46.20000000000047,15.379999999999765
46.20000000000047,15.399999999999764
46.20000000000047,15.419999999999764
46.20000000000047,15.439999999999763
46.20000000000047,15.459999999999763
46.20000000000047,15.479999999999762
46.20000000000047,15.499999999999762
46.20000000000047,15.519999999999762
46.20000000000047,15.539999999999761
46.20000000000047,15.55999999999976
46.20000000000047,15.57999999999976
46.20000000000047,15.59999999999976
46.20000000000047,15.61999999999976
46.20000000000047,15.639999999999759
46.20000000000047,15.659999999999759
46.20000000000047,15.679999999999758
46.20000000000047,15.699999999999758
46.20000000000047,15.719999999999757
46.20000000000047,15.739999999999757
46.20000000000047,15.759999999999756
46.20000000000047,15.779999999999756
46.20000000000047,15.799999999999756
46.20000000000047,15.819999999999755
46.20000000000047,15.839999999999755
46.20000000000047,15.859999999999754
46.20000000000047,15.879999999999754
46.20000000000047,15.899999999999753
46.20000000000047,15.919999999999753
46.20000000000047,15.939999999999753
46.20000000000047,15.959999999999752
46.20000000000047,15.979999999999752
46.20000000000047,15.999999999999751
46.20000000000047,16.01999999999975
46.20000000000047,16.03999999999975
46.20000000000047,16.05999999999975
46.20000000000047,16.07999999999975
46.20000000000047,16.09999999999975
46.20000000000047,16.11999999999975
46.20000000000047,16.13999999999975
46.20000000000047,16.159999999999748
46.20000000000047,16.179999999999747
46.20000000000047,16.199999999999747
46.20000000000047,16.219999999999747
46.20000000000047,16.239999999999746
46.20000000000047,16.259999999999746
46.20000000000047,16.279999999999745
46.20000000000047,16.299999999999745
46.20000000000047,16.319999999999744
46.20000000000047,16.339999999999744
46.20000000000047,16.359999999999744
46.20000000000047,16.379999999999743
46.20000000000047,16.399999999999743
46.20000000000047,16.419999999999742
46.20000000000047,16.439999999999742
46.20000000000047,16.45999999999974
46.20000000000047,16.47999999999974
46.20000000000047,16.49999999999974
46.20000000000047,16.51999999999974
46.20000000000047,16.53999999999974
46.20000000000047,16.55999999999974
46.20000000000047,16.57999999999974
46.20000000000047,16.59999999999974
46.20000000000047,16.619999999999738
46.20000000000047,16.639999999999738
46.20000000000047,16.659999999999737
46.20000000000047,16.679999999999737
46.20000000000047,16.699999999999736
46.20000000000047,16.719999999999736
46.20000000000047,16.739999999999736
46.220000000000475,12.979999999999816
46.220000000000475,12.999999999999815
46.220000000000475,13.019999999999815
46.220000000000475,13.039999999999814
46.220000000000475,13.059999999999814
46.220000000000475,13.079999999999814
46.220000000000475,13.099999999999813
46.220000000000475,13.119999999999813
46.220000000000475,13.139999999999812
46.220000000000475,13.159999999999812
46.220000000000475,13.179999999999811
46.220000000000475,13.199999999999811
46.220000000000475,13.21999999999981
46.220000000000475,13.23999999999981
46.220000000000475,13.25999999999981
46.220000000000475,13.27999999999981
46.220000000000475,13.299999999999809
46.220000000000475,13.319999999999808
46.220000000000475,13.339999999999808
46.220000000000475,13.359999999999808
46.220000000000475,13.379999999999807
46.220000000000475,13.399999999999807
46.220000000000475,13.419999999999806
46.220000000000475,13.439999999999806
46.220000000000475,13.459999999999805
46.220000000000475,13.479999999999805
46.220000000000475,13.499999999999805
46.220000000000475,13.519999999999804
46.220000000000475,13.539999999999804
46.220000000000475,13.559999999999803
46.220000000000475,13.579999999999803
46.220000000000475,13.599999999999802
46.220000000000475,13.619999999999802
46.220000000000475,13.639999999999802
46.220000000000475,13.659999999999801
46.220000000000475,13.6799999999998
46.220000000000475,13.6999999999998
46.220000000000475,13.7199999999998
46.220000000000475,13.7399999999998
46.220000000000475,13.759999999999799
46.220000000000475,13.779999999999799
46.220000000000475,13.799999999999798
46.220000000000475,13.819999999999798
46.220000000000475,13.839999999999797
46.220000000000475,13.859999999999797
46.220000000000475,13.879999999999797
46.220000000000475,13.899999999999796
46.220000000000475,13.919999999999796
46.220000000000475,13.939999999999795
46.220000000000475,13.959999999999795
46.220000000000475,13.979999999999794
46.220000000000475,13.999999999999794
46.220000000000475,14.019999999999794
46.220000000000475,14.039999999999793
46.220000000000475,14.059999999999793
46.220000000000475,14.079999999999792
46.220000000000475,14.099999999999792
46.220000000000475,14.119999999999791
46.220000000000475,14.139999999999791
46.220000000000475,14.15999999999979
46.220000000000475,14.17999999999979
46.220000000000475,14.19999999999979
46.220000000000475,14.21999999999979
46.220000000000475,14.239999999999789
46.220000000000475,14.259999999999788
46.220000000000475,14.279999999999788
46.220000000000475,14.299999999999788
46.220000000000475,14.319999999999787
46.220000000000475,14.339999999999787
46.220000000000475,14.359999999999786
46.220000000000475,14.379999999999786
46.220000000000475,14.399999999999785
46.220000000000475,14.419999999999785
46.220000000000475,14.439999999999785
46.220000000000475,14.459999999999784
46.220000000000475,14.479999999999784
46.220000000000475,14.499999999999783
46.220000000000475,14.519999999999783
46.220000000000475,14.539999999999782
46.220000000000475,14.559999999999782
46.220000000000475,14.579999999999782
46.220000000000475,14.599999999999781
46.220000000000475,14.61999999999978
46.220000000000475,14.63999999999978
46.220000000000475,14.65999999999978
46.220000000000475,14.67999999999978
46.220000000000475,14.699999999999779
46.220000000000475,14.719999999999779
46.220000000000475,14.739999999999778
46.220000000000475,14.759999999999778
46.220000000000475,14.779999999999777
46.220000000000475,14.799999999999777
46.220000000000475,14.819999999999776
46.220000000000475,14.839999999999776
46.220000000000475,14.859999999999776
46.220000000000475,14.879999999999775
46.220000000000475,14.899999999999775
46.220000000000475,14.919999999999774
46.220000000000475,14.939999999999774
46.220000000000475,14.959999999999773
46.220000000000475,14.979999999999773
46.220000000000475,14.999999999999773
46.220000000000475,15.019999999999772
46.220000000000475,15.039999999999772
46.220000000000475,15.059999999999771
46.220000000000475,15.079999999999771
46.220000000000475,15.09999999999977
46.220000000000475,15.11999999999977
46.220000000000475,15.13999999999977
46.220000000000475,15.15999999999977
46.220000000000475,15.179999999999769
46.220000000000475,15.199999999999768
46.220000000000475,15.219999999999768
46.220000000000475,15.239999999999768
46.220000000000475,15.259999999999767
46.220000000000475,15.279999999999767
46.220000000000475,15.299999999999766
46.220000000000475,15.319999999999766
46.220000000000475,15.339999999999765
46.220000000000475,15.359999999999765
46.220000000000475,15.379999999999765
46.220000000000475,15.399999999999764
46.220000000000475,15.419999999999764
46.220000000000475,15.439999999999763
46.220000000000475,15.459999999999763
46.220000000000475,15.479999999999762
46.220000000000475,15.499999999999762
46.220000000000475,15.519999999999762
46.220000000000475,15.539999999999761
46.220000000000475,15.55999999999976
46.220000000000475,15.57999999999976
46.220000000000475,15.59999999999976
46.220000000000475,15.61999999999976
46.220000000000475,15.639999999999759
46.220000000000475,15.659999999999759
46.220000000000475,15.679999999999758
46.220000000000475,15.699999999999758
46.220000000000475,15.719999999999757
46.220000000000475,15.739999999999757
46.220000000000475,15.759999999999756
46.220000000000475,15.779999999999756
46.220000000000475,15.799999999999756
46.220000000000475,15.819999999999755
46.220000000000475,15.839999999999755
46.220000000000475,15.859999999999754
46.220000000000475,15.879999999999754
46.220000000000475,15.899999999999753
46.220000000000475,15.919999999999753
46.220000000000475,15.939999999999753
46.220000000000475,15.959999999999752
46.220000000000475,15.979999999999752
46.220000000000475,15.999999999999751
46.220000000000475,16.01999999999975
46.220000000000475,16.03999999999975
46.220000000000475,16.05999999999975
46.220000000000475,16.07999999999975
46.220000000000475,16.09999999999975
46.220000000000475,16.11999999999975
46.220000000000475,16.13999999999975
46.220000000000475,16.159999999999748
46.220000000000475,16.179999999999747
46.220000000000475,16.199999999999747
46.220000000000475,16.219999999999747
46.220000000000475,16.239999999999746
46.220000000000475,16.259999999999746
46.220000000000475,16.279999999999745
46.220000000000475,16.299999999999745
46.220000000000475,16.319999999999744
46.220000000000475,16.339999999999744
46.220000000000475,16.359999999999744
46.220000000000475,16.379999999999743
46.220000000000475,16.399999999999743
46.220000000000475,16.419999999999742
46.220000000000475,16.439999999999742
46.220000000000475,16.45999999999974
46.220000000000475,16.47999999999974
46.220000000000475,16.49999999999974
46.220000000000475,16.51999999999974
46.220000000000475,16.53999999999974
46.220000000000475,16.55999999999974
46.220000000000475,16.57999999999974
46.220000000000475,16.59999999999974
46.220000000000475,16.619999999999738
46.220000000000475,16.639999999999738
46.220000000000475,16.659999999999737
46.220000000000475,16.679999999999737
46.220000000000475,16.699999999999736
46.220000000000475,16.719999999999736
46.220000000000475,16.739999999999736
46.24000000000048,12.979999999999816
46.24000000000048,12.999999999999815
46.24000000000048,13.019999999999815
46.24000000000048,13.039999999999814
46.24000000000048,13.059999999999814
46.24000000000048,13.079999999999814
46.24000000000048,13.099999999999813
46.24000000000048,13.119999999999813
46.24000000000048,13.139999999999812
46.24000000000048,13.159999999999812
46.24000000000048,13.179999999999811
46.24000000000048,13.199999999999811
46.24000000000048,13.21999999999981
46.24000000000048,13.23999999999981
46.24000000000048,13.25999999999981
46.24000000000048,13.27999999999981
46.24000000000048,13.299999999999809
46.24000000000048,13.319999999999808
46.24000000000048,13.339999999999808
46.24000000000048,13.359999999999808
46.24000000000048,13.379999999999807
46.24000000000048,13.399999999999807
46.24000000000048,13.419999999999806
46.24000000000048,13.439999999999806
46.24000000000048,13.459999999999805
46.24000000000048,13.479999999999805
46.24000000000048,13.499999999999805
46.24000000000048,13.519999999999804
46.24000000000048,13.539999999999804
46.24000000000048,13.559999999999803
46.24000000000048,13.579999999999803
46.24000000000048,13.599999999999802
46.24000000000048,13.619999999999802
46.24000000000048,13.639999999999802
46.24000000000048,13.659999999999801
46.24000000000048,13.6799999999998
46.24000000000048,13.6999999999998
46.24000000000048,13.7199999999998
46.24000000000048,13.7399999999998
46.24000000000048,13.759999999999799
46.24000000000048,13.779999999999799
46.24000000000048,13.799999999999798
46.24000000000048,13.819999999999798
46.24000000000048,13.839999999999797
46.24000000000048,13.859999999999797
46.24000000000048,13.879999999999797
46.24000000000048,13.899999999999796
46.24000000000048,13.919999999999796
46.24000000000048,13.939999999999795
46.24000000000048,13.959999999999795
46.24000000000048,13.979999999999794
46.24000000000048,13.999999999999794
46.24000000000048,14.019999999999794
46.24000000000048,14.039999999999793
46.24000000000048,14.059999999999793
46.24000000000048,14.079999999999792
46.24000000000048,14.099999999999792
46.24000000000048,14.119999999999791
46.24000000000048,14.139999999999791
46.24000000000048,14.15999999999979
46.24000000000048,14.17999999999979
46.24000000000048,14.19999999999979
46.24000000000048,14.21999999999979
46.24000000000048,14.239999999999789
46.24000000000048,14.259999999999788
46.24000000000048,14.279999999999788
46.24000000000048,14.299999999999788
46.24000000000048,14.319999999999787
46.24000000000048,14.339999999999787
46.24000000000048,14.359999999999786
46.24000000000048,14.379999999999786
46.24000000000048,14.399999999999785
46.24000000000048,14.419999999999785
46.24000000000048,14.439999999999785
46.24000000000048,14.459999999999784
46.24000000000048,14.479999999999784
46.24000000000048,14.499999999999783
46.24000000000048,14.519999999999783
46.24000000000048,14.539999999999782
46.24000000000048,14.559999999999782
46.24000000000048,14.579999999999782
46.24000000000048,14.599999999999781
46.24000000000048,14.61999999999978
46.24000000000048,14.63999999999978
46.24000000000048,14.65999999999978
46.24000000000048,14.67999999999978
46.24000000000048,14.699999999999779
46.24000000000048,14.719999999999779
46.24000000000048,14.739999999999778
46.24000000000048,14.759999999999778
46.24000000000048,14.779999999999777
46.24000000000048,14.799999999999777
46.24000000000048,14.819999999999776
46.24000000000048,14.839999999999776
46.24000000000048,14.859999999999776
46.24000000000048,14.879999999999775
46.24000000000048,14.899999999999775
46.24000000000048,14.919999999999774
46.24000000000048,14.939999999999774
46.24000000000048,14.959999999999773
46.24000000000048,14.979999999999773
46.24000000000048,14.999999999999773
46.24000000000048,15.019999999999772
46.24000000000048,15.039999999999772
46.24000000000048,15.059999999999771
46.24000000000048,15.079999999999771
46.24000000000048,15.09999999999977
46.24000000000048,15.11999999999977
46.24000000000048,15.13999999999977
46.24000000000048,15.15999999999977
46.24000000000048,15.179999999999769
46.24000000000048,15.199999999999768
46.24000000000048,15.219999999999768
46.24000000000048,15.239999999999768
46.24000000000048,15.259999999999767
46.24000000000048,15.279999999999767
46.24000000000048,15.299999999999766
46.24000000000048,15.319999999999766
46.24000000000048,15.339999999999765
46.24000000000048,15.359999999999765
46.24000000000048,15.379999999999765
46.24000000000048,15.399999999999764
46.24000000000048,15.419999999999764
46.24000000000048,15.439999999999763
46.24000000000048,15.459999999999763
46.24000000000048,15.479999999999762
46.24000000000048,15.499999999999762
46.24000000000048,15.519999999999762
46.24000000000048,15.539999999999761
46.24000000000048,15.55999999999976
46.24000000000048,15.57999999999976
46.24000000000048,15.59999999999976
46.24000000000048,15.61999999999976
46.24000000000048,15.639999999999759
46.24000000000048,15.659999999999759
46.24000000000048,15.679999999999758
46.24000000000048,15.699999999999758
46.24000000000048,15.719999999999757
46.24000000000048,15.739999999999757
46.24000000000048,15.759999999999756
46.24000000000048,15.779999999999756
46.24000000000048,15.799999999999756
46.24000000000048,15.819999999999755
46.24000000000048,15.839999999999755
46.24000000000048,15.859999999999754
46.24000000000048,15.879999999999754
46.24000000000048,15.899999999999753
46.24000000000048,15.919999999999753
46.24000000000048,15.939999999999753
46.24000000000048,15.959999999999752
46.24000000000048,15.979999999999752
46.24000000000048,15.999999999999751
46.24000000000048,16.01999999999975
46.24000000000048,16.03999999999975
46.24000000000048,16.05999999999975
46.24000000000048,16.07999999999975
46.24000000000048,16.09999999999975
46.24000000000048,16.11999999999975
46.24000000000048,16.13999999999975
46.24000000000048,16.159999999999748
46.24000000000048,16.179999999999747
46.24000000000048,16.199999999999747
46.24000000000048,16.219999999999747
46.24000000000048,16.239999999999746
46.24000000000048,16.259999999999746
46.24000000000048,16.279999999999745
46.24000000000048,16.299999999999745
46.24000000000048,16.319999999999744
46.24000000000048,16.339999999999744
46.24000000000048,16.359999999999744
46.24000000000048,16.379999999999743
46.24000000000048,16.399999999999743
46.24000000000048,16.419999999999742
46.24000000000048,16.439999999999742
46.24000000000048,16.45999999999974
46.24000000000048,16.47999999999974
46.24000000000048,16.49999999999974
46.24000000000048,16.51999999999974
46.24000000000048,16.53999999999974
46.24000000000048,16.55999999999974
46.24000000000048,16.57999999999974
46.24000000000048,16.59999999999974
46.24000000000048,16.619999999999738
46.24000000000048,16.639999999999738
46.24000000000048,16.659999999999737
46.24000000000048,16.679999999999737
46.24000000000048,16.699999999999736
46.24000000000048,16.719999999999736
46.24000000000048,16.739999999999736
46.26000000000048,12.979999999999816
46.26000000000048,12.999999999999815
46.26000000000048,13.019999999999815
46.26000000000048,13.039999999999814
46.26000000000048,13.059999999999814
46.26000000000048,13.079999999999814
46.26000000000048,13.099999999999813
46.26000000000048,13.119999999999813
46.26000000000048,13.139999999999812
46.26000000000048,13.159999999999812
46.26000000000048,13.179999999999811
46.26000000000048,13.199999999999811
46.26000000000048,13.21999999999981
46.26000000000048,13.23999999999981
46.26000000000048,13.25999999999981
46.26000000000048,13.27999999999981
46.26000000000048,13.299999999999809
46.26000000000048,13.319999999999808
46.26000000000048,13.339999999999808
46.26000000000048,13.359999999999808
46.26000000000048,13.379999999999807
46.26000000000048,13.399999999999807
46.26000000000048,13.419999999999806
46.26000000000048,13.439999999999806
46.26000000000048,13.459999999999805
46.26000000000048,13.479999999999805
46.26000000000048,13.499999999999805
46.26000000000048,13.519999999999804
46.26000000000048,13.539999999999804
46.26000000000048,13.559999999999803
46.26000000000048,13.579999999999803
46.26000000000048,13.599999999999802
46.26000000000048,13.619999999999802
46.26000000000048,13.639999999999802
46.26000000000048,13.659999999999801
46.26000000000048,13.6799999999998
46.26000000000048,13.6999999999998
46.26000000000048,13.7199999999998
46.26000000000048,13.7399999999998
46.26000000000048,13.759999999999799
46.26000000000048,13.779999999999799
46.26000000000048,13.799999999999798
46.26000000000048,13.819999999999798
46.26000000000048,13.839999999999797
46.26000000000048,13.859999999999797
46.26000000000048,13.879999999999797
46.26000000000048,13.899999999999796
46.26000000000048,13.919999999999796
46.26000000000048,13.939999999999795
46.26000000000048,13.959999999999795
46.26000000000048,13.979999999999794
46.26000000000048,13.999999999999794
46.26000000000048,14.019999999999794
46.26000000000048,14.039999999999793
46.26000000000048,14.059999999999793
46.26000000000048,14.079999999999792
46.26000000000048,14.099999999999792
46.26000000000048,14.119999999999791
46.26000000000048,14.139999999999791
46.26000000000048,14.15999999999979
46.26000000000048,14.17999999999979
46.26000000000048,14.19999999999979
46.26000000000048,14.21999999999979
46.26000000000048,14.239999999999789
46.26000000000048,14.259999999999788
46.26000000000048,14.279999999999788
46.26000000000048,14.299999999999788
46.26000000000048,14.319999999999787
46.26000000000048,14.339999999999787
46.26000000000048,14.359999999999786
46.26000000000048,14.379999999999786
46.26000000000048,14.399999999999785
46.26000000000048,14.419999999999785
46.26000000000048,14.439999999999785
46.26000000000048,14.459999999999784
46.26000000000048,14.479999999999784
46.26000000000048,14.499999999999783
46.26000000000048,14.519999999999783
46.26000000000048,14.539999999999782
46.26000000000048,14.559999999999782
46.26000000000048,14.579999999999782
46.26000000000048,14.599999999999781
46.26000000000048,14.61999999999978
46.26000000000048,14.63999999999978
46.26000000000048,14.65999999999978
46.26000000000048,14.67999999999978
46.26000000000048,14.699999999999779
46.26000000000048,14.719999999999779
46.26000000000048,14.739999999999778
46.26000000000048,14.759999999999778
46.26000000000048,14.779999999999777
46.26000000000048,14.799999999999777
46.26000000000048,14.819999999999776
46.26000000000048,14.839999999999776
46.26000000000048,14.859999999999776
46.26000000000048,14.879999999999775
46.26000000000048,14.899999999999775
46.26000000000048,14.919999999999774
46.26000000000048,14.939999999999774
46.26000000000048,14.959999999999773
46.26000000000048,14.979999999999773
46.26000000000048,14.999999999999773
46.26000000000048,15.019999999999772
46.26000000000048,15.039999999999772
46.26000000000048,15.059999999999771
46.26000000000048,15.079999999999771
46.26000000000048,15.09999999999977
46.26000000000048,15.11999999999977
46.26000000000048,15.13999999999977
46.26000000000048,15.15999999999977
46.26000000000048,15.179999999999769
46.26000000000048,15.199999999999768
46.26000000000048,15.219999999999768
46.26000000000048,15.239999999999768
46.26000000000048,15.259999999999767
46.26000000000048,15.279999999999767
46.26000000000048,15.299999999999766
46.26000000000048,15.319999999999766
46.26000000000048,15.339999999999765
46.26000000000048,15.359999999999765
46.26000000000048,15.379999999999765
46.26000000000048,15.399999999999764
46.26000000000048,15.419999999999764
46.26000000000048,15.439999999999763
46.26000000000048,15.459999999999763
46.26000000000048,15.479999999999762
46.26000000000048,15.499999999999762
46.26000000000048,15.519999999999762
46.26000000000048,15.539999999999761
46.26000000000048,15.55999999999976
46.26000000000048,15.57999999999976
46.26000000000048,15.59999999999976
46.26000000000048,15.61999999999976
46.26000000000048,15.639999999999759
46.26000000000048,15.659999999999759
46.26000000000048,15.679999999999758
46.26000000000048,15.699999999999758
46.26000000000048,15.719999999999757
46.26000000000048,15.739999999999757
46.26000000000048,15.759999999999756
46.26000000000048,15.779999999999756
46.26000000000048,15.799999999999756
46.26000000000048,15.819999999999755
46.26000000000048,15.839999999999755
46.26000000000048,15.859999999999754
46.26000000000048,15.879999999999754
46.26000000000048,15.899999999999753
46.26000000000048,15.919999999999753
46.26000000000048,15.939999999999753
46.26000000000048,15.959999999999752
46.26000000000048,15.979999999999752
46.26000000000048,15.999999999999751
46.26000000000048,16.01999999999975
46.26000000000048,16.03999999999975
46.26000000000048,16.05999999999975
46.26000000000048,16.07999999999975
46.26000000000048,16.09999999999975
46.26000000000048,16.11999999999975
46.26000000000048,16.13999999999975
46.26000000000048,16.159999999999748
46.26000000000048,16.179999999999747
46.26000000000048,16.199999999999747
46.26000000000048,16.219999999999747
46.26000000000048,16.239999999999746
46.26000000000048,16.259999999999746
46.26000000000048,16.279999999999745
46.26000000000048,16.299999999999745
46.26000000000048,16.319999999999744
46.26000000000048,16.339999999999744
46.26000000000048,16.359999999999744
46.26000000000048,16.379999999999743
46.26000000000048,16.399999999999743
46.26000000000048,16.419999999999742
46.26000000000048,16.439999999999742
46.26000000000048,16.45999999999974
46.26000000000048,16.47999999999974
46.26000000000048,16.49999999999974
46.26000000000048,16.51999999999974
46.26000000000048,16.53999999999974
46.26000000000048,16.55999999999974
46.26000000000048,16.57999999999974
46.26000000000048,16.59999999999974
46.26000000000048,16.619999999999738
46.26000000000048,16.639999999999738
46.26000000000048,16.659999999999737
46.26000000000048,16.679999999999737
46.26000000000048,16.699999999999736
46.26000000000048,16.719999999999736
46.26000000000048,16.739999999999736
46.280000000000484,12.979999999999816
46.280000000000484,12.999999999999815
46.280000000000484,13.019999999999815
46.280000000000484,13.039999999999814
46.280000000000484,13.059999999999814
46.280000000000484,13.079999999999814
46.280000000000484,13.099999999999813
46.280000000000484,13.119999999999813
46.280000000000484,13.139999999999812
46.280000000000484,13.159999999999812
46.280000000000484,13.179999999999811
46.280000000000484,13.199999999999811
46.280000000000484,13.21999999999981
46.280000000000484,13.23999999999981
46.280000000000484,13.25999999999981
46.280000000000484,13.27999999999981
46.280000000000484,13.299999999999809
46.280000000000484,13.319999999999808
46.280000000000484,13.339999999999808
46.280000000000484,13.359999999999808
46.280000000000484,13.379999999999807
46.280000000000484,13.399999999999807
46.280000000000484,13.419999999999806
46.280000000000484,13.439999999999806
46.280000000000484,13.459999999999805
46.280000000000484,13.479999999999805
46.280000000000484,13.499999999999805
46.280000000000484,13.519999999999804
46.280000000000484,13.539999999999804
46.280000000000484,13.559999999999803
46.280000000000484,13.579999999999803
46.280000000000484,13.599999999999802
46.280000000000484,13.619999999999802
46.280000000000484,13.639999999999802
46.280000000000484,13.659999999999801
46.280000000000484,13.6799999999998
46.280000000000484,13.6999999999998
46.280000000000484,13.7199999999998
46.280000000000484,13.7399999999998
46.280000000000484,13.759999999999799
46.280000000000484,13.779999999999799
46.280000000000484,13.799999999999798
46.280000000000484,13.819999999999798
46.280000000000484,13.839999999999797
46.280000000000484,13.859999999999797
46.280000000000484,13.879999999999797
46.280000000000484,13.899999999999796
46.280000000000484,13.919999999999796
46.280000000000484,13.939999999999795
46.280000000000484,13.959999999999795
46.280000000000484,13.979999999999794
46.280000000000484,13.999999999999794
46.280000000000484,14.019999999999794
46.280000000000484,14.039999999999793
46.280000000000484,14.059999999999793
46.280000000000484,14.079999999999792
46.280000000000484,14.099999999999792
46.280000000000484,14.119999999999791
46.280000000000484,14.139999999999791
46.280000000000484,14.15999999999979
46.280000000000484,14.17999999999979
46.280000000000484,14.19999999999979
46.280000000000484,14.21999999999979
46.280000000000484,14.239999999999789
46.280000000000484,14.259999999999788
46.280000000000484,14.279999999999788
46.280000000000484,14.299999999999788
46.280000000000484,14.319999999999787
46.280000000000484,14.339999999999787
46.280000000000484,14.359999999999786
46.280000000000484,14.379999999999786
46.280000000000484,14.399999999999785
46.280000000000484,14.419999999999785
46.280000000000484,14.439999999999785
46.280000000000484,14.459999999999784
46.280000000000484,14.479999999999784
46.280000000000484,14.499999999999783
46.280000000000484,14.519999999999783
46.280000000000484,14.539999999999782
46.280000000000484,14.559999999999782
46.280000000000484,14.579999999999782
46.280000000000484,14.599999999999781
46.280000000000484,14.61999999999978
46.280000000000484,14.63999999999978
46.280000000000484,14.65999999999978
46.280000000000484,14.67999999999978
46.280000000000484,14.699999999999779
46.280000000000484,14.719999999999779
46.280000000000484,14.739999999999778
46.280000000000484,14.759999999999778
46.280000000000484,14.779999999999777
46.280000000000484,14.799999999999777
46.280000000000484,14.819999999999776
46.280000000000484,14.839999999999776
46.280000000000484,14.859999999999776
46.280000000000484,14.879999999999775
46.280000000000484,14.899999999999775
46.280000000000484,14.919999999999774
46.280000000000484,14.939999999999774
46.280000000000484,14.959999999999773
46.280000000000484,14.979999999999773
46.280000000000484,14.999999999999773
46.280000000000484,15.019999999999772
46.280000000000484,15.039999999999772
46.280000000000484,15.059999999999771
46.280000000000484,15.079999999999771
46.280000000000484,15.09999999999977
46.280000000000484,15.11999999999977
46.280000000000484,15.13999999999977
46.280000000000484,15.15999999999977
46.280000000000484,15.179999999999769
46.280000000000484,15.199999999999768
46.280000000000484,15.219999999999768
46.280000000000484,15.239999999999768
46.280000000000484,15.259999999999767
46.280000000000484,15.279999999999767
46.280000000000484,15.299999999999766
46.280000000000484,15.319999999999766
46.280000000000484,15.339999999999765
46.280000000000484,15.359999999999765
46.280000000000484,15.379999999999765
46.280000000000484,15.399999999999764
46.280000000000484,15.419999999999764
46.280000000000484,15.439999999999763
46.280000000000484,15.459999999999763
46.280000000000484,15.479999999999762
46.280000000000484,15.499999999999762
46.280000000000484,15.519999999999762
46.280000000000484,15.539999999999761
46.280000000000484,15.55999999999976
46.280000000000484,15.57999999999976
46.280000000000484,15.59999999999976
46.280000000000484,15.61999999999976
46.280000000000484,15.639999999999759
46.280000000000484,15.659999999999759
46.280000000000484,15.679999999999758
46.280000000000484,15.699999999999758
46.280000000000484,15.719999999999757
46.280000000000484,15.739999999999757
46.280000000000484,15.759999999999756
46.280000000000484,15.779999999999756
46.280000000000484,15.799999999999756
46.280000000000484,15.819999999999755
46.280000000000484,15.839999999999755
46.280000000000484,15.859999999999754
46.280000000000484,15.879999999999754
46.280000000000484,15.899999999999753
46.280000000000484,15.919999999999753
46.280000000000484,15.939999999999753
46.280000000000484,15.959999999999752
46.280000000000484,15.979999999999752
46.280000000000484,15.999999999999751
46.280000000000484,16.01999999999975
46.280000000000484,16.03999999999975
46.280000000000484,16.05999999999975
46.280000000000484,16.07999999999975
46.280000000000484,16.09999999999975
46.280000000000484,16.11999999999975
46.280000000000484,16.13999999999975
46.280000000000484,16.159999999999748
46.280000000000484,16.179999999999747
46.280000000000484,16.199999999999747
46.280000000000484,16.219999999999747
46.280000000000484,16.239999999999746
46.280000000000484,16.259999999999746
46.280000000000484,16.279999999999745
46.280000000000484,16.299999999999745
46.280000000000484,16.319999999999744
46.280000000000484,16.339999999999744
46.280000000000484,16.359999999999744
46.280000000000484,16.379999999999743
46.280000000000484,16.399999999999743
46.280000000000484,16.419999999999742
46.280000000000484,16.439999999999742
46.280000000000484,16.45999999999974
46.280000000000484,16.47999999999974
46.280000000000484,16.49999999999974
46.280000000000484,16.51999999999974
46.280000000000484,16.53999999999974
46.280000000000484,16.55999999999974
46.280000000000484,16.57999999999974
46.280000000000484,16.59999999999974
46.280000000000484,16.619999999999738
46.280000000000484,16.639999999999738
46.280000000000484,16.659999999999737
46.280000000000484,16.679999999999737
46.280000000000484,16.699999999999736
46.280000000000484,16.719999999999736
46.280000000000484,16.739999999999736
46.30000000000049,12.979999999999816
46.30000000000049,12.999999999999815
46.30000000000049,13.019999999999815
46.30000000000049,13.039999999999814
46.30000000000049,13.059999999999814
46.30000000000049,13.079999999999814
46.30000000000049,13.099999999999813
46.30000000000049,13.119999999999813
46.30000000000049,13.139999999999812
46.30000000000049,13.159999999999812
46.30000000000049,13.179999999999811
46.30000000000049,13.199999999999811
46.30000000000049,13.21999999999981
46.30000000000049,13.23999999999981
46.30000000000049,13.25999999999981
46.30000000000049,13.27999999999981
46.30000000000049,13.299999999999809
46.30000000000049,13.319999999999808
46.30000000000049,13.339999999999808
46.30000000000049,13.359999999999808
46.30000000000049,13.379999999999807
46.30000000000049,13.399999999999807
46.30000000000049,13.419999999999806
46.30000000000049,13.439999999999806
46.30000000000049,13.459999999999805
46.30000000000049,13.479999999999805
46.30000000000049,13.499999999999805
46.30000000000049,13.519999999999804
46.30000000000049,13.539999999999804
46.30000000000049,13.559999999999803
46.30000000000049,13.579999999999803
46.30000000000049,13.599999999999802
46.30000000000049,13.619999999999802
46.30000000000049,13.639999999999802
46.30000000000049,13.659999999999801
46.30000000000049,13.6799999999998
46.30000000000049,13.6999999999998
46.30000000000049,13.7199999999998
46.30000000000049,13.7399999999998
46.30000000000049,13.759999999999799
46.30000000000049,13.779999999999799
46.30000000000049,13.799999999999798
46.30000000000049,13.819999999999798
46.30000000000049,13.839999999999797
46.30000000000049,13.859999999999797
46.30000000000049,13.879999999999797
46.30000000000049,13.899999999999796
46.30000000000049,13.919999999999796
46.30000000000049,13.939999999999795
46.30000000000049,13.959999999999795
46.30000000000049,13.979999999999794
46.30000000000049,13.999999999999794
46.30000000000049,14.019999999999794
46.30000000000049,14.039999999999793
46.30000000000049,14.059999999999793
46.30000000000049,14.079999999999792
46.30000000000049,14.099999999999792
46.30000000000049,14.119999999999791
46.30000000000049,14.139999999999791
46.30000000000049,14.15999999999979
46.30000000000049,14.17999999999979
46.30000000000049,14.19999999999979
46.30000000000049,14.21999999999979
46.30000000000049,14.239999999999789
46.30000000000049,14.259999999999788
46.30000000000049,14.279999999999788
46.30000000000049,14.299999999999788
46.30000000000049,14.319999999999787
46.30000000000049,14.339999999999787
46.30000000000049,14.359999999999786
46.30000000000049,14.379999999999786
46.30000000000049,14.399999999999785
46.30000000000049,14.419999999999785
46.30000000000049,14.439999999999785
46.30000000000049,14.459999999999784
46.30000000000049,14.479999999999784
46.30000000000049,14.499999999999783
46.30000000000049,14.519999999999783
46.30000000000049,14.539999999999782
46.30000000000049,14.559999999999782
46.30000000000049,14.579999999999782
46.30000000000049,14.599999999999781
46.30000000000049,14.61999999999978
46.30000000000049,14.63999999999978
46.30000000000049,14.65999999999978
46.30000000000049,14.67999999999978
46.30000000000049,14.699999999999779
46.30000000000049,14.719999999999779
46.30000000000049,14.739999999999778
46.30000000000049,14.759999999999778
46.30000000000049,14.779999999999777
46.30000000000049,14.799999999999777
46.30000000000049,14.819999999999776
46.30000000000049,14.839999999999776
46.30000000000049,14.859999999999776
46.30000000000049,14.879999999999775
46.30000000000049,14.899999999999775
46.30000000000049,14.919999999999774
46.30000000000049,14.939999999999774
46.30000000000049,14.959999999999773
46.30000000000049,14.979999999999773
46.30000000000049,14.999999999999773
46.30000000000049,15.019999999999772
46.30000000000049,15.039999999999772
46.30000000000049,15.059999999999771
46.30000000000049,15.079999999999771
46.30000000000049,15.09999999999977
46.30000000000049,15.11999999999977
46.30000000000049,15.13999999999977
46.30000000000049,15.15999999999977
46.30000000000049,15.179999999999769
46.30000000000049,15.199999999999768
46.30000000000049,15.219999999999768
46.30000000000049,15.239999999999768
46.30000000000049,15.259999999999767
46.30000000000049,15.279999999999767
46.30000000000049,15.299999999999766
46.30000000000049,15.319999999999766
46.30000000000049,15.339999999999765
46.30000000000049,15.359999999999765
46.30000000000049,15.379999999999765
46.30000000000049,15.399999999999764
46.30000000000049,15.419999999999764
46.30000000000049,15.439999999999763
46.30000000000049,15.459999999999763
46.30000000000049,15.479999999999762
46.30000000000049,15.499999999999762
46.30000000000049,15.519999999999762
46.30000000000049,15.539999999999761
46.30000000000049,15.55999999999976
46.30000000000049,15.57999999999976
46.30000000000049,15.59999999999976
46.30000000000049,15.61999999999976
46.30000000000049,15.639999999999759
46.30000000000049,15.659999999999759
46.30000000000049,15.679999999999758
46.30000000000049,15.699999999999758
46.30000000000049,15.719999999999757
46.30000000000049,15.739999999999757
46.30000000000049,15.759999999999756
46.30000000000049,15.779999999999756
46.30000000000049,15.799999999999756
46.30000000000049,15.819999999999755
46.30000000000049,15.839999999999755
46.30000000000049,15.859999999999754
46.30000000000049,15.879999999999754
46.30000000000049,15.899999999999753
46.30000000000049,15.919999999999753
46.30000000000049,15.939999999999753
46.30000000000049,15.959999999999752
46.30000000000049,15.979999999999752
46.30000000000049,15.999999999999751
46.30000000000049,16.01999999999975
46.30000000000049,16.03999999999975
46.30000000000049,16.05999999999975
46.30000000000049,16.07999999999975
46.30000000000049,16.09999999999975
46.30000000000049,16.11999999999975
46.30000000000049,16.13999999999975
46.30000000000049,16.159999999999748
46.30000000000049,16.179999999999747
46.30000000000049,16.199999999999747
46.30000000000049,16.219999999999747
46.30000000000049,16.239999999999746
46.30000000000049,16.259999999999746
46.30000000000049,16.279999999999745
46.30000000000049,16.299999999999745
46.30000000000049,16.319999999999744
46.30000000000049,16.339999999999744
46.30000000000049,16.359999999999744
46.30000000000049,16.379999999999743
46.30000000000049,16.399999999999743
46.30000000000049,16.419999999999742
46.30000000000049,16.439999999999742
46.30000000000049,16.45999999999974
46.30000000000049,16.47999999999974
46.30000000000049,16.49999999999974
46.30000000000049,16.51999999999974
46.30000000000049,16.53999999999974
46.30000000000049,16.55999999999974
46.30000000000049,16.57999999999974
46.30000000000049,16.59999999999974
46.30000000000049,16.619999999999738
46.30000000000049,16.639999999999738
46.30000000000049,16.659999999999737
46.30000000000049,16.679999999999737
46.30000000000049,16.699999999999736
46.30000000000049,16.719999999999736
46.30000000000049,16.739999999999736
46.32000000000049,12.979999999999816
46.32000000000049,12.999999999999815
46.32000000000049,13.019999999999815
46.32000000000049,13.039999999999814
46.32000000000049,13.059999999999814
46.32000000000049,13.079999999999814
46.32000000000049,13.099999999999813
46.32000000000049,13.119999999999813
46.32000000000049,13.139999999999812
46.32000000000049,13.159999999999812
46.32000000000049,13.179999999999811
46.32000000000049,13.199999999999811
46.32000000000049,13.21999999999981
46.32000000000049,13.23999999999981
46.32000000000049,13.25999999999981
46.32000000000049,13.27999999999981
46.32000000000049,13.299999999999809
46.32000000000049,13.319999999999808
46.32000000000049,13.339999999999808
46.32000000000049,13.359999999999808
46.32000000000049,13.379999999999807
46.32000000000049,13.399999999999807
46.32000000000049,13.419999999999806
46.32000000000049,13.439999999999806
46.32000000000049,13.459999999999805
46.32000000000049,13.479999999999805
46.32000000000049,13.499999999999805
46.32000000000049,13.519999999999804
46.32000000000049,13.539999999999804
46.32000000000049,13.559999999999803
46.32000000000049,13.579999999999803
46.32000000000049,13.599999999999802
46.32000000000049,13.619999999999802
46.32000000000049,13.639999999999802
46.32000000000049,13.659999999999801
46.32000000000049,13.6799999999998
46.32000000000049,13.6999999999998
46.32000000000049,13.7199999999998
46.32000000000049,13.7399999999998
46.32000000000049,13.759999999999799
46.32000000000049,13.779999999999799
46.32000000000049,13.799999999999798
46.32000000000049,13.819999999999798
46.32000000000049,13.839999999999797
46.32000000000049,13.859999999999797
46.32000000000049,13.879999999999797
46.32000000000049,13.899999999999796
46.32000000000049,13.919999999999796
46.32000000000049,13.939999999999795
46.32000000000049,13.959999999999795
46.32000000000049,13.979999999999794
46.32000000000049,13.999999999999794
46.32000000000049,14.019999999999794
46.32000000000049,14.039999999999793
46.32000000000049,14.059999999999793
46.32000000000049,14.079999999999792
46.32000000000049,14.099999999999792
46.32000000000049,14.119999999999791
46.32000000000049,14.139999999999791
46.32000000000049,14.15999999999979
46.32000000000049,14.17999999999979
46.32000000000049,14.19999999999979
46.32000000000049,14.21999999999979
46.32000000000049,14.239999999999789
46.32000000000049,14.259999999999788
46.32000000000049,14.279999999999788
46.32000000000049,14.299999999999788
46.32000000000049,14.319999999999787
46.32000000000049,14.339999999999787
46.32000000000049,14.359999999999786
46.32000000000049,14.379999999999786
46.32000000000049,14.399999999999785
46.32000000000049,14.419999999999785
46.32000000000049,14.439999999999785
46.32000000000049,14.459999999999784
46.32000000000049,14.479999999999784
46.32000000000049,14.499999999999783
46.32000000000049,14.519999999999783
46.32000000000049,14.539999999999782
46.32000000000049,14.559999999999782
46.32000000000049,14.579999999999782
46.32000000000049,14.599999999999781
46.32000000000049,14.61999999999978
46.32000000000049,14.63999999999978
46.32000000000049,14.65999999999978
46.32000000000049,14.67999999999978
46.32000000000049,14.699999999999779
46.32000000000049,14.719999999999779
46.32000000000049,14.739999999999778
46.32000000000049,14.759999999999778
46.32000000000049,14.779999999999777
46.32000000000049,14.799999999999777
46.32000000000049,14.819999999999776
46.32000000000049,14.839999999999776
46.32000000000049,14.859999999999776
46.32000000000049,14.879999999999775
46.32000000000049,14.899999999999775
46.32000000000049,14.919999999999774
46.32000000000049,14.939999999999774
46.32000000000049,14.959999999999773
46.32000000000049,14.979999999999773
46.32000000000049,14.999999999999773
46.32000000000049,15.019999999999772
46.32000000000049,15.039999999999772
46.32000000000049,15.059999999999771
46.32000000000049,15.079999999999771
46.32000000000049,15.09999999999977
46.32000000000049,15.11999999999977
46.32000000000049,15.13999999999977
46.32000000000049,15.15999999999977
46.32000000000049,15.179999999999769
46.32000000000049,15.199999999999768
46.32000000000049,15.219999999999768
46.32000000000049,15.239999999999768
46.32000000000049,15.259999999999767
46.32000000000049,15.279999999999767
46.32000000000049,15.299999999999766
46.32000000000049,15.319999999999766
46.32000000000049,15.339999999999765
46.32000000000049,15.359999999999765
46.32000000000049,15.379999999999765
46.32000000000049,15.399999999999764
46.32000000000049,15.419999999999764
46.32000000000049,15.439999999999763
46.32000000000049,15.459999999999763
46.32000000000049,15.479999999999762
46.32000000000049,15.499999999999762
46.32000000000049,15.519999999999762
46.32000000000049,15.539999999999761
46.32000000000049,15.55999999999976
46.32000000000049,15.57999999999976
46.32000000000049,15.59999999999976
46.32000000000049,15.61999999999976
46.32000000000049,15.639999999999759
46.32000000000049,15.659999999999759
46.32000000000049,15.679999999999758
46.32000000000049,15.699999999999758
46.32000000000049,15.719999999999757
46.32000000000049,15.739999999999757
46.32000000000049,15.759999999999756
46.32000000000049,15.779999999999756
46.32000000000049,15.799999999999756
46.32000000000049,15.819999999999755
46.32000000000049,15.839999999999755
46.32000000000049,15.859999999999754
46.32000000000049,15.879999999999754
46.32000000000049,15.899999999999753
46.32000000000049,15.919999999999753
46.32000000000049,15.939999999999753
46.32000000000049,15.959999999999752
46.32000000000049,15.979999999999752
46.32000000000049,15.999999999999751
46.32000000000049,16.01999999999975
46.32000000000049,16.03999999999975
46.32000000000049,16.05999999999975
46.32000000000049,16.07999999999975
46.32000000000049,16.09999999999975
46.32000000000049,16.11999999999975
46.32000000000049,16.13999999999975
46.32000000000049,16.159999999999748
46.32000000000049,16.179999999999747
46.32000000000049,16.199999999999747
46.32000000000049,16.219999999999747
46.32000000000049,16.239999999999746
46.32000000000049,16.259999999999746
46.32000000000049,16.279999999999745
46.32000000000049,16.299999999999745
46.32000000000049,16.319999999999744
46.32000000000049,16.339999999999744
46.32000000000049,16.359999999999744
46.32000000000049,16.379999999999743
46.32000000000049,16.399999999999743
46.32000000000049,16.419999999999742
46.32000000000049,16.439999999999742
46.32000000000049,16.45999999999974
46.32000000000049,16.47999999999974
46.32000000000049,16.49999999999974
46.32000000000049,16.51999999999974
46.32000000000049,16.53999999999974
46.32000000000049,16.55999999999974
46.32000000000049,16.57999999999974
46.32000000000049,16.59999999999974
46.32000000000049,16.619999999999738
46.32000000000049,16.639999999999738
46.32000000000049,16.659999999999737
46.32000000000049,16.679999999999737
46.32000000000049,16.699999999999736
46.32000000000049,16.719999999999736
46.32000000000049,16.739999999999736
46.340000000000494,12.979999999999816
46.340000000000494,12.999999999999815
46.340000000000494,13.019999999999815
46.340000000000494,13.039999999999814
46.340000000000494,13.059999999999814
46.340000000000494,13.079999999999814
46.340000000000494,13.099999999999813
46.340000000000494,13.119999999999813
46.340000000000494,13.139999999999812
46.340000000000494,13.159999999999812
46.340000000000494,13.179999999999811
46.340000000000494,13.199999999999811
46.340000000000494,13.21999999999981
46.340000000000494,13.23999999999981
46.340000000000494,13.25999999999981
46.340000000000494,13.27999999999981
46.340000000000494,13.299999999999809
46.340000000000494,13.319999999999808
46.340000000000494,13.339999999999808
46.340000000000494,13.359999999999808
46.340000000000494,13.379999999999807
46.340000000000494,13.399999999999807
46.340000000000494,13.419999999999806
46.340000000000494,13.439999999999806
46.340000000000494,13.459999999999805
46.340000000000494,13.479999999999805
46.340000000000494,13.499999999999805
46.340000000000494,13.519999999999804
46.340000000000494,13.539999999999804
46.340000000000494,13.559999999999803
46.340000000000494,13.579999999999803
46.340000000000494,13.599999999999802
46.340000000000494,13.619999999999802
46.340000000000494,13.639999999999802
46.340000000000494,13.659999999999801
46.340000000000494,13.6799999999998
46.340000000000494,13.6999999999998
46.340000000000494,13.7199999999998
46.340000000000494,13.7399999999998
46.340000000000494,13.759999999999799
46.340000000000494,13.779999999999799
46.340000000000494,13.799999999999798
46.340000000000494,13.819999999999798
46.340000000000494,13.839999999999797
46.340000000000494,13.859999999999797
46.340000000000494,13.879999999999797
46.340000000000494,13.899999999999796
46.340000000000494,13.919999999999796
46.340000000000494,13.939999999999795
46.340000000000494,13.959999999999795
46.340000000000494,13.979999999999794
46.340000000000494,13.999999999999794
46.340000000000494,14.019999999999794
46.340000000000494,14.039999999999793
46.340000000000494,14.059999999999793
46.340000000000494,14.079999999999792
46.340000000000494,14.099999999999792
46.340000000000494,14.119999999999791
46.340000000000494,14.139999999999791
46.340000000000494,14.15999999999979
46.340000000000494,14.17999999999979
46.340000000000494,14.19999999999979
46.340000000000494,14.21999999999979
46.340000000000494,14.239999999999789
46.340000000000494,14.259999999999788
46.340000000000494,14.279999999999788
46.340000000000494,14.299999999999788
46.340000000000494,14.319999999999787
46.340000000000494,14.339999999999787
46.340000000000494,14.359999999999786
46.340000000000494,14.379999999999786
46.340000000000494,14.399999999999785
46.340000000000494,14.419999999999785
46.340000000000494,14.439999999999785
46.340000000000494,14.459999999999784
46.340000000000494,14.479999999999784
46.340000000000494,14.499999999999783
46.340000000000494,14.519999999999783
46.340000000000494,14.539999999999782
46.340000000000494,14.559999999999782
46.340000000000494,14.579999999999782
46.340000000000494,14.599999999999781
46.340000000000494,14.61999999999978
46.340000000000494,14.63999999999978
46.340000000000494,14.65999999999978
46.340000000000494,14.67999999999978
46.340000000000494,14.699999999999779
46.340000000000494,14.719999999999779
46.340000000000494,14.739999999999778
46.340000000000494,14.759999999999778
46.340000000000494,14.779999999999777
46.340000000000494,14.799999999999777
46.340000000000494,14.819999999999776
46.340000000000494,14.839999999999776
46.340000000000494,14.859999999999776
46.340000000000494,14.879999999999775
46.340000000000494,14.899999999999775
46.340000000000494,14.919999999999774
46.340000000000494,14.939999999999774
46.340000000000494,14.959999999999773
46.340000000000494,14.979999999999773
46.340000000000494,14.999999999999773
46.340000000000494,15.019999999999772
46.340000000000494,15.039999999999772
46.340000000000494,15.059999999999771
46.340000000000494,15.079999999999771
46.340000000000494,15.09999999999977
46.340000000000494,15.11999999999977
46.340000000000494,15.13999999999977
46.340000000000494,15.15999999999977
46.340000000000494,15.179999999999769
46.340000000000494,15.199999999999768
46.340000000000494,15.219999999999768
46.340000000000494,15.239999999999768
46.340000000000494,15.259999999999767
46.340000000000494,15.279999999999767
46.340000000000494,15.299999999999766
46.340000000000494,15.319999999999766
46.340000000000494,15.339999999999765
46.340000000000494,15.359999999999765
46.340000000000494,15.379999999999765
46.340000000000494,15.399999999999764
46.340000000000494,15.419999999999764
46.340000000000494,15.439999999999763
46.340000000000494,15.459999999999763
46.340000000000494,15.479999999999762
46.340000000000494,15.499999999999762
46.340000000000494,15.519999999999762
46.340000000000494,15.539999999999761
46.340000000000494,15.55999999999976
46.340000000000494,15.57999999999976
46.340000000000494,15.59999999999976
46.340000000000494,15.61999999999976
46.340000000000494,15.639999999999759
46.340000000000494,15.659999999999759
46.340000000000494,15.679999999999758
46.340000000000494,15.699999999999758
46.340000000000494,15.719999999999757
46.340000000000494,15.739999999999757
46.340000000000494,15.759999999999756
46.340000000000494,15.779999999999756
46.340000000000494,15.799999999999756
46.340000000000494,15.819999999999755
46.340000000000494,15.839999999999755
46.340000000000494,15.859999999999754
46.340000000000494,15.879999999999754
46.340000000000494,15.899999999999753
46.340000000000494,15.919999999999753
46.340000000000494,15.939999999999753
46.340000000000494,15.959999999999752
46.340000000000494,15.979999999999752
46.340000000000494,15.999999999999751
46.340000000000494,16.01999999999975
46.340000000000494,16.03999999999975
46.340000000000494,16.05999999999975
46.340000000000494,16.07999999999975
46.340000000000494,16.09999999999975
46.340000000000494,16.11999999999975
46.340000000000494,16.13999999999975
46.340000000000494,16.159999999999748
46.340000000000494,16.179999999999747
46.340000000000494,16.199999999999747
46.340000000000494,16.219999999999747
46.340000000000494,16.239999999999746
46.340000000000494,16.259999999999746
46.340000000000494,16.279999999999745
46.340000000000494,16.299999999999745
46.340000000000494,16.319999999999744
46.340000000000494,16.339999999999744
46.340000000000494,16.359999999999744
46.340000000000494,16.379999999999743
46.340000000000494,16.399999999999743
46.340000000000494,16.419999999999742
46.340000000000494,16.439999999999742
46.340000000000494,16.45999999999974
46.340000000000494,16.47999999999974
46.340000000000494,16.49999999999974
46.340000000000494,16.51999999999974
46.340000000000494,16.53999999999974
46.340000000000494,16.55999999999974
46.340000000000494,16.57999999999974
46.340000000000494,16.59999999999974
46.340000000000494,16.619999999999738
46.340000000000494,16.639999999999738
46.340000000000494,16.659999999999737
46.340000000000494,16.679999999999737
46.340000000000494,16.699999999999736
46.340000000000494,16.719999999999736
46.340000000000494,16.739999999999736
46.3600000000005,12.979999999999816
46.3600000000005,12.999999999999815
46.3600000000005,13.019999999999815
46.3600000000005,13.039999999999814
46.3600000000005,13.059999999999814
46.3600000000005,13.079999999999814
46.3600000000005,13.099999999999813
46.3600000000005,13.119999999999813
46.3600000000005,13.139999999999812
46.3600000000005,13.159999999999812
46.3600000000005,13.179999999999811
46.3600000000005,13.199999999999811
46.3600000000005,13.21999999999981
46.3600000000005,13.23999999999981
46.3600000000005,13.25999999999981
46.3600000000005,13.27999999999981
46.3600000000005,13.299999999999809
46.3600000000005,13.319999999999808
46.3600000000005,13.339999999999808
46.3600000000005,13.359999999999808
46.3600000000005,13.379999999999807
46.3600000000005,13.399999999999807
46.3600000000005,13.419999999999806
46.3600000000005,13.439999999999806
46.3600000000005,13.459999999999805
46.3600000000005,13.479999999999805
46.3600000000005,13.499999999999805
46.3600000000005,13.519999999999804
46.3600000000005,13.539999999999804
46.3600000000005,13.559999999999803
46.3600000000005,13.579999999999803
46.3600000000005,13.599999999999802
46.3600000000005,13.619999999999802
46.3600000000005,13.639999999999802
46.3600000000005,13.659999999999801
46.3600000000005,13.6799999999998
46.3600000000005,13.6999999999998
46.3600000000005,13.7199999999998
46.3600000000005,13.7399999999998
46.3600000000005,13.759999999999799
46.3600000000005,13.779999999999799
46.3600000000005,13.799999999999798
46.3600000000005,13.819999999999798
46.3600000000005,13.839999999999797
46.3600000000005,13.859999999999797
46.3600000000005,13.879999999999797
46.3600000000005,13.899999999999796
46.3600000000005,13.919999999999796
46.3600000000005,13.939999999999795
46.3600000000005,13.959999999999795
46.3600000000005,13.979999999999794
46.3600000000005,13.999999999999794
46.3600000000005,14.019999999999794
46.3600000000005,14.039999999999793
46.3600000000005,14.059999999999793
46.3600000000005,14.079999999999792
46.3600000000005,14.099999999999792
46.3600000000005,14.119999999999791
46.3600000000005,14.139999999999791
46.3600000000005,14.15999999999979
46.3600000000005,14.17999999999979
46.3600000000005,14.19999999999979
46.3600000000005,14.21999999999979
46.3600000000005,14.239999999999789
46.3600000000005,14.259999999999788
46.3600000000005,14.279999999999788
46.3600000000005,14.299999999999788
46.3600000000005,14.319999999999787
46.3600000000005,14.339999999999787
46.3600000000005,14.359999999999786
46.3600000000005,14.379999999999786
46.3600000000005,14.399999999999785
46.3600000000005,14.419999999999785
46.3600000000005,14.439999999999785
46.3600000000005,14.459999999999784
46.3600000000005,14.479999999999784
46.3600000000005,14.499999999999783
46.3600000000005,14.519999999999783
46.3600000000005,14.539999999999782
46.3600000000005,14.559999999999782
46.3600000000005,14.579999999999782
46.3600000000005,14.599999999999781
46.3600000000005,14.61999999999978
46.3600000000005,14.63999999999978
46.3600000000005,14.65999999999978
46.3600000000005,14.67999999999978
46.3600000000005,14.699999999999779
46.3600000000005,14.719999999999779
46.3600000000005,14.739999999999778
46.3600000000005,14.759999999999778
46.3600000000005,14.779999999999777
46.3600000000005,14.799999999999777
46.3600000000005,14.819999999999776
46.3600000000005,14.839999999999776
46.3600000000005,14.859999999999776
46.3600000000005,14.879999999999775
46.3600000000005,14.899999999999775
46.3600000000005,14.919999999999774
46.3600000000005,14.939999999999774
46.3600000000005,14.959999999999773
46.3600000000005,14.979999999999773
46.3600000000005,14.999999999999773
46.3600000000005,15.019999999999772
46.3600000000005,15.039999999999772
46.3600000000005,15.059999999999771
46.3600000000005,15.079999999999771
46.3600000000005,15.09999999999977
46.3600000000005,15.11999999999977
46.3600000000005,15.13999999999977
46.3600000000005,15.15999999999977
46.3600000000005,15.179999999999769
46.3600000000005,15.199999999999768
46.3600000000005,15.219999999999768
46.3600000000005,15.239999999999768
46.3600000000005,15.259999999999767
46.3600000000005,15.279999999999767
46.3600000000005,15.299999999999766
46.3600000000005,15.319999999999766
46.3600000000005,15.339999999999765
46.3600000000005,15.359999999999765
46.3600000000005,15.379999999999765
46.3600000000005,15.399999999999764
46.3600000000005,15.419999999999764
46.3600000000005,15.439999999999763
46.3600000000005,15.459999999999763
46.3600000000005,15.479999999999762
46.3600000000005,15.499999999999762
46.3600000000005,15.519999999999762
46.3600000000005,15.539999999999761
46.3600000000005,15.55999999999976
46.3600000000005,15.57999999999976
46.3600000000005,15.59999999999976
46.3600000000005,15.61999999999976
46.3600000000005,15.639999999999759
46.3600000000005,15.659999999999759
46.3600000000005,15.679999999999758
46.3600000000005,15.699999999999758
46.3600000000005,15.719999999999757
46.3600000000005,15.739999999999757
46.3600000000005,15.759999999999756
46.3600000000005,15.779999999999756
46.3600000000005,15.799999999999756
46.3600000000005,15.819999999999755
46.3600000000005,15.839999999999755
46.3600000000005,15.859999999999754
46.3600000000005,15.879999999999754
46.3600000000005,15.899999999999753
46.3600000000005,15.919999999999753
46.3600000000005,15.939999999999753
46.3600000000005,15.959999999999752
46.3600000000005,15.979999999999752
46.3600000000005,15.999999999999751
46.3600000000005,16.01999999999975
46.3600000000005,16.03999999999975
46.3600000000005,16.05999999999975
46.3600000000005,16.07999999999975
46.3600000000005,16.09999999999975
46.3600000000005,16.11999999999975
46.3600000000005,16.13999999999975
46.3600000000005,16.159999999999748
46.3600000000005,16.179999999999747
46.3600000000005,16.199999999999747
46.3600000000005,16.219999999999747
46.3600000000005,16.239999999999746
46.3600000000005,16.259999999999746
46.3600000000005,16.279999999999745
46.3600000000005,16.299999999999745
46.3600000000005,16.319999999999744
46.3600000000005,16.339999999999744
46.3600000000005,16.359999999999744
46.3600000000005,16.379999999999743
46.3600000000005,16.399999999999743
46.3600000000005,16.419999999999742
46.3600000000005,16.439999999999742
46.3600000000005,16.45999999999974
46.3600000000005,16.47999999999974
46.3600000000005,16.49999999999974
46.3600000000005,16.51999999999974
46.3600000000005,16.53999999999974
46.3600000000005,16.55999999999974
46.3600000000005,16.57999999999974
46.3600000000005,16.59999999999974
46.3600000000005,16.619999999999738
46.3600000000005,16.639999999999738
46.3600000000005,16.659999999999737
46.3600000000005,16.679999999999737
46.3600000000005,16.699999999999736
46.3600000000005,16.719999999999736
46.3600000000005,16.739999999999736
46.3800000000005,12.979999999999816
46.3800000000005,12.999999999999815
46.3800000000005,13.019999999999815
46.3800000000005,13.039999999999814
46.3800000000005,13.059999999999814
46.3800000000005,13.079999999999814
46.3800000000005,13.099999999999813
46.3800000000005,13.119999999999813
46.3800000000005,13.139999999999812
46.3800000000005,13.159999999999812
46.3800000000005,13.179999999999811
46.3800000000005,13.199999999999811
46.3800000000005,13.21999999999981
46.3800000000005,13.23999999999981
46.3800000000005,13.25999999999981
46.3800000000005,13.27999999999981
46.3800000000005,13.299999999999809
46.3800000000005,13.319999999999808
46.3800000000005,13.339999999999808
46.3800000000005,13.359999999999808
46.3800000000005,13.379999999999807
46.3800000000005,13.399999999999807
46.3800000000005,13.419999999999806
46.3800000000005,13.439999999999806
46.3800000000005,13.459999999999805
46.3800000000005,13.479999999999805
46.3800000000005,13.499999999999805
46.3800000000005,13.519999999999804
46.3800000000005,13.539999999999804
46.3800000000005,13.559999999999803
46.3800000000005,13.579999999999803
46.3800000000005,13.599999999999802
46.3800000000005,13.619999999999802
46.3800000000005,13.639999999999802
46.3800000000005,13.659999999999801
46.3800000000005,13.6799999999998
46.3800000000005,13.6999999999998
46.3800000000005,13.7199999999998
46.3800000000005,13.7399999999998
46.3800000000005,13.759999999999799
46.3800000000005,13.779999999999799
46.3800000000005,13.799999999999798
46.3800000000005,13.819999999999798
46.3800000000005,13.839999999999797
46.3800000000005,13.859999999999797
46.3800000000005,13.879999999999797
46.3800000000005,13.899999999999796
46.3800000000005,13.919999999999796
46.3800000000005,13.939999999999795
46.3800000000005,13.959999999999795
46.3800000000005,13.979999999999794
46.3800000000005,13.999999999999794
46.3800000000005,14.019999999999794
46.3800000000005,14.039999999999793
46.3800000000005,14.059999999999793
46.3800000000005,14.079999999999792
46.3800000000005,14.099999999999792
46.3800000000005,14.119999999999791
46.3800000000005,14.139999999999791
46.3800000000005,14.15999999999979
46.3800000000005,14.17999999999979
46.3800000000005,14.19999999999979
46.3800000000005,14.21999999999979
46.3800000000005,14.239999999999789
46.3800000000005,14.259999999999788
46.3800000000005,14.279999999999788
46.3800000000005,14.299999999999788
46.3800000000005,14.319999999999787
46.3800000000005,14.339999999999787
46.3800000000005,14.359999999999786
46.3800000000005,14.379999999999786
46.3800000000005,14.399999999999785
46.3800000000005,14.419999999999785
46.3800000000005,14.439999999999785
46.3800000000005,14.459999999999784
46.3800000000005,14.479999999999784
46.3800000000005,14.499999999999783
46.3800000000005,14.519999999999783
46.3800000000005,14.539999999999782
46.3800000000005,14.559999999999782
46.3800000000005,14.579999999999782
46.3800000000005,14.599999999999781
46.3800000000005,14.61999999999978
46.3800000000005,14.63999999999978
46.3800000000005,14.65999999999978
46.3800000000005,14.67999999999978
46.3800000000005,14.699999999999779
46.3800000000005,14.719999999999779
46.3800000000005,14.739999999999778
46.3800000000005,14.759999999999778
46.3800000000005,14.779999999999777
46.3800000000005,14.799999999999777
46.3800000000005,14.819999999999776
46.3800000000005,14.839999999999776
46.3800000000005,14.859999999999776
46.3800000000005,14.879999999999775
46.3800000000005,14.899999999999775
46.3800000000005,14.919999999999774
46.3800000000005,14.939999999999774
46.3800000000005,14.959999999999773
46.3800000000005,14.979999999999773
46.3800000000005,14.999999999999773
46.3800000000005,15.019999999999772
46.3800000000005,15.039999999999772
46.3800000000005,15.059999999999771
46.3800000000005,15.079999999999771
46.3800000000005,15.09999999999977
46.3800000000005,15.11999999999977
46.3800000000005,15.13999999999977
46.3800000000005,15.15999999999977
46.3800000000005,15.179999999999769
46.3800000000005,15.199999999999768
46.3800000000005,15.219999999999768
46.3800000000005,15.239999999999768
46.3800000000005,15.259999999999767
46.3800000000005,15.279999999999767
46.3800000000005,15.299999999999766
46.3800000000005,15.319999999999766
46.3800000000005,15.339999999999765
46.3800000000005,15.359999999999765
46.3800000000005,15.379999999999765
46.3800000000005,15.399999999999764
46.3800000000005,15.419999999999764
46.3800000000005,15.439999999999763
46.3800000000005,15.459999999999763
46.3800000000005,15.479999999999762
46.3800000000005,15.499999999999762
46.3800000000005,15.519999999999762
46.3800000000005,15.539999999999761
46.3800000000005,15.55999999999976
46.3800000000005,15.57999999999976
46.3800000000005,15.59999999999976
46.3800000000005,15.61999999999976
46.3800000000005,15.639999999999759
46.3800000000005,15.659999999999759
46.3800000000005,15.679999999999758
46.3800000000005,15.699999999999758
46.3800000000005,15.719999999999757
46.3800000000005,15.739999999999757
46.3800000000005,15.759999999999756
46.3800000000005,15.779999999999756
46.3800000000005,15.799999999999756
46.3800000000005,15.819999999999755
46.3800000000005,15.839999999999755
46.3800000000005,15.859999999999754
46.3800000000005,15.879999999999754
46.3800000000005,15.899999999999753
46.3800000000005,15.919999999999753
46.3800000000005,15.939999999999753
46.3800000000005,15.959999999999752
46.3800000000005,15.979999999999752
46.3800000000005,15.999999999999751
46.3800000000005,16.01999999999975
46.3800000000005,16.03999999999975
46.3800000000005,16.05999999999975
46.3800000000005,16.07999999999975
46.3800000000005,16.09999999999975
46.3800000000005,16.11999999999975
46.3800000000005,16.13999999999975
46.3800000000005,16.159999999999748
46.3800000000005,16.179999999999747
46.3800000000005,16.199999999999747
46.3800000000005,16.219999999999747
46.3800000000005,16.239999999999746
46.3800000000005,16.259999999999746
46.3800000000005,16.279999999999745
46.3800000000005,16.299999999999745
46.3800000000005,16.319999999999744
46.3800000000005,16.339999999999744
46.3800000000005,16.359999999999744
46.3800000000005,16.379999999999743
46.3800000000005,16.399999999999743
46.3800000000005,16.419999999999742
46.3800000000005,16.439999999999742
46.3800000000005,16.45999999999974
46.3800000000005,16.47999999999974
46.3800000000005,16.49999999999974
46.3800000000005,16.51999999999974
46.3800000000005,16.53999999999974
46.3800000000005,16.55999999999974
46.3800000000005,16.57999999999974
46.3800000000005,16.59999999999974
46.3800000000005,16.619999999999738
46.3800000000005,16.639999999999738
46.3800000000005,16.659999999999737
46.3800000000005,16.679999999999737
46.3800000000005,16.699999999999736
46.3800000000005,16.719999999999736
46.3800000000005,16.739999999999736
46.4000000000005,12.979999999999816
46.4000000000005,12.999999999999815
46.4000000000005,13.019999999999815
46.4000000000005,13.039999999999814
46.4000000000005,13.059999999999814
46.4000000000005,13.079999999999814
46.4000000000005,13.099999999999813
46.4000000000005,13.119999999999813
46.4000000000005,13.139999999999812
46.4000000000005,13.159999999999812
46.4000000000005,13.179999999999811
46.4000000000005,13.199999999999811
46.4000000000005,13.21999999999981
46.4000000000005,13.23999999999981
46.4000000000005,13.25999999999981
46.4000000000005,13.27999999999981
46.4000000000005,13.299999999999809
46.4000000000005,13.319999999999808
46.4000000000005,13.339999999999808
46.4000000000005,13.359999999999808
46.4000000000005,13.379999999999807
46.4000000000005,13.399999999999807
46.4000000000005,13.419999999999806
46.4000000000005,13.439999999999806
46.4000000000005,13.459999999999805
46.4000000000005,13.479999999999805
46.4000000000005,13.499999999999805
46.4000000000005,13.519999999999804
46.4000000000005,13.539999999999804
46.4000000000005,13.559999999999803
46.4000000000005,13.579999999999803
46.4000000000005,13.599999999999802
46.4000000000005,13.619999999999802
46.4000000000005,13.639999999999802
46.4000000000005,13.659999999999801
46.4000000000005,13.6799999999998
46.4000000000005,13.6999999999998
46.4000000000005,13.7199999999998
46.4000000000005,13.7399999999998
46.4000000000005,13.759999999999799
46.4000000000005,13.779999999999799
46.4000000000005,13.799999999999798
46.4000000000005,13.819999999999798
46.4000000000005,13.839999999999797
46.4000000000005,13.859999999999797
46.4000000000005,13.879999999999797
46.4000000000005,13.899999999999796
46.4000000000005,13.919999999999796
46.4000000000005,13.939999999999795
46.4000000000005,13.959999999999795
46.4000000000005,13.979999999999794
46.4000000000005,13.999999999999794
46.4000000000005,14.019999999999794
46.4000000000005,14.039999999999793
46.4000000000005,14.059999999999793
46.4000000000005,14.079999999999792
46.4000000000005,14.099999999999792
46.4000000000005,14.119999999999791
46.4000000000005,14.139999999999791
46.4000000000005,14.15999999999979
46.4000000000005,14.17999999999979
46.4000000000005,14.19999999999979
46.4000000000005,14.21999999999979
46.4000000000005,14.239999999999789
46.4000000000005,14.259999999999788
46.4000000000005,14.279999999999788
46.4000000000005,14.299999999999788
46.4000000000005,14.319999999999787
46.4000000000005,14.339999999999787
46.4000000000005,14.359999999999786
46.4000000000005,14.379999999999786
46.4000000000005,14.399999999999785
46.4000000000005,14.419999999999785
46.4000000000005,14.439999999999785
46.4000000000005,14.459999999999784
46.4000000000005,14.479999999999784
46.4000000000005,14.499999999999783
46.4000000000005,14.519999999999783
46.4000000000005,14.539999999999782
46.4000000000005,14.559999999999782
46.4000000000005,14.579999999999782
46.4000000000005,14.599999999999781
46.4000000000005,14.61999999999978
46.4000000000005,14.63999999999978
46.4000000000005,14.65999999999978
46.4000000000005,14.67999999999978
46.4000000000005,14.699999999999779
46.4000000000005,14.719999999999779
46.4000000000005,14.739999999999778
46.4000000000005,14.759999999999778
46.4000000000005,14.779999999999777
46.4000000000005,14.799999999999777
46.4000000000005,14.819999999999776
46.4000000000005,14.839999999999776
46.4000000000005,14.859999999999776
46.4000000000005,14.879999999999775
46.4000000000005,14.899999999999775
46.4000000000005,14.919999999999774
46.4000000000005,14.939999999999774
46.4000000000005,14.959999999999773
46.4000000000005,14.979999999999773
46.4000000000005,14.999999999999773
46.4000000000005,15.019999999999772
46.4000000000005,15.039999999999772
46.4000000000005,15.059999999999771
46.4000000000005,15.079999999999771
46.4000000000005,15.09999999999977
46.4000000000005,15.11999999999977
46.4000000000005,15.13999999999977
46.4000000000005,15.15999999999977
46.4000000000005,15.179999999999769
46.4000000000005,15.199999999999768
46.4000000000005,15.219999999999768
46.4000000000005,15.239999999999768
46.4000000000005,15.259999999999767
46.4000000000005,15.279999999999767
46.4000000000005,15.299999999999766
46.4000000000005,15.319999999999766
46.4000000000005,15.339999999999765
46.4000000000005,15.359999999999765
46.4000000000005,15.379999999999765
46.4000000000005,15.399999999999764
46.4000000000005,15.419999999999764
46.4000000000005,15.439999999999763
46.4000000000005,15.459999999999763
46.4000000000005,15.479999999999762
46.4000000000005,15.499999999999762
46.4000000000005,15.519999999999762
46.4000000000005,15.539999999999761
46.4000000000005,15.55999999999976
46.4000000000005,15.57999999999976
46.4000000000005,15.59999999999976
46.4000000000005,15.61999999999976
46.4000000000005,15.639999999999759
46.4000000000005,15.659999999999759
46.4000000000005,15.679999999999758
46.4000000000005,15.699999999999758
46.4000000000005,15.719999999999757
46.4000000000005,15.739999999999757
46.4000000000005,15.759999999999756
46.4000000000005,15.779999999999756
46.4000000000005,15.799999999999756
46.4000000000005,15.819999999999755
46.4000000000005,15.839999999999755
46.4000000000005,15.859999999999754
46.4000000000005,15.879999999999754
46.4000000000005,15.899999999999753
46.4000000000005,15.919999999999753
46.4000000000005,15.939999999999753
46.4000000000005,15.959999999999752
46.4000000000005,15.979999999999752
46.4000000000005,15.999999999999751
46.4000000000005,16.01999999999975
46.4000000000005,16.03999999999975
46.4000000000005,16.05999999999975
46.4000000000005,16.07999999999975
46.4000000000005,16.09999999999975
46.4000000000005,16.11999999999975
46.4000000000005,16.13999999999975
46.4000000000005,16.159999999999748
46.4000000000005,16.179999999999747
46.4000000000005,16.199999999999747
46.4000000000005,16.219999999999747
46.4000000000005,16.239999999999746
46.4000000000005,16.259999999999746
46.4000000000005,16.279999999999745
46.4000000000005,16.299999999999745
46.4000000000005,16.319999999999744
46.4000000000005,16.339999999999744
46.4000000000005,16.359999999999744
46.4000000000005,16.379999999999743
46.4000000000005,16.399999999999743
46.4000000000005,16.419999999999742
46.4000000000005,16.439999999999742
46.4000000000005,16.45999999999974
46.4000000000005,16.47999999999974
46.4000000000005,16.49999999999974
46.4000000000005,16.51999999999974
46.4000000000005,16.53999999999974
46.4000000000005,16.55999999999974
46.4000000000005,16.57999999999974
46.4000000000005,16.59999999999974
46.4000000000005,16.619999999999738
46.4000000000005,16.639999999999738
46.4000000000005,16.659999999999737
46.4000000000005,16.679999999999737
46.4000000000005,16.699999999999736
46.4000000000005,16.719999999999736
46.4000000000005,16.739999999999736
46.420000000000506,12.979999999999816
46.420000000000506,12.999999999999815
46.420000000000506,13.019999999999815
46.420000000000506,13.039999999999814
46.420000000000506,13.059999999999814
46.420000000000506,13.079999999999814
46.420000000000506,13.099999999999813
46.420000000000506,13.119999999999813
46.420000000000506,13.139999999999812
46.420000000000506,13.159999999999812
46.420000000000506,13.179999999999811
46.420000000000506,13.199999999999811
46.420000000000506,13.21999999999981
46.420000000000506,13.23999999999981
46.420000000000506,13.25999999999981
46.420000000000506,13.27999999999981
46.420000000000506,13.299999999999809
46.420000000000506,13.319999999999808
46.420000000000506,13.339999999999808
46.420000000000506,13.359999999999808
46.420000000000506,13.379999999999807
46.420000000000506,13.399999999999807
46.420000000000506,13.419999999999806
46.420000000000506,13.439999999999806
46.420000000000506,13.459999999999805
46.420000000000506,13.479999999999805
46.420000000000506,13.499999999999805
46.420000000000506,13.519999999999804
46.420000000000506,13.539999999999804
46.420000000000506,13.559999999999803
46.420000000000506,13.579999999999803
46.420000000000506,13.599999999999802
46.420000000000506,13.619999999999802
46.420000000000506,13.639999999999802
46.420000000000506,13.659999999999801
46.420000000000506,13.6799999999998
46.420000000000506,13.6999999999998
46.420000000000506,13.7199999999998
46.420000000000506,13.7399999999998
46.420000000000506,13.759999999999799
46.420000000000506,13.779999999999799
46.420000000000506,13.799999999999798
46.420000000000506,13.819999999999798
46.420000000000506,13.839999999999797
46.420000000000506,13.859999999999797
46.420000000000506,13.879999999999797
46.420000000000506,13.899999999999796
46.420000000000506,13.919999999999796
46.420000000000506,13.939999999999795
46.420000000000506,13.959999999999795
46.420000000000506,13.979999999999794
46.420000000000506,13.999999999999794
46.420000000000506,14.019999999999794
46.420000000000506,14.039999999999793
46.420000000000506,14.059999999999793
46.420000000000506,14.079999999999792
46.420000000000506,14.099999999999792
46.420000000000506,14.119999999999791
46.420000000000506,14.139999999999791
46.420000000000506,14.15999999999979
46.420000000000506,14.17999999999979
46.420000000000506,14.19999999999979
46.420000000000506,14.21999999999979
46.420000000000506,14.239999999999789
46.420000000000506,14.259999999999788
46.420000000000506,14.279999999999788
46.420000000000506,14.299999999999788
46.420000000000506,14.319999999999787
46.420000000000506,14.339999999999787
46.420000000000506,14.359999999999786
46.420000000000506,14.379999999999786
46.420000000000506,14.399999999999785
46.420000000000506,14.419999999999785
46.420000000000506,14.439999999999785
46.420000000000506,14.459999999999784
46.420000000000506,14.479999999999784
46.420000000000506,14.499999999999783
46.420000000000506,14.519999999999783
46.420000000000506,14.539999999999782
46.420000000000506,14.559999999999782
46.420000000000506,14.579999999999782
46.420000000000506,14.599999999999781
46.420000000000506,14.61999999999978
46.420000000000506,14.63999999999978
46.420000000000506,14.65999999999978
46.420000000000506,14.67999999999978
46.420000000000506,14.699999999999779
46.420000000000506,14.719999999999779
46.420000000000506,14.739999999999778
46.420000000000506,14.759999999999778
46.420000000000506,14.779999999999777
46.420000000000506,14.799999999999777
46.420000000000506,14.819999999999776
46.420000000000506,14.839999999999776
46.420000000000506,14.859999999999776
46.420000000000506,14.879999999999775
46.420000000000506,14.899999999999775
46.420000000000506,14.919999999999774
46.420000000000506,14.939999999999774
46.420000000000506,14.959999999999773
46.420000000000506,14.979999999999773
46.420000000000506,14.999999999999773
46.420000000000506,15.019999999999772
46.420000000000506,15.039999999999772
46.420000000000506,15.059999999999771
46.420000000000506,15.079999999999771
46.420000000000506,15.09999999999977
46.420000000000506,15.11999999999977
46.420000000000506,15.13999999999977
46.420000000000506,15.15999999999977
46.420000000000506,15.179999999999769
46.420000000000506,15.199999999999768
46.420000000000506,15.219999999999768
46.420000000000506,15.239999999999768
46.420000000000506,15.259999999999767
46.420000000000506,15.279999999999767
46.420000000000506,15.299999999999766
46.420000000000506,15.319999999999766
46.420000000000506,15.339999999999765
46.420000000000506,15.359999999999765
46.420000000000506,15.379999999999765
46.420000000000506,15.399999999999764
46.420000000000506,15.419999999999764
46.420000000000506,15.439999999999763
46.420000000000506,15.459999999999763
46.420000000000506,15.479999999999762
46.420000000000506,15.499999999999762
46.420000000000506,15.519999999999762
46.420000000000506,15.539999999999761
46.420000000000506,15.55999999999976
46.420000000000506,15.57999999999976
46.420000000000506,15.59999999999976
46.420000000000506,15.61999999999976
46.420000000000506,15.639999999999759
46.420000000000506,15.659999999999759
46.420000000000506,15.679999999999758
46.420000000000506,15.699999999999758
46.420000000000506,15.719999999999757
46.420000000000506,15.739999999999757
46.420000000000506,15.759999999999756
46.420000000000506,15.779999999999756
46.420000000000506,15.799999999999756
46.420000000000506,15.819999999999755
46.420000000000506,15.839999999999755
46.420000000000506,15.859999999999754
46.420000000000506,15.879999999999754
46.420000000000506,15.899999999999753
46.420000000000506,15.919999999999753
46.420000000000506,15.939999999999753
46.420000000000506,15.959999999999752
46.420000000000506,15.979999999999752
46.420000000000506,15.999999999999751
46.420000000000506,16.01999999999975
46.420000000000506,16.03999999999975
46.420000000000506,16.05999999999975
46.420000000000506,16.07999999999975
46.420000000000506,16.09999999999975
46.420000000000506,16.11999999999975
46.420000000000506,16.13999999999975
46.420000000000506,16.159999999999748
46.420000000000506,16.179999999999747
46.420000000000506,16.199999999999747
46.420000000000506,16.219999999999747
46.420000000000506,16.239999999999746
46.420000000000506,16.259999999999746
46.420000000000506,16.279999999999745
46.420000000000506,16.299999999999745
46.420000000000506,16.319999999999744
46.420000000000506,16.339999999999744
46.420000000000506,16.359999999999744
46.420000000000506,16.379999999999743
46.420000000000506,16.399999999999743
46.420000000000506,16.419999999999742
46.420000000000506,16.439999999999742
46.420000000000506,16.45999999999974
46.420000000000506,16.47999999999974
46.420000000000506,16.49999999999974
46.420000000000506,16.51999999999974
46.420000000000506,16.53999999999974
46.420000000000506,16.55999999999974
46.420000000000506,16.57999999999974
46.420000000000506,16.59999999999974
46.420000000000506,16.619999999999738
46.420000000000506,16.639999999999738
46.420000000000506,16.659999999999737
46.420000000000506,16.679999999999737
46.420000000000506,16.699999999999736
46.420000000000506,16.719999999999736
46.420000000000506,16.739999999999736
46.44000000000051,12.979999999999816
46.44000000000051,12.999999999999815
46.44000000000051,13.019999999999815
46.44000000000051,13.039999999999814
46.44000000000051,13.059999999999814
46.44000000000051,13.079999999999814
46.44000000000051,13.099999999999813
46.44000000000051,13.119999999999813
46.44000000000051,13.139999999999812
46.44000000000051,13.159999999999812
46.44000000000051,13.179999999999811
46.44000000000051,13.199999999999811
46.44000000000051,13.21999999999981
46.44000000000051,13.23999999999981
46.44000000000051,13.25999999999981
46.44000000000051,13.27999999999981
46.44000000000051,13.299999999999809
46.44000000000051,13.319999999999808
46.44000000000051,13.339999999999808
46.44000000000051,13.359999999999808
46.44000000000051,13.379999999999807
46.44000000000051,13.399999999999807
46.44000000000051,13.419999999999806
46.44000000000051,13.439999999999806
46.44000000000051,13.459999999999805
46.44000000000051,13.479999999999805
46.44000000000051,13.499999999999805
46.44000000000051,13.519999999999804
46.44000000000051,13.539999999999804
46.44000000000051,13.559999999999803
46.44000000000051,13.579999999999803
46.44000000000051,13.599999999999802
46.44000000000051,13.619999999999802
46.44000000000051,13.639999999999802
46.44000000000051,13.659999999999801
46.44000000000051,13.6799999999998
46.44000000000051,13.6999999999998
46.44000000000051,13.7199999999998
46.44000000000051,13.7399999999998
46.44000000000051,13.759999999999799
46.44000000000051,13.779999999999799
46.44000000000051,13.799999999999798
46.44000000000051,13.819999999999798
46.44000000000051,13.839999999999797
46.44000000000051,13.859999999999797
46.44000000000051,13.879999999999797
46.44000000000051,13.899999999999796
46.44000000000051,13.919999999999796
46.44000000000051,13.939999999999795
46.44000000000051,13.959999999999795
46.44000000000051,13.979999999999794
46.44000000000051,13.999999999999794
46.44000000000051,14.019999999999794
46.44000000000051,14.039999999999793
46.44000000000051,14.059999999999793
46.44000000000051,14.079999999999792
46.44000000000051,14.099999999999792
46.44000000000051,14.119999999999791
46.44000000000051,14.139999999999791
46.44000000000051,14.15999999999979
46.44000000000051,14.17999999999979
46.44000000000051,14.19999999999979
46.44000000000051,14.21999999999979
46.44000000000051,14.239999999999789
46.44000000000051,14.259999999999788
46.44000000000051,14.279999999999788
46.44000000000051,14.299999999999788
46.44000000000051,14.319999999999787
46.44000000000051,14.339999999999787
46.44000000000051,14.359999999999786
46.44000000000051,14.379999999999786
46.44000000000051,14.399999999999785
46.44000000000051,14.419999999999785
46.44000000000051,14.439999999999785
46.44000000000051,14.459999999999784
46.44000000000051,14.479999999999784
46.44000000000051,14.499999999999783
46.44000000000051,14.519999999999783
46.44000000000051,14.539999999999782
46.44000000000051,14.559999999999782
46.44000000000051,14.579999999999782
46.44000000000051,14.599999999999781
46.44000000000051,14.61999999999978
46.44000000000051,14.63999999999978
46.44000000000051,14.65999999999978
46.44000000000051,14.67999999999978
46.44000000000051,14.699999999999779
46.44000000000051,14.719999999999779
46.44000000000051,14.739999999999778
46.44000000000051,14.759999999999778
46.44000000000051,14.779999999999777
46.44000000000051,14.799999999999777
46.44000000000051,14.819999999999776
46.44000000000051,14.839999999999776
46.44000000000051,14.859999999999776
46.44000000000051,14.879999999999775
46.44000000000051,14.899999999999775
46.44000000000051,14.919999999999774
46.44000000000051,14.939999999999774
46.44000000000051,14.959999999999773
46.44000000000051,14.979999999999773
46.44000000000051,14.999999999999773
46.44000000000051,15.019999999999772
46.44000000000051,15.039999999999772
46.44000000000051,15.059999999999771
46.44000000000051,15.079999999999771
46.44000000000051,15.09999999999977
46.44000000000051,15.11999999999977
46.44000000000051,15.13999999999977
46.44000000000051,15.15999999999977
46.44000000000051,15.179999999999769
46.44000000000051,15.199999999999768
46.44000000000051,15.219999999999768
46.44000000000051,15.239999999999768
46.44000000000051,15.259999999999767
46.44000000000051,15.279999999999767
46.44000000000051,15.299999999999766
46.44000000000051,15.319999999999766
46.44000000000051,15.339999999999765
46.44000000000051,15.359999999999765
46.44000000000051,15.379999999999765
46.44000000000051,15.399999999999764
46.44000000000051,15.419999999999764
46.44000000000051,15.439999999999763
46.44000000000051,15.459999999999763
46.44000000000051,15.479999999999762
46.44000000000051,15.499999999999762
46.44000000000051,15.519999999999762
46.44000000000051,15.539999999999761
46.44000000000051,15.55999999999976
46.44000000000051,15.57999999999976
46.44000000000051,15.59999999999976
46.44000000000051,15.61999999999976
46.44000000000051,15.639999999999759
46.44000000000051,15.659999999999759
46.44000000000051,15.679999999999758
46.44000000000051,15.699999999999758
46.44000000000051,15.719999999999757
46.44000000000051,15.739999999999757
46.44000000000051,15.759999999999756
46.44000000000051,15.779999999999756
46.44000000000051,15.799999999999756
46.44000000000051,15.819999999999755
46.44000000000051,15.839999999999755
46.44000000000051,15.859999999999754
46.44000000000051,15.879999999999754
46.44000000000051,15.899999999999753
46.44000000000051,15.919999999999753
46.44000000000051,15.939999999999753
46.44000000000051,15.959999999999752
46.44000000000051,15.979999999999752
46.44000000000051,15.999999999999751
46.44000000000051,16.01999999999975
46.44000000000051,16.03999999999975
46.44000000000051,16.05999999999975
46.44000000000051,16.07999999999975
46.44000000000051,16.09999999999975
46.44000000000051,16.11999999999975
46.44000000000051,16.13999999999975
46.44000000000051,16.159999999999748
46.44000000000051,16.179999999999747
46.44000000000051,16.199999999999747
46.44000000000051,16.219999999999747
46.44000000000051,16.239999999999746
46.44000000000051,16.259999999999746
46.44000000000051,16.279999999999745
46.44000000000051,16.299999999999745
46.44000000000051,16.319999999999744
46.44000000000051,16.339999999999744
46.44000000000051,16.359999999999744
46.44000000000051,16.379999999999743
46.44000000000051,16.399999999999743
46.44000000000051,16.419999999999742
46.44000000000051,16.439999999999742
46.44000000000051,16.45999999999974
46.44000000000051,16.47999999999974
46.44000000000051,16.49999999999974
46.44000000000051,16.51999999999974
46.44000000000051,16.53999999999974
46.44000000000051,16.55999999999974
46.44000000000051,16.57999999999974
46.44000000000051,16.59999999999974
46.44000000000051,16.619999999999738
46.44000000000051,16.639999999999738
46.44000000000051,16.659999999999737
46.44000000000051,16.679999999999737
46.44000000000051,16.699999999999736
46.44000000000051,16.719999999999736
46.44000000000051,16.739999999999736
46.46000000000051,12.979999999999816
46.46000000000051,12.999999999999815
46.46000000000051,13.019999999999815
46.46000000000051,13.039999999999814
46.46000000000051,13.059999999999814
46.46000000000051,13.079999999999814
46.46000000000051,13.099999999999813
46.46000000000051,13.119999999999813
46.46000000000051,13.139999999999812
46.46000000000051,13.159999999999812
46.46000000000051,13.179999999999811
46.46000000000051,13.199999999999811
46.46000000000051,13.21999999999981
46.46000000000051,13.23999999999981
46.46000000000051,13.25999999999981
46.46000000000051,13.27999999999981
46.46000000000051,13.299999999999809
46.46000000000051,13.319999999999808
46.46000000000051,13.339999999999808
46.46000000000051,13.359999999999808
46.46000000000051,13.379999999999807
46.46000000000051,13.399999999999807
46.46000000000051,13.419999999999806
46.46000000000051,13.439999999999806
46.46000000000051,13.459999999999805
46.46000000000051,13.479999999999805
46.46000000000051,13.499999999999805
46.46000000000051,13.519999999999804
46.46000000000051,13.539999999999804
46.46000000000051,13.559999999999803
46.46000000000051,13.579999999999803
46.46000000000051,13.599999999999802
46.46000000000051,13.619999999999802
46.46000000000051,13.639999999999802
46.46000000000051,13.659999999999801
46.46000000000051,13.6799999999998
46.46000000000051,13.6999999999998
46.46000000000051,13.7199999999998
46.46000000000051,13.7399999999998
46.46000000000051,13.759999999999799
46.46000000000051,13.779999999999799
46.46000000000051,13.799999999999798
46.46000000000051,13.819999999999798
46.46000000000051,13.839999999999797
46.46000000000051,13.859999999999797
46.46000000000051,13.879999999999797
46.46000000000051,13.899999999999796
46.46000000000051,13.919999999999796
46.46000000000051,13.939999999999795
46.46000000000051,13.959999999999795
46.46000000000051,13.979999999999794
46.46000000000051,13.999999999999794
46.46000000000051,14.019999999999794
46.46000000000051,14.039999999999793
46.46000000000051,14.059999999999793
46.46000000000051,14.079999999999792
46.46000000000051,14.099999999999792
46.46000000000051,14.119999999999791
46.46000000000051,14.139999999999791
46.46000000000051,14.15999999999979
46.46000000000051,14.17999999999979
46.46000000000051,14.19999999999979
46.46000000000051,14.21999999999979
46.46000000000051,14.239999999999789
46.46000000000051,14.259999999999788
46.46000000000051,14.279999999999788
46.46000000000051,14.299999999999788
46.46000000000051,14.319999999999787
46.46000000000051,14.339999999999787
46.46000000000051,14.359999999999786
46.46000000000051,14.379999999999786
46.46000000000051,14.399999999999785
46.46000000000051,14.419999999999785
46.46000000000051,14.439999999999785
46.46000000000051,14.459999999999784
46.46000000000051,14.479999999999784
46.46000000000051,14.499999999999783
46.46000000000051,14.519999999999783
46.46000000000051,14.539999999999782
46.46000000000051,14.559999999999782
46.46000000000051,14.579999999999782
46.46000000000051,14.599999999999781
46.46000000000051,14.61999999999978
46.46000000000051,14.63999999999978
46.46000000000051,14.65999999999978
46.46000000000051,14.67999999999978
46.46000000000051,14.699999999999779
46.46000000000051,14.719999999999779
46.46000000000051,14.739999999999778
46.46000000000051,14.759999999999778
46.46000000000051,14.779999999999777
46.46000000000051,14.799999999999777
46.46000000000051,14.819999999999776
46.46000000000051,14.839999999999776
46.46000000000051,14.859999999999776
46.46000000000051,14.879999999999775
46.46000000000051,14.899999999999775
46.46000000000051,14.919999999999774
46.46000000000051,14.939999999999774
46.46000000000051,14.959999999999773
46.46000000000051,14.979999999999773
46.46000000000051,14.999999999999773
46.46000000000051,15.019999999999772
46.46000000000051,15.039999999999772
46.46000000000051,15.059999999999771
46.46000000000051,15.079999999999771
46.46000000000051,15.09999999999977
46.46000000000051,15.11999999999977
46.46000000000051,15.13999999999977
46.46000000000051,15.15999999999977
46.46000000000051,15.179999999999769
46.46000000000051,15.199999999999768
46.46000000000051,15.219999999999768
46.46000000000051,15.239999999999768
46.46000000000051,15.259999999999767
46.46000000000051,15.279999999999767
46.46000000000051,15.299999999999766
46.46000000000051,15.319999999999766
46.46000000000051,15.339999999999765
46.46000000000051,15.359999999999765
46.46000000000051,15.379999999999765
46.46000000000051,15.399999999999764
46.46000000000051,15.419999999999764
46.46000000000051,15.439999999999763
46.46000000000051,15.459999999999763
46.46000000000051,15.479999999999762
46.46000000000051,15.499999999999762
46.46000000000051,15.519999999999762
46.46000000000051,15.539999999999761
46.46000000000051,15.55999999999976
46.46000000000051,15.57999999999976
46.46000000000051,15.59999999999976
46.46000000000051,15.61999999999976
46.46000000000051,15.639999999999759
46.46000000000051,15.659999999999759
46.46000000000051,15.679999999999758
46.46000000000051,15.699999999999758
46.46000000000051,15.719999999999757
46.46000000000051,15.739999999999757
46.46000000000051,15.759999999999756
46.46000000000051,15.779999999999756
46.46000000000051,15.799999999999756
46.46000000000051,15.819999999999755
46.46000000000051,15.839999999999755
46.46000000000051,15.859999999999754
46.46000000000051,15.879999999999754
46.46000000000051,15.899999999999753
46.46000000000051,15.919999999999753
46.46000000000051,15.939999999999753
46.46000000000051,15.959999999999752
46.46000000000051,15.979999999999752
46.46000000000051,15.999999999999751
46.46000000000051,16.01999999999975
46.46000000000051,16.03999999999975
46.46000000000051,16.05999999999975
46.46000000000051,16.07999999999975
46.46000000000051,16.09999999999975
46.46000000000051,16.11999999999975
46.46000000000051,16.13999999999975
46.46000000000051,16.159999999999748
46.46000000000051,16.179999999999747
46.46000000000051,16.199999999999747
46.46000000000051,16.219999999999747
46.46000000000051,16.239999999999746
46.46000000000051,16.259999999999746
46.46000000000051,16.279999999999745
46.46000000000051,16.299999999999745
46.46000000000051,16.319999999999744
46.46000000000051,16.339999999999744
46.46000000000051,16.359999999999744
46.46000000000051,16.379999999999743
46.46000000000051,16.399999999999743
46.46000000000051,16.419999999999742
46.46000000000051,16.439999999999742
46.46000000000051,16.45999999999974
46.46000000000051,16.47999999999974
46.46000000000051,16.49999999999974
46.46000000000051,16.51999999999974
46.46000000000051,16.53999999999974
46.46000000000051,16.55999999999974
46.46000000000051,16.57999999999974
46.46000000000051,16.59999999999974
46.46000000000051,16.619999999999738
46.46000000000051,16.639999999999738
46.46000000000051,16.659999999999737
46.46000000000051,16.679999999999737
46.46000000000051,16.699999999999736
46.46000000000051,16.719999999999736
46.46000000000051,16.739999999999736
46.480000000000516,12.979999999999816
46.480000000000516,12.999999999999815
46.480000000000516,13.019999999999815
46.480000000000516,13.039999999999814
46.480000000000516,13.059999999999814
46.480000000000516,13.079999999999814
46.480000000000516,13.099999999999813
46.480000000000516,13.119999999999813
46.480000000000516,13.139999999999812
46.480000000000516,13.159999999999812
46.480000000000516,13.179999999999811
46.480000000000516,13.199999999999811
46.480000000000516,13.21999999999981
46.480000000000516,13.23999999999981
46.480000000000516,13.25999999999981
46.480000000000516,13.27999999999981
46.480000000000516,13.299999999999809
46.480000000000516,13.319999999999808
46.480000000000516,13.339999999999808
46.480000000000516,13.359999999999808
46.480000000000516,13.379999999999807
46.480000000000516,13.399999999999807
46.480000000000516,13.419999999999806
46.480000000000516,13.439999999999806
46.480000000000516,13.459999999999805
46.480000000000516,13.479999999999805
46.480000000000516,13.499999999999805
46.480000000000516,13.519999999999804
46.480000000000516,13.539999999999804
46.480000000000516,13.559999999999803
46.480000000000516,13.579999999999803
46.480000000000516,13.599999999999802
46.480000000000516,13.619999999999802
46.480000000000516,13.639999999999802
46.480000000000516,13.659999999999801
46.480000000000516,13.6799999999998
46.480000000000516,13.6999999999998
46.480000000000516,13.7199999999998
46.480000000000516,13.7399999999998
46.480000000000516,13.759999999999799
46.480000000000516,13.779999999999799
46.480000000000516,13.799999999999798
46.480000000000516,13.819999999999798
46.480000000000516,13.839999999999797
46.480000000000516,13.859999999999797
46.480000000000516,13.879999999999797
46.480000000000516,13.899999999999796
46.480000000000516,13.919999999999796
46.480000000000516,13.939999999999795
46.480000000000516,13.959999999999795
46.480000000000516,13.979999999999794
46.480000000000516,13.999999999999794
46.480000000000516,14.019999999999794
46.480000000000516,14.039999999999793
46.480000000000516,14.059999999999793
46.480000000000516,14.079999999999792
46.480000000000516,14.099999999999792
46.480000000000516,14.119999999999791
46.480000000000516,14.139999999999791
46.480000000000516,14.15999999999979
46.480000000000516,14.17999999999979
46.480000000000516,14.19999999999979
46.480000000000516,14.21999999999979
46.480000000000516,14.239999999999789
46.480000000000516,14.259999999999788
46.480000000000516,14.279999999999788
46.480000000000516,14.299999999999788
46.480000000000516,14.319999999999787
46.480000000000516,14.339999999999787
46.480000000000516,14.359999999999786
46.480000000000516,14.379999999999786
46.480000000000516,14.399999999999785
46.480000000000516,14.419999999999785
46.480000000000516,14.439999999999785
46.480000000000516,14.459999999999784
46.480000000000516,14.479999999999784
46.480000000000516,14.499999999999783
46.480000000000516,14.519999999999783
46.480000000000516,14.539999999999782
46.480000000000516,14.559999999999782
46.480000000000516,14.579999999999782
46.480000000000516,14.599999999999781
46.480000000000516,14.61999999999978
46.480000000000516,14.63999999999978
46.480000000000516,14.65999999999978
46.480000000000516,14.67999999999978
46.480000000000516,14.699999999999779
46.480000000000516,14.719999999999779
46.480000000000516,14.739999999999778
46.480000000000516,14.759999999999778
46.480000000000516,14.779999999999777
46.480000000000516,14.799999999999777
46.480000000000516,14.819999999999776
46.480000000000516,14.839999999999776
46.480000000000516,14.859999999999776
46.480000000000516,14.879999999999775
46.480000000000516,14.899999999999775
46.480000000000516,14.919999999999774
46.480000000000516,14.939999999999774
46.480000000000516,14.959999999999773
46.480000000000516,14.979999999999773
46.480000000000516,14.999999999999773
46.480000000000516,15.019999999999772
46.480000000000516,15.039999999999772
46.480000000000516,15.059999999999771
46.480000000000516,15.079999999999771
46.480000000000516,15.09999999999977
46.480000000000516,15.11999999999977
46.480000000000516,15.13999999999977
46.480000000000516,15.15999999999977
46.480000000000516,15.179999999999769
46.480000000000516,15.199999999999768
46.480000000000516,15.219999999999768
46.480000000000516,15.239999999999768
46.480000000000516,15.259999999999767
46.480000000000516,15.279999999999767
46.480000000000516,15.299999999999766
46.480000000000516,15.319999999999766
46.480000000000516,15.339999999999765
46.480000000000516,15.359999999999765
46.480000000000516,15.379999999999765
46.480000000000516,15.399999999999764
46.480000000000516,15.419999999999764
46.480000000000516,15.439999999999763
46.480000000000516,15.459999999999763
46.480000000000516,15.479999999999762
46.480000000000516,15.499999999999762
46.480000000000516,15.519999999999762
46.480000000000516,15.539999999999761
46.480000000000516,15.55999999999976
46.480000000000516,15.57999999999976
46.480000000000516,15.59999999999976
46.480000000000516,15.61999999999976
46.480000000000516,15.639999999999759
46.480000000000516,15.659999999999759
46.480000000000516,15.679999999999758
46.480000000000516,15.699999999999758
46.480000000000516,15.719999999999757
46.480000000000516,15.739999999999757
46.480000000000516,15.759999999999756
46.480000000000516,15.779999999999756
46.480000000000516,15.799999999999756
46.480000000000516,15.819999999999755
46.480000000000516,15.839999999999755
46.480000000000516,15.859999999999754
46.480000000000516,15.879999999999754
46.480000000000516,15.899999999999753
46.480000000000516,15.919999999999753
46.480000000000516,15.939999999999753
46.480000000000516,15.959999999999752
46.480000000000516,15.979999999999752
46.480000000000516,15.999999999999751
46.480000000000516,16.01999999999975
46.480000000000516,16.03999999999975
46.480000000000516,16.05999999999975
46.480000000000516,16.07999999999975
46.480000000000516,16.09999999999975
46.480000000000516,16.11999999999975
46.480000000000516,16.13999999999975
46.480000000000516,16.159999999999748
46.480000000000516,16.179999999999747
46.480000000000516,16.199999999999747
46.480000000000516,16.219999999999747
46.480000000000516,16.239999999999746
46.480000000000516,16.259999999999746
46.480000000000516,16.279999999999745
46.480000000000516,16.299999999999745
46.480000000000516,16.319999999999744
46.480000000000516,16.339999999999744
46.480000000000516,16.359999999999744
46.480000000000516,16.379999999999743
46.480000000000516,16.399999999999743
46.480000000000516,16.419999999999742
46.480000000000516,16.439999999999742
46.480000000000516,16.45999999999974
46.480000000000516,16.47999999999974
46.480000000000516,16.49999999999974
46.480000000000516,16.51999999999974
46.480000000000516,16.53999999999974
46.480000000000516,16.55999999999974
46.480000000000516,16.57999999999974
46.480000000000516,16.59999999999974
46.480000000000516,16.619999999999738
46.480000000000516,16.639999999999738
46.480000000000516,16.659999999999737
46.480000000000516,16.679999999999737
46.480000000000516,16.699999999999736
46.480000000000516,16.719999999999736
46.480000000000516,16.739999999999736
46.50000000000052,12.979999999999816
46.50000000000052,12.999999999999815
46.50000000000052,13.019999999999815
46.50000000000052,13.039999999999814
46.50000000000052,13.059999999999814
46.50000000000052,13.079999999999814
46.50000000000052,13.099999999999813
46.50000000000052,13.119999999999813
46.50000000000052,13.139999999999812
46.50000000000052,13.159999999999812
46.50000000000052,13.179999999999811
46.50000000000052,13.199999999999811
46.50000000000052,13.21999999999981
46.50000000000052,13.23999999999981
46.50000000000052,13.25999999999981
46.50000000000052,13.27999999999981
46.50000000000052,13.299999999999809
46.50000000000052,13.319999999999808
46.50000000000052,13.339999999999808
46.50000000000052,13.359999999999808
46.50000000000052,13.379999999999807
46.50000000000052,13.399999999999807
46.50000000000052,13.419999999999806
46.50000000000052,13.439999999999806
46.50000000000052,13.459999999999805
46.50000000000052,13.479999999999805
46.50000000000052,13.499999999999805
46.50000000000052,13.519999999999804
46.50000000000052,13.539999999999804
46.50000000000052,13.559999999999803
46.50000000000052,13.579999999999803
46.50000000000052,13.599999999999802
46.50000000000052,13.619999999999802
46.50000000000052,13.639999999999802
46.50000000000052,13.659999999999801
46.50000000000052,13.6799999999998
46.50000000000052,13.6999999999998
46.50000000000052,13.7199999999998
46.50000000000052,13.7399999999998
46.50000000000052,13.759999999999799
46.50000000000052,13.779999999999799
46.50000000000052,13.799999999999798
46.50000000000052,13.819999999999798
46.50000000000052,13.839999999999797
46.50000000000052,13.859999999999797
46.50000000000052,13.879999999999797
46.50000000000052,13.899999999999796
46.50000000000052,13.919999999999796
46.50000000000052,13.939999999999795
46.50000000000052,13.959999999999795
46.50000000000052,13.979999999999794
46.50000000000052,13.999999999999794
46.50000000000052,14.019999999999794
46.50000000000052,14.039999999999793
46.50000000000052,14.059999999999793
46.50000000000052,14.079999999999792
46.50000000000052,14.099999999999792
46.50000000000052,14.119999999999791
46.50000000000052,14.139999999999791
46.50000000000052,14.15999999999979
46.50000000000052,14.17999999999979
46.50000000000052,14.19999999999979
46.50000000000052,14.21999999999979
46.50000000000052,14.239999999999789
46.50000000000052,14.259999999999788
46.50000000000052,14.279999999999788
46.50000000000052,14.299999999999788
46.50000000000052,14.319999999999787
46.50000000000052,14.339999999999787
46.50000000000052,14.359999999999786
46.50000000000052,14.379999999999786
46.50000000000052,14.399999999999785
46.50000000000052,14.419999999999785
46.50000000000052,14.439999999999785
46.50000000000052,14.459999999999784
46.50000000000052,14.479999999999784
46.50000000000052,14.499999999999783
46.50000000000052,14.519999999999783
46.50000000000052,14.539999999999782
46.50000000000052,14.559999999999782
46.50000000000052,14.579999999999782
46.50000000000052,14.599999999999781
46.50000000000052,14.61999999999978
46.50000000000052,14.63999999999978
46.50000000000052,14.65999999999978
46.50000000000052,14.67999999999978
46.50000000000052,14.699999999999779
46.50000000000052,14.719999999999779
46.50000000000052,14.739999999999778
46.50000000000052,14.759999999999778
46.50000000000052,14.779999999999777
46.50000000000052,14.799999999999777
46.50000000000052,14.819999999999776
46.50000000000052,14.839999999999776
46.50000000000052,14.859999999999776
46.50000000000052,14.879999999999775
46.50000000000052,14.899999999999775
46.50000000000052,14.919999999999774
46.50000000000052,14.939999999999774
46.50000000000052,14.959999999999773
46.50000000000052,14.979999999999773
46.50000000000052,14.999999999999773
46.50000000000052,15.019999999999772
46.50000000000052,15.039999999999772
46.50000000000052,15.059999999999771
46.50000000000052,15.079999999999771
46.50000000000052,15.09999999999977
46.50000000000052,15.11999999999977
46.50000000000052,15.13999999999977
46.50000000000052,15.15999999999977
46.50000000000052,15.179999999999769
46.50000000000052,15.199999999999768
46.50000000000052,15.219999999999768
46.50000000000052,15.239999999999768
46.50000000000052,15.259999999999767
46.50000000000052,15.279999999999767
46.50000000000052,15.299999999999766
46.50000000000052,15.319999999999766
46.50000000000052,15.339999999999765
46.50000000000052,15.359999999999765
46.50000000000052,15.379999999999765
46.50000000000052,15.399999999999764
46.50000000000052,15.419999999999764
46.50000000000052,15.439999999999763
46.50000000000052,15.459999999999763
46.50000000000052,15.479999999999762
46.50000000000052,15.499999999999762
46.50000000000052,15.519999999999762
46.50000000000052,15.539999999999761
46.50000000000052,15.55999999999976
46.50000000000052,15.57999999999976
46.50000000000052,15.59999999999976
46.50000000000052,15.61999999999976
46.50000000000052,15.639999999999759
46.50000000000052,15.659999999999759
46.50000000000052,15.679999999999758
46.50000000000052,15.699999999999758
46.50000000000052,15.719999999999757
46.50000000000052,15.739999999999757
46.50000000000052,15.759999999999756
46.50000000000052,15.779999999999756
46.50000000000052,15.799999999999756
46.50000000000052,15.819999999999755
46.50000000000052,15.839999999999755
46.50000000000052,15.859999999999754
46.50000000000052,15.879999999999754
46.50000000000052,15.899999999999753
46.50000000000052,15.919999999999753
46.50000000000052,15.939999999999753
46.50000000000052,15.959999999999752
46.50000000000052,15.979999999999752
46.50000000000052,15.999999999999751
46.50000000000052,16.01999999999975
46.50000000000052,16.03999999999975
46.50000000000052,16.05999999999975
46.50000000000052,16.07999999999975
46.50000000000052,16.09999999999975
46.50000000000052,16.11999999999975
46.50000000000052,16.13999999999975
46.50000000000052,16.159999999999748
46.50000000000052,16.179999999999747
46.50000000000052,16.199999999999747
46.50000000000052,16.219999999999747
46.50000000000052,16.239999999999746
46.50000000000052,16.259999999999746
46.50000000000052,16.279999999999745
46.50000000000052,16.299999999999745
46.50000000000052,16.319999999999744
46.50000000000052,16.339999999999744
46.50000000000052,16.359999999999744
46.50000000000052,16.379999999999743
46.50000000000052,16.399999999999743
46.50000000000052,16.419999999999742
46.50000000000052,16.439999999999742
46.50000000000052,16.45999999999974
46.50000000000052,16.47999999999974
46.50000000000052,16.49999999999974
46.50000000000052,16.51999999999974
46.50000000000052,16.53999999999974
46.50000000000052,16.55999999999974
46.50000000000052,16.57999999999974
46.50000000000052,16.59999999999974
46.50000000000052,16.619999999999738
46.50000000000052,16.639999999999738
46.50000000000052,16.659999999999737
46.50000000000052,16.679999999999737
46.50000000000052,16.699999999999736
46.50000000000052,16.719999999999736
46.50000000000052,16.739999999999736
46.52000000000052,12.979999999999816
46.52000000000052,12.999999999999815
46.52000000000052,13.019999999999815
46.52000000000052,13.039999999999814
46.52000000000052,13.059999999999814
46.52000000000052,13.079999999999814
46.52000000000052,13.099999999999813
46.52000000000052,13.119999999999813
46.52000000000052,13.139999999999812
46.52000000000052,13.159999999999812
46.52000000000052,13.179999999999811
46.52000000000052,13.199999999999811
46.52000000000052,13.21999999999981
46.52000000000052,13.23999999999981
46.52000000000052,13.25999999999981
46.52000000000052,13.27999999999981
46.52000000000052,13.299999999999809
46.52000000000052,13.319999999999808
46.52000000000052,13.339999999999808
46.52000000000052,13.359999999999808
46.52000000000052,13.379999999999807
46.52000000000052,13.399999999999807
46.52000000000052,13.419999999999806
46.52000000000052,13.439999999999806
46.52000000000052,13.459999999999805
46.52000000000052,13.479999999999805
46.52000000000052,13.499999999999805
46.52000000000052,13.519999999999804
46.52000000000052,13.539999999999804
46.52000000000052,13.559999999999803
46.52000000000052,13.579999999999803
46.52000000000052,13.599999999999802
46.52000000000052,13.619999999999802
46.52000000000052,13.639999999999802
46.52000000000052,13.659999999999801
46.52000000000052,13.6799999999998
46.52000000000052,13.6999999999998
46.52000000000052,13.7199999999998
46.52000000000052,13.7399999999998
46.52000000000052,13.759999999999799
46.52000000000052,13.779999999999799
46.52000000000052,13.799999999999798
46.52000000000052,13.819999999999798
46.52000000000052,13.839999999999797
46.52000000000052,13.859999999999797
46.52000000000052,13.879999999999797
46.52000000000052,13.899999999999796
46.52000000000052,13.919999999999796
46.52000000000052,13.939999999999795
46.52000000000052,13.959999999999795
46.52000000000052,13.979999999999794
46.52000000000052,13.999999999999794
46.52000000000052,14.019999999999794
46.52000000000052,14.039999999999793
46.52000000000052,14.059999999999793
46.52000000000052,14.079999999999792
46.52000000000052,14.099999999999792
46.52000000000052,14.119999999999791
46.52000000000052,14.139999999999791
46.52000000000052,14.15999999999979
46.52000000000052,14.17999999999979
46.52000000000052,14.19999999999979
46.52000000000052,14.21999999999979
46.52000000000052,14.239999999999789
46.52000000000052,14.259999999999788
46.52000000000052,14.279999999999788
46.52000000000052,14.299999999999788
46.52000000000052,14.319999999999787
46.52000000000052,14.339999999999787
46.52000000000052,14.359999999999786
46.52000000000052,14.379999999999786
46.52000000000052,14.399999999999785
46.52000000000052,14.419999999999785
46.52000000000052,14.439999999999785
46.52000000000052,14.459999999999784
46.52000000000052,14.479999999999784
46.52000000000052,14.499999999999783
46.52000000000052,14.519999999999783
46.52000000000052,14.539999999999782
46.52000000000052,14.559999999999782
46.52000000000052,14.579999999999782
46.52000000000052,14.599999999999781
46.52000000000052,14.61999999999978
46.52000000000052,14.63999999999978
46.52000000000052,14.65999999999978
46.52000000000052,14.67999999999978
46.52000000000052,14.699999999999779
46.52000000000052,14.719999999999779
46.52000000000052,14.739999999999778
46.52000000000052,14.759999999999778
46.52000000000052,14.779999999999777
46.52000000000052,14.799999999999777
46.52000000000052,14.819999999999776
46.52000000000052,14.839999999999776
46.52000000000052,14.859999999999776
46.52000000000052,14.879999999999775
46.52000000000052,14.899999999999775
46.52000000000052,14.919999999999774
46.52000000000052,14.939999999999774
46.52000000000052,14.959999999999773
46.52000000000052,14.979999999999773
46.52000000000052,14.999999999999773
46.52000000000052,15.019999999999772
46.52000000000052,15.039999999999772
46.52000000000052,15.059999999999771
46.52000000000052,15.079999999999771
46.52000000000052,15.09999999999977
46.52000000000052,15.11999999999977
46.52000000000052,15.13999999999977
46.52000000000052,15.15999999999977
46.52000000000052,15.179999999999769
46.52000000000052,15.199999999999768
46.52000000000052,15.219999999999768
46.52000000000052,15.239999999999768
46.52000000000052,15.259999999999767
46.52000000000052,15.279999999999767
46.52000000000052,15.299999999999766
46.52000000000052,15.319999999999766
46.52000000000052,15.339999999999765
46.52000000000052,15.359999999999765
46.52000000000052,15.379999999999765
46.52000000000052,15.399999999999764
46.52000000000052,15.419999999999764
46.52000000000052,15.439999999999763
46.52000000000052,15.459999999999763
46.52000000000052,15.479999999999762
46.52000000000052,15.499999999999762
46.52000000000052,15.519999999999762
46.52000000000052,15.539999999999761
46.52000000000052,15.55999999999976
46.52000000000052,15.57999999999976
46.52000000000052,15.59999999999976
46.52000000000052,15.61999999999976
46.52000000000052,15.639999999999759
46.52000000000052,15.659999999999759
46.52000000000052,15.679999999999758
46.52000000000052,15.699999999999758
46.52000000000052,15.719999999999757
46.52000000000052,15.739999999999757
46.52000000000052,15.759999999999756
46.52000000000052,15.779999999999756
46.52000000000052,15.799999999999756
46.52000000000052,15.819999999999755
46.52000000000052,15.839999999999755
46.52000000000052,15.859999999999754
46.52000000000052,15.879999999999754
46.52000000000052,15.899999999999753
46.52000000000052,15.919999999999753
46.52000000000052,15.939999999999753
46.52000000000052,15.959999999999752
46.52000000000052,15.979999999999752
46.52000000000052,15.999999999999751
46.52000000000052,16.01999999999975
46.52000000000052,16.03999999999975
46.52000000000052,16.05999999999975
46.52000000000052,16.07999999999975
46.52000000000052,16.09999999999975
46.52000000000052,16.11999999999975
46.52000000000052,16.13999999999975
46.52000000000052,16.159999999999748
46.52000000000052,16.179999999999747
46.52000000000052,16.199999999999747
46.52000000000052,16.219999999999747
46.52000000000052,16.239999999999746
46.52000000000052,16.259999999999746
46.52000000000052,16.279999999999745
46.52000000000052,16.299999999999745
46.52000000000052,16.319999999999744
46.52000000000052,16.339999999999744
46.52000000000052,16.359999999999744
46.52000000000052,16.379999999999743
46.52000000000052,16.399999999999743
46.52000000000052,16.419999999999742
46.52000000000052,16.439999999999742
46.52000000000052,16.45999999999974
46.52000000000052,16.47999999999974
46.52000000000052,16.49999999999974
46.52000000000052,16.51999999999974
46.52000000000052,16.53999999999974
46.52000000000052,16.55999999999974
46.52000000000052,16.57999999999974
46.52000000000052,16.59999999999974
46.52000000000052,16.619999999999738
46.52000000000052,16.639999999999738
46.52000000000052,16.659999999999737
46.52000000000052,16.679999999999737
46.52000000000052,16.699999999999736
46.52000000000052,16.719999999999736
46.52000000000052,16.739999999999736
46.540000000000525,12.979999999999816
46.540000000000525,12.999999999999815
46.540000000000525,13.019999999999815
46.540000000000525,13.039999999999814
46.540000000000525,13.059999999999814
46.540000000000525,13.079999999999814
46.540000000000525,13.099999999999813
46.540000000000525,13.119999999999813
46.540000000000525,13.139999999999812
46.540000000000525,13.159999999999812
46.540000000000525,13.179999999999811
46.540000000000525,13.199999999999811
46.540000000000525,13.21999999999981
46.540000000000525,13.23999999999981
46.540000000000525,13.25999999999981
46.540000000000525,13.27999999999981
46.540000000000525,13.299999999999809
46.540000000000525,13.319999999999808
46.540000000000525,13.339999999999808
46.540000000000525,13.359999999999808
46.540000000000525,13.379999999999807
46.540000000000525,13.399999999999807
46.540000000000525,13.419999999999806
46.540000000000525,13.439999999999806
46.540000000000525,13.459999999999805
46.540000000000525,13.479999999999805
46.540000000000525,13.499999999999805
46.540000000000525,13.519999999999804
46.540000000000525,13.539999999999804
46.540000000000525,13.559999999999803
46.540000000000525,13.579999999999803
46.540000000000525,13.599999999999802
46.540000000000525,13.619999999999802
46.540000000000525,13.639999999999802
46.540000000000525,13.659999999999801
46.540000000000525,13.6799999999998
46.540000000000525,13.6999999999998
46.540000000000525,13.7199999999998
46.540000000000525,13.7399999999998
46.540000000000525,13.759999999999799
46.540000000000525,13.779999999999799
46.540000000000525,13.799999999999798
46.540000000000525,13.819999999999798
46.540000000000525,13.839999999999797
46.540000000000525,13.859999999999797
46.540000000000525,13.879999999999797
46.540000000000525,13.899999999999796
46.540000000000525,13.919999999999796
46.540000000000525,13.939999999999795
46.540000000000525,13.959999999999795
46.540000000000525,13.979999999999794
46.540000000000525,13.999999999999794
46.540000000000525,14.019999999999794
46.540000000000525,14.039999999999793
46.540000000000525,14.059999999999793
46.540000000000525,14.079999999999792
46.540000000000525,14.099999999999792
46.540000000000525,14.119999999999791
46.540000000000525,14.139999999999791
46.540000000000525,14.15999999999979
46.540000000000525,14.17999999999979
46.540000000000525,14.19999999999979
46.540000000000525,14.21999999999979
46.540000000000525,14.239999999999789
46.540000000000525,14.259999999999788
46.540000000000525,14.279999999999788
46.540000000000525,14.299999999999788
46.540000000000525,14.319999999999787
46.540000000000525,14.339999999999787
46.540000000000525,14.359999999999786
46.540000000000525,14.379999999999786
46.540000000000525,14.399999999999785
46.540000000000525,14.419999999999785
46.540000000000525,14.439999999999785
46.540000000000525,14.459999999999784
46.540000000000525,14.479999999999784
46.540000000000525,14.499999999999783
46.540000000000525,14.519999999999783
46.540000000000525,14.539999999999782
46.540000000000525,14.559999999999782
46.540000000000525,14.579999999999782
46.540000000000525,14.599999999999781
46.540000000000525,14.61999999999978
46.540000000000525,14.63999999999978
46.540000000000525,14.65999999999978
46.540000000000525,14.67999999999978
46.540000000000525,14.699999999999779
46.540000000000525,14.719999999999779
46.540000000000525,14.739999999999778
46.540000000000525,14.759999999999778
46.540000000000525,14.779999999999777
46.540000000000525,14.799999999999777
46.540000000000525,14.819999999999776
46.540000000000525,14.839999999999776
46.540000000000525,14.859999999999776
46.540000000000525,14.879999999999775
46.540000000000525,14.899999999999775
46.540000000000525,14.919999999999774
46.540000000000525,14.939999999999774
46.540000000000525,14.959999999999773
46.540000000000525,14.979999999999773
46.540000000000525,14.999999999999773
46.540000000000525,15.019999999999772
46.540000000000525,15.039999999999772
46.540000000000525,15.059999999999771
46.540000000000525,15.079999999999771
46.540000000000525,15.09999999999977
46.540000000000525,15.11999999999977
46.540000000000525,15.13999999999977
46.540000000000525,15.15999999999977
46.540000000000525,15.179999999999769
46.540000000000525,15.199999999999768
46.540000000000525,15.219999999999768
46.540000000000525,15.239999999999768
46.540000000000525,15.259999999999767
46.540000000000525,15.279999999999767
46.540000000000525,15.299999999999766
46.540000000000525,15.319999999999766
46.540000000000525,15.339999999999765
46.540000000000525,15.359999999999765
46.540000000000525,15.379999999999765
46.540000000000525,15.399999999999764
46.540000000000525,15.419999999999764
46.540000000000525,15.439999999999763
46.540000000000525,15.459999999999763
46.540000000000525,15.479999999999762
46.540000000000525,15.499999999999762
46.540000000000525,15.519999999999762
46.540000000000525,15.539999999999761
46.540000000000525,15.55999999999976
46.540000000000525,15.57999999999976
46.540000000000525,15.59999999999976
46.540000000000525,15.61999999999976
46.540000000000525,15.639999999999759
46.540000000000525,15.659999999999759
46.540000000000525,15.679999999999758
46.540000000000525,15.699999999999758
46.540000000000525,15.719999999999757
46.540000000000525,15.739999999999757
46.540000000000525,15.759999999999756
46.540000000000525,15.779999999999756
46.540000000000525,15.799999999999756
46.540000000000525,15.819999999999755
46.540000000000525,15.839999999999755
46.540000000000525,15.859999999999754
46.540000000000525,15.879999999999754
46.540000000000525,15.899999999999753
46.540000000000525,15.919999999999753
46.540000000000525,15.939999999999753
46.540000000000525,15.959999999999752
46.540000000000525,15.979999999999752
46.540000000000525,15.999999999999751
46.540000000000525,16.01999999999975
46.540000000000525,16.03999999999975
46.540000000000525,16.05999999999975
46.540000000000525,16.07999999999975
46.540000000000525,16.09999999999975
46.540000000000525,16.11999999999975
46.540000000000525,16.13999999999975
46.540000000000525,16.159999999999748
46.540000000000525,16.179999999999747
46.540000000000525,16.199999999999747
46.540000000000525,16.219999999999747
46.540000000000525,16.239999999999746
46.540000000000525,16.259999999999746
46.540000000000525,16.279999999999745
46.540000000000525,16.299999999999745
46.540000000000525,16.319999999999744
46.540000000000525,16.339999999999744
46.540000000000525,16.359999999999744
46.540000000000525,16.379999999999743
46.540000000000525,16.399999999999743
46.540000000000525,16.419999999999742
46.540000000000525,16.439999999999742
46.540000000000525,16.45999999999974
46.540000000000525,16.47999999999974
46.540000000000525,16.49999999999974
46.540000000000525,16.51999999999974
46.540000000000525,16.53999999999974
46.540000000000525,16.55999999999974
46.540000000000525,16.57999999999974
46.540000000000525,16.59999999999974
46.540000000000525,16.619999999999738
46.540000000000525,16.639999999999738
46.540000000000525,16.659999999999737
46.540000000000525,16.679999999999737
46.540000000000525,16.699999999999736
46.540000000000525,16.719999999999736
46.540000000000525,16.739999999999736
46.56000000000053,12.979999999999816
46.56000000000053,12.999999999999815
46.56000000000053,13.019999999999815
46.56000000000053,13.039999999999814
46.56000000000053,13.059999999999814
46.56000000000053,13.079999999999814
46.56000000000053,13.099999999999813
46.56000000000053,13.119999999999813
46.56000000000053,13.139999999999812
46.56000000000053,13.159999999999812
46.56000000000053,13.179999999999811
46.56000000000053,13.199999999999811
46.56000000000053,13.21999999999981
46.56000000000053,13.23999999999981
46.56000000000053,13.25999999999981
46.56000000000053,13.27999999999981
46.56000000000053,13.299999999999809
46.56000000000053,13.319999999999808
46.56000000000053,13.339999999999808
46.56000000000053,13.359999999999808
46.56000000000053,13.379999999999807
46.56000000000053,13.399999999999807
46.56000000000053,13.419999999999806
46.56000000000053,13.439999999999806
46.56000000000053,13.459999999999805
46.56000000000053,13.479999999999805
46.56000000000053,13.499999999999805
46.56000000000053,13.519999999999804
46.56000000000053,13.539999999999804
46.56000000000053,13.559999999999803
46.56000000000053,13.579999999999803
46.56000000000053,13.599999999999802
46.56000000000053,13.619999999999802
46.56000000000053,13.639999999999802
46.56000000000053,13.659999999999801
46.56000000000053,13.6799999999998
46.56000000000053,13.6999999999998
46.56000000000053,13.7199999999998
46.56000000000053,13.7399999999998
46.56000000000053,13.759999999999799
46.56000000000053,13.779999999999799
46.56000000000053,13.799999999999798
46.56000000000053,13.819999999999798
46.56000000000053,13.839999999999797
46.56000000000053,13.859999999999797
46.56000000000053,13.879999999999797
46.56000000000053,13.899999999999796
46.56000000000053,13.919999999999796
46.56000000000053,13.939999999999795
46.56000000000053,13.959999999999795
46.56000000000053,13.979999999999794
46.56000000000053,13.999999999999794
46.56000000000053,14.019999999999794
46.56000000000053,14.039999999999793
46.56000000000053,14.059999999999793
46.56000000000053,14.079999999999792
46.56000000000053,14.099999999999792
46.56000000000053,14.119999999999791
46.56000000000053,14.139999999999791
46.56000000000053,14.15999999999979
46.56000000000053,14.17999999999979
46.56000000000053,14.19999999999979
46.56000000000053,14.21999999999979
46.56000000000053,14.239999999999789
46.56000000000053,14.259999999999788
46.56000000000053,14.279999999999788
46.56000000000053,14.299999999999788
46.56000000000053,14.319999999999787
46.56000000000053,14.339999999999787
46.56000000000053,14.359999999999786
46.56000000000053,14.379999999999786
46.56000000000053,14.399999999999785
46.56000000000053,14.419999999999785
46.56000000000053,14.439999999999785
46.56000000000053,14.459999999999784
46.56000000000053,14.479999999999784
46.56000000000053,14.499999999999783
46.56000000000053,14.519999999999783
46.56000000000053,14.539999999999782
46.56000000000053,14.559999999999782
46.56000000000053,14.579999999999782
46.56000000000053,14.599999999999781
46.56000000000053,14.61999999999978
46.56000000000053,14.63999999999978
46.56000000000053,14.65999999999978
46.56000000000053,14.67999999999978
46.56000000000053,14.699999999999779
46.56000000000053,14.719999999999779
46.56000000000053,14.739999999999778
46.56000000000053,14.759999999999778
46.56000000000053,14.779999999999777
46.56000000000053,14.799999999999777
46.56000000000053,14.819999999999776
46.56000000000053,14.839999999999776
46.56000000000053,14.859999999999776
46.56000000000053,14.879999999999775
46.56000000000053,14.899999999999775
46.56000000000053,14.919999999999774
46.56000000000053,14.939999999999774
46.56000000000053,14.959999999999773
46.56000000000053,14.979999999999773
46.56000000000053,14.999999999999773
46.56000000000053,15.019999999999772
46.56000000000053,15.039999999999772
46.56000000000053,15.059999999999771
46.56000000000053,15.079999999999771
46.56000000000053,15.09999999999977
46.56000000000053,15.11999999999977
46.56000000000053,15.13999999999977
46.56000000000053,15.15999999999977
46.56000000000053,15.179999999999769
46.56000000000053,15.199999999999768
46.56000000000053,15.219999999999768
46.56000000000053,15.239999999999768
46.56000000000053,15.259999999999767
46.56000000000053,15.279999999999767
46.56000000000053,15.299999999999766
46.56000000000053,15.319999999999766
46.56000000000053,15.339999999999765
46.56000000000053,15.359999999999765
46.56000000000053,15.379999999999765
46.56000000000053,15.399999999999764
46.56000000000053,15.419999999999764
46.56000000000053,15.439999999999763
46.56000000000053,15.459999999999763
46.56000000000053,15.479999999999762
46.56000000000053,15.499999999999762
46.56000000000053,15.519999999999762
46.56000000000053,15.539999999999761
46.56000000000053,15.55999999999976
46.56000000000053,15.57999999999976
46.56000000000053,15.59999999999976
46.56000000000053,15.61999999999976
46.56000000000053,15.639999999999759
46.56000000000053,15.659999999999759
46.56000000000053,15.679999999999758
46.56000000000053,15.699999999999758
46.56000000000053,15.719999999999757
46.56000000000053,15.739999999999757
46.56000000000053,15.759999999999756
46.56000000000053,15.779999999999756
46.56000000000053,15.799999999999756
46.56000000000053,15.819999999999755
46.56000000000053,15.839999999999755
46.56000000000053,15.859999999999754
46.56000000000053,15.879999999999754
46.56000000000053,15.899999999999753
46.56000000000053,15.919999999999753
46.56000000000053,15.939999999999753
46.56000000000053,15.959999999999752
46.56000000000053,15.979999999999752
46.56000000000053,15.999999999999751
46.56000000000053,16.01999999999975
46.56000000000053,16.03999999999975
46.56000000000053,16.05999999999975
46.56000000000053,16.07999999999975
46.56000000000053,16.09999999999975
46.56000000000053,16.11999999999975
46.56000000000053,16.13999999999975
46.56000000000053,16.159999999999748
46.56000000000053,16.179999999999747
46.56000000000053,16.199999999999747
46.56000000000053,16.219999999999747
46.56000000000053,16.239999999999746
46.56000000000053,16.259999999999746
46.56000000000053,16.279999999999745
46.56000000000053,16.299999999999745
46.56000000000053,16.319999999999744
46.56000000000053,16.339999999999744
46.56000000000053,16.359999999999744
46.56000000000053,16.379999999999743
46.56000000000053,16.399999999999743
46.56000000000053,16.419999999999742
46.56000000000053,16.439999999999742
46.56000000000053,16.45999999999974
46.56000000000053,16.47999999999974
46.56000000000053,16.49999999999974
46.56000000000053,16.51999999999974
46.56000000000053,16.53999999999974
46.56000000000053,16.55999999999974
46.56000000000053,16.57999999999974
46.56000000000053,16.59999999999974
46.56000000000053,16.619999999999738
46.56000000000053,16.639999999999738
46.56000000000053,16.659999999999737
46.56000000000053,16.679999999999737
46.56000000000053,16.699999999999736
46.56000000000053,16.719999999999736
46.56000000000053,16.739999999999736
46.58000000000053,12.979999999999816
46.58000000000053,12.999999999999815
46.58000000000053,13.019999999999815
46.58000000000053,13.039999999999814
46.58000000000053,13.059999999999814
46.58000000000053,13.079999999999814
46.58000000000053,13.099999999999813
46.58000000000053,13.119999999999813
46.58000000000053,13.139999999999812
46.58000000000053,13.159999999999812
46.58000000000053,13.179999999999811
46.58000000000053,13.199999999999811
46.58000000000053,13.21999999999981
46.58000000000053,13.23999999999981
46.58000000000053,13.25999999999981
46.58000000000053,13.27999999999981
46.58000000000053,13.299999999999809
46.58000000000053,13.319999999999808
46.58000000000053,13.339999999999808
46.58000000000053,13.359999999999808
46.58000000000053,13.379999999999807
46.58000000000053,13.399999999999807
46.58000000000053,13.419999999999806
46.58000000000053,13.439999999999806
46.58000000000053,13.459999999999805
46.58000000000053,13.479999999999805
46.58000000000053,13.499999999999805
46.58000000000053,13.519999999999804
46.58000000000053,13.539999999999804
46.58000000000053,13.559999999999803
46.58000000000053,13.579999999999803
46.58000000000053,13.599999999999802
46.58000000000053,13.619999999999802
46.58000000000053,13.639999999999802
46.58000000000053,13.659999999999801
46.58000000000053,13.6799999999998
46.58000000000053,13.6999999999998
46.58000000000053,13.7199999999998
46.58000000000053,13.7399999999998
46.58000000000053,13.759999999999799
46.58000000000053,13.779999999999799
46.58000000000053,13.799999999999798
46.58000000000053,13.819999999999798
46.58000000000053,13.839999999999797
46.58000000000053,13.859999999999797
46.58000000000053,13.879999999999797
46.58000000000053,13.899999999999796
46.58000000000053,13.919999999999796
46.58000000000053,13.939999999999795
46.58000000000053,13.959999999999795
46.58000000000053,13.979999999999794
46.58000000000053,13.999999999999794
46.58000000000053,14.019999999999794
46.58000000000053,14.039999999999793
46.58000000000053,14.059999999999793
46.58000000000053,14.079999999999792
46.58000000000053,14.099999999999792
46.58000000000053,14.119999999999791
46.58000000000053,14.139999999999791
46.58000000000053,14.15999999999979
46.58000000000053,14.17999999999979
46.58000000000053,14.19999999999979
46.58000000000053,14.21999999999979
46.58000000000053,14.239999999999789
46.58000000000053,14.259999999999788
46.58000000000053,14.279999999999788
46.58000000000053,14.299999999999788
46.58000000000053,14.319999999999787
46.58000000000053,14.339999999999787
46.58000000000053,14.359999999999786
46.58000000000053,14.379999999999786
46.58000000000053,14.399999999999785
46.58000000000053,14.419999999999785
46.58000000000053,14.439999999999785
46.58000000000053,14.459999999999784
46.58000000000053,14.479999999999784
46.58000000000053,14.499999999999783
46.58000000000053,14.519999999999783
46.58000000000053,14.539999999999782
46.58000000000053,14.559999999999782
46.58000000000053,14.579999999999782
46.58000000000053,14.599999999999781
46.58000000000053,14.61999999999978
46.58000000000053,14.63999999999978
46.58000000000053,14.65999999999978
46.58000000000053,14.67999999999978
46.58000000000053,14.699999999999779
46.58000000000053,14.719999999999779
46.58000000000053,14.739999999999778
46.58000000000053,14.759999999999778
46.58000000000053,14.779999999999777
46.58000000000053,14.799999999999777
46.58000000000053,14.819999999999776
46.58000000000053,14.839999999999776
46.58000000000053,14.859999999999776
46.58000000000053,14.879999999999775
46.58000000000053,14.899999999999775
46.58000000000053,14.919999999999774
46.58000000000053,14.939999999999774
46.58000000000053,14.959999999999773
46.58000000000053,14.979999999999773
46.58000000000053,14.999999999999773
46.58000000000053,15.019999999999772
46.58000000000053,15.039999999999772
46.58000000000053,15.059999999999771
46.58000000000053,15.079999999999771
46.58000000000053,15.09999999999977
46.58000000000053,15.11999999999977
46.58000000000053,15.13999999999977
46.58000000000053,15.15999999999977
46.58000000000053,15.179999999999769
46.58000000000053,15.199999999999768
46.58000000000053,15.219999999999768
46.58000000000053,15.239999999999768
46.58000000000053,15.259999999999767
46.58000000000053,15.279999999999767
46.58000000000053,15.299999999999766
46.58000000000053,15.319999999999766
46.58000000000053,15.339999999999765
46.58000000000053,15.359999999999765
46.58000000000053,15.379999999999765
46.58000000000053,15.399999999999764
46.58000000000053,15.419999999999764
46.58000000000053,15.439999999999763
46.58000000000053,15.459999999999763
46.58000000000053,15.479999999999762
46.58000000000053,15.499999999999762
46.58000000000053,15.519999999999762
46.58000000000053,15.539999999999761
46.58000000000053,15.55999999999976
46.58000000000053,15.57999999999976
46.58000000000053,15.59999999999976
46.58000000000053,15.61999999999976
46.58000000000053,15.639999999999759
46.58000000000053,15.659999999999759
46.58000000000053,15.679999999999758
46.58000000000053,15.699999999999758
46.58000000000053,15.719999999999757
46.58000000000053,15.739999999999757
46.58000000000053,15.759999999999756
46.58000000000053,15.779999999999756
46.58000000000053,15.799999999999756
46.58000000000053,15.819999999999755
46.58000000000053,15.839999999999755
46.58000000000053,15.859999999999754
46.58000000000053,15.879999999999754
46.58000000000053,15.899999999999753
46.58000000000053,15.919999999999753
46.58000000000053,15.939999999999753
46.58000000000053,15.959999999999752
46.58000000000053,15.979999999999752
46.58000000000053,15.999999999999751
46.58000000000053,16.01999999999975
46.58000000000053,16.03999999999975
46.58000000000053,16.05999999999975
46.58000000000053,16.07999999999975
46.58000000000053,16.09999999999975
46.58000000000053,16.11999999999975
46.58000000000053,16.13999999999975
46.58000000000053,16.159999999999748
46.58000000000053,16.179999999999747
46.58000000000053,16.199999999999747
46.58000000000053,16.219999999999747
46.58000000000053,16.239999999999746
46.58000000000053,16.259999999999746
46.58000000000053,16.279999999999745
46.58000000000053,16.299999999999745
46.58000000000053,16.319999999999744
46.58000000000053,16.339999999999744
46.58000000000053,16.359999999999744
46.58000000000053,16.379999999999743
46.58000000000053,16.399999999999743
46.58000000000053,16.419999999999742
46.58000000000053,16.439999999999742
46.58000000000053,16.45999999999974
46.58000000000053,16.47999999999974
46.58000000000053,16.49999999999974
46.58000000000053,16.51999999999974
46.58000000000053,16.53999999999974
46.58000000000053,16.55999999999974
46.58000000000053,16.57999999999974
46.58000000000053,16.59999999999974
46.58000000000053,16.619999999999738
46.58000000000053,16.639999999999738
46.58000000000053,16.659999999999737
46.58000000000053,16.679999999999737
46.58000000000053,16.699999999999736
46.58000000000053,16.719999999999736
46.58000000000053,16.739999999999736
46.600000000000534,12.979999999999816
46.600000000000534,12.999999999999815
46.600000000000534,13.019999999999815
46.600000000000534,13.039999999999814
46.600000000000534,13.059999999999814
46.600000000000534,13.079999999999814
46.600000000000534,13.099999999999813
46.600000000000534,13.119999999999813
46.600000000000534,13.139999999999812
46.600000000000534,13.159999999999812
46.600000000000534,13.179999999999811
46.600000000000534,13.199999999999811
46.600000000000534,13.21999999999981
46.600000000000534,13.23999999999981
46.600000000000534,13.25999999999981
46.600000000000534,13.27999999999981
46.600000000000534,13.299999999999809
46.600000000000534,13.319999999999808
46.600000000000534,13.339999999999808
46.600000000000534,13.359999999999808
46.600000000000534,13.379999999999807
46.600000000000534,13.399999999999807
46.600000000000534,13.419999999999806
46.600000000000534,13.439999999999806
46.600000000000534,13.459999999999805
46.600000000000534,13.479999999999805
46.600000000000534,13.499999999999805
46.600000000000534,13.519999999999804
46.600000000000534,13.539999999999804
46.600000000000534,13.559999999999803
46.600000000000534,13.579999999999803
46.600000000000534,13.599999999999802
46.600000000000534,13.619999999999802
46.600000000000534,13.639999999999802
46.600000000000534,13.659999999999801
46.600000000000534,13.6799999999998
46.600000000000534,13.6999999999998
46.600000000000534,13.7199999999998
46.600000000000534,13.7399999999998
46.600000000000534,13.759999999999799
46.600000000000534,13.779999999999799
46.600000000000534,13.799999999999798
46.600000000000534,13.819999999999798
46.600000000000534,13.839999999999797
46.600000000000534,13.859999999999797
46.600000000000534,13.879999999999797
46.600000000000534,13.899999999999796
46.600000000000534,13.919999999999796
46.600000000000534,13.939999999999795
46.600000000000534,13.959999999999795
46.600000000000534,13.979999999999794
46.600000000000534,13.999999999999794
46.600000000000534,14.019999999999794
46.600000000000534,14.039999999999793
46.600000000000534,14.059999999999793
46.600000000000534,14.079999999999792
46.600000000000534,14.099999999999792
46.600000000000534,14.119999999999791
46.600000000000534,14.139999999999791
46.600000000000534,14.15999999999979
46.600000000000534,14.17999999999979
46.600000000000534,14.19999999999979
46.600000000000534,14.21999999999979
46.600000000000534,14.239999999999789
46.600000000000534,14.259999999999788
46.600000000000534,14.279999999999788
46.600000000000534,14.299999999999788
46.600000000000534,14.319999999999787
46.600000000000534,14.339999999999787
46.600000000000534,14.359999999999786
46.600000000000534,14.379999999999786
46.600000000000534,14.399999999999785
46.600000000000534,14.419999999999785
46.600000000000534,14.439999999999785
46.600000000000534,14.459999999999784
46.600000000000534,14.479999999999784
46.600000000000534,14.499999999999783
46.600000000000534,14.519999999999783
46.600000000000534,14.539999999999782
46.600000000000534,14.559999999999782
46.600000000000534,14.579999999999782
46.600000000000534,14.599999999999781
46.600000000000534,14.61999999999978
46.600000000000534,14.63999999999978
46.600000000000534,14.65999999999978
46.600000000000534,14.67999999999978
46.600000000000534,14.699999999999779
46.600000000000534,14.719999999999779
46.600000000000534,14.739999999999778
46.600000000000534,14.759999999999778
46.600000000000534,14.779999999999777
46.600000000000534,14.799999999999777
46.600000000000534,14.819999999999776
46.600000000000534,14.839999999999776
46.600000000000534,14.859999999999776
46.600000000000534,14.879999999999775
46.600000000000534,14.899999999999775
46.600000000000534,14.919999999999774
46.600000000000534,14.939999999999774
46.600000000000534,14.959999999999773
46.600000000000534,14.979999999999773
46.600000000000534,14.999999999999773
46.600000000000534,15.019999999999772
46.600000000000534,15.039999999999772
46.600000000000534,15.059999999999771
46.600000000000534,15.079999999999771
46.600000000000534,15.09999999999977
46.600000000000534,15.11999999999977
46.600000000000534,15.13999999999977
46.600000000000534,15.15999999999977
46.600000000000534,15.179999999999769
46.600000000000534,15.199999999999768
46.600000000000534,15.219999999999768
46.600000000000534,15.239999999999768
46.600000000000534,15.259999999999767
46.600000000000534,15.279999999999767
46.600000000000534,15.299999999999766
46.600000000000534,15.319999999999766
46.600000000000534,15.339999999999765
46.600000000000534,15.359999999999765
46.600000000000534,15.379999999999765
46.600000000000534,15.399999999999764
46.600000000000534,15.419999999999764
46.600000000000534,15.439999999999763
46.600000000000534,15.459999999999763
46.600000000000534,15.479999999999762
46.600000000000534,15.499999999999762
46.600000000000534,15.519999999999762
46.600000000000534,15.539999999999761
46.600000000000534,15.55999999999976
46.600000000000534,15.57999999999976
46.600000000000534,15.59999999999976
46.600000000000534,15.61999999999976
46.600000000000534,15.639999999999759
46.600000000000534,15.659999999999759
46.600000000000534,15.679999999999758
46.600000000000534,15.699999999999758
46.600000000000534,15.719999999999757
46.600000000000534,15.739999999999757
46.600000000000534,15.759999999999756
46.600000000000534,15.779999999999756
46.600000000000534,15.799999999999756
46.600000000000534,15.819999999999755
46.600000000000534,15.839999999999755
46.600000000000534,15.859999999999754
46.600000000000534,15.879999999999754
46.600000000000534,15.899999999999753
46.600000000000534,15.919999999999753
46.600000000000534,15.939999999999753
46.600000000000534,15.959999999999752
46.600000000000534,15.979999999999752
46.600000000000534,15.999999999999751
46.600000000000534,16.01999999999975
46.600000000000534,16.03999999999975
46.600000000000534,16.05999999999975
46.600000000000534,16.07999999999975
46.600000000000534,16.09999999999975
46.600000000000534,16.11999999999975
46.600000000000534,16.13999999999975
46.600000000000534,16.159999999999748
46.600000000000534,16.179999999999747
46.600000000000534,16.199999999999747
46.600000000000534,16.219999999999747
46.600000000000534,16.239999999999746
46.600000000000534,16.259999999999746
46.600000000000534,16.279999999999745
46.600000000000534,16.299999999999745
46.600000000000534,16.319999999999744
46.600000000000534,16.339999999999744
46.600000000000534,16.359999999999744
46.600000000000534,16.379999999999743
46.600000000000534,16.399999999999743
46.600000000000534,16.419999999999742
46.600000000000534,16.439999999999742
46.600000000000534,16.45999999999974
46.600000000000534,16.47999999999974
46.600000000000534,16.49999999999974
46.600000000000534,16.51999999999974
46.600000000000534,16.53999999999974
46.600000000000534,16.55999999999974
46.600000000000534,16.57999999999974
46.600000000000534,16.59999999999974
46.600000000000534,16.619999999999738
46.600000000000534,16.639999999999738
46.600000000000534,16.659999999999737
46.600000000000534,16.679999999999737
46.600000000000534,16.699999999999736
46.600000000000534,16.719999999999736
46.600000000000534,16.739999999999736
46.62000000000054,12.979999999999816
46.62000000000054,12.999999999999815
46.62000000000054,13.019999999999815
46.62000000000054,13.039999999999814
46.62000000000054,13.059999999999814
46.62000000000054,13.079999999999814
46.62000000000054,13.099999999999813
46.62000000000054,13.119999999999813
46.62000000000054,13.139999999999812
46.62000000000054,13.159999999999812
46.62000000000054,13.179999999999811
46.62000000000054,13.199999999999811
46.62000000000054,13.21999999999981
46.62000000000054,13.23999999999981
46.62000000000054,13.25999999999981
46.62000000000054,13.27999999999981
46.62000000000054,13.299999999999809
46.62000000000054,13.319999999999808
46.62000000000054,13.339999999999808
46.62000000000054,13.359999999999808
46.62000000000054,13.379999999999807
46.62000000000054,13.399999999999807
46.62000000000054,13.419999999999806
46.62000000000054,13.439999999999806
46.62000000000054,13.459999999999805
46.62000000000054,13.479999999999805
46.62000000000054,13.499999999999805
46.62000000000054,13.519999999999804
46.62000000000054,13.539999999999804
46.62000000000054,13.559999999999803
46.62000000000054,13.579999999999803
46.62000000000054,13.599999999999802
46.62000000000054,13.619999999999802
46.62000000000054,13.639999999999802
46.62000000000054,13.659999999999801
46.62000000000054,13.6799999999998
46.62000000000054,13.6999999999998
46.62000000000054,13.7199999999998
46.62000000000054,13.7399999999998
46.62000000000054,13.759999999999799
46.62000000000054,13.779999999999799
46.62000000000054,13.799999999999798
46.62000000000054,13.819999999999798
46.62000000000054,13.839999999999797
46.62000000000054,13.859999999999797
46.62000000000054,13.879999999999797
46.62000000000054,13.899999999999796
46.62000000000054,13.919999999999796
46.62000000000054,13.939999999999795
46.62000000000054,13.959999999999795
46.62000000000054,13.979999999999794
46.62000000000054,13.999999999999794
46.62000000000054,14.019999999999794
46.62000000000054,14.039999999999793
46.62000000000054,14.059999999999793
46.62000000000054,14.079999999999792
46.62000000000054,14.099999999999792
46.62000000000054,14.119999999999791
46.62000000000054,14.139999999999791
46.62000000000054,14.15999999999979
46.62000000000054,14.17999999999979
46.62000000000054,14.19999999999979
46.62000000000054,14.21999999999979
46.62000000000054,14.239999999999789
46.62000000000054,14.259999999999788
46.62000000000054,14.279999999999788
46.62000000000054,14.299999999999788
46.62000000000054,14.319999999999787
46.62000000000054,14.339999999999787
46.62000000000054,14.359999999999786
46.62000000000054,14.379999999999786
46.62000000000054,14.399999999999785
46.62000000000054,14.419999999999785
46.62000000000054,14.439999999999785
46.62000000000054,14.459999999999784
46.62000000000054,14.479999999999784
46.62000000000054,14.499999999999783
46.62000000000054,14.519999999999783
46.62000000000054,14.539999999999782
46.62000000000054,14.559999999999782
46.62000000000054,14.579999999999782
46.62000000000054,14.599999999999781
46.62000000000054,14.61999999999978
46.62000000000054,14.63999999999978
46.62000000000054,14.65999999999978
46.62000000000054,14.67999999999978
46.62000000000054,14.699999999999779
46.62000000000054,14.719999999999779
46.62000000000054,14.739999999999778
46.62000000000054,14.759999999999778
46.62000000000054,14.779999999999777
46.62000000000054,14.799999999999777
46.62000000000054,14.819999999999776
46.62000000000054,14.839999999999776
46.62000000000054,14.859999999999776
46.62000000000054,14.879999999999775
46.62000000000054,14.899999999999775
46.62000000000054,14.919999999999774
46.62000000000054,14.939999999999774
46.62000000000054,14.959999999999773
46.62000000000054,14.979999999999773
46.62000000000054,14.999999999999773
46.62000000000054,15.019999999999772
46.62000000000054,15.039999999999772
46.62000000000054,15.059999999999771
46.62000000000054,15.079999999999771
46.62000000000054,15.09999999999977
46.62000000000054,15.11999999999977
46.62000000000054,15.13999999999977
46.62000000000054,15.15999999999977
46.62000000000054,15.179999999999769
46.62000000000054,15.199999999999768
46.62000000000054,15.219999999999768
46.62000000000054,15.239999999999768
46.62000000000054,15.259999999999767
46.62000000000054,15.279999999999767
46.62000000000054,15.299999999999766
46.62000000000054,15.319999999999766
46.62000000000054,15.339999999999765
46.62000000000054,15.359999999999765
46.62000000000054,15.379999999999765
46.62000000000054,15.399999999999764
46.62000000000054,15.419999999999764
46.62000000000054,15.439999999999763
46.62000000000054,15.459999999999763
46.62000000000054,15.479999999999762
46.62000000000054,15.499999999999762
46.62000000000054,15.519999999999762
46.62000000000054,15.539999999999761
46.62000000000054,15.55999999999976
46.62000000000054,15.57999999999976
46.62000000000054,15.59999999999976
46.62000000000054,15.61999999999976
46.62000000000054,15.639999999999759
46.62000000000054,15.659999999999759
46.62000000000054,15.679999999999758
46.62000000000054,15.699999999999758
46.62000000000054,15.719999999999757
46.62000000000054,15.739999999999757
46.62000000000054,15.759999999999756
46.62000000000054,15.779999999999756
46.62000000000054,15.799999999999756
46.62000000000054,15.819999999999755
46.62000000000054,15.839999999999755
46.62000000000054,15.859999999999754
46.62000000000054,15.879999999999754
46.62000000000054,15.899999999999753
46.62000000000054,15.919999999999753
46.62000000000054,15.939999999999753
46.62000000000054,15.959999999999752
46.62000000000054,15.979999999999752
46.62000000000054,15.999999999999751
46.62000000000054,16.01999999999975
46.62000000000054,16.03999999999975
46.62000000000054,16.05999999999975
46.62000000000054,16.07999999999975
46.62000000000054,16.09999999999975
46.62000000000054,16.11999999999975
46.62000000000054,16.13999999999975
46.62000000000054,16.159999999999748
46.62000000000054,16.179999999999747
46.62000000000054,16.199999999999747
46.62000000000054,16.219999999999747
46.62000000000054,16.239999999999746
46.62000000000054,16.259999999999746
46.62000000000054,16.279999999999745
46.62000000000054,16.299999999999745
46.62000000000054,16.319999999999744
46.62000000000054,16.339999999999744
46.62000000000054,16.359999999999744
46.62000000000054,16.379999999999743
46.62000000000054,16.399999999999743
46.62000000000054,16.419999999999742
46.62000000000054,16.439999999999742
46.62000000000054,16.45999999999974
46.62000000000054,16.47999999999974
46.62000000000054,16.49999999999974
46.62000000000054,16.51999999999974
46.62000000000054,16.53999999999974
46.62000000000054,16.55999999999974
46.62000000000054,16.57999999999974
46.62000000000054,16.59999999999974
46.62000000000054,16.619999999999738
46.62000000000054,16.639999999999738
46.62000000000054,16.659999999999737
46.62000000000054,16.679999999999737
46.62000000000054,16.699999999999736
46.62000000000054,16.719999999999736
46.62000000000054,16.739999999999736
46.64000000000054,12.979999999999816
46.64000000000054,12.999999999999815
46.64000000000054,13.019999999999815
46.64000000000054,13.039999999999814
46.64000000000054,13.059999999999814
46.64000000000054,13.079999999999814
46.64000000000054,13.099999999999813
46.64000000000054,13.119999999999813
46.64000000000054,13.139999999999812
46.64000000000054,13.159999999999812
46.64000000000054,13.179999999999811
46.64000000000054,13.199999999999811
46.64000000000054,13.21999999999981
46.64000000000054,13.23999999999981
46.64000000000054,13.25999999999981
46.64000000000054,13.27999999999981
46.64000000000054,13.299999999999809
46.64000000000054,13.319999999999808
46.64000000000054,13.339999999999808
46.64000000000054,13.359999999999808
46.64000000000054,13.379999999999807
46.64000000000054,13.399999999999807
46.64000000000054,13.419999999999806
46.64000000000054,13.439999999999806
46.64000000000054,13.459999999999805
46.64000000000054,13.479999999999805
46.64000000000054,13.499999999999805
46.64000000000054,13.519999999999804
46.64000000000054,13.539999999999804
46.64000000000054,13.559999999999803
46.64000000000054,13.579999999999803
46.64000000000054,13.599999999999802
46.64000000000054,13.619999999999802
46.64000000000054,13.639999999999802
46.64000000000054,13.659999999999801
46.64000000000054,13.6799999999998
46.64000000000054,13.6999999999998
46.64000000000054,13.7199999999998
46.64000000000054,13.7399999999998
46.64000000000054,13.759999999999799
46.64000000000054,13.779999999999799
46.64000000000054,13.799999999999798
46.64000000000054,13.819999999999798
46.64000000000054,13.839999999999797
46.64000000000054,13.859999999999797
46.64000000000054,13.879999999999797
46.64000000000054,13.899999999999796
46.64000000000054,13.919999999999796
46.64000000000054,13.939999999999795
46.64000000000054,13.959999999999795
46.64000000000054,13.979999999999794
46.64000000000054,13.999999999999794
46.64000000000054,14.019999999999794
46.64000000000054,14.039999999999793
46.64000000000054,14.059999999999793
46.64000000000054,14.079999999999792
46.64000000000054,14.099999999999792
46.64000000000054,14.119999999999791
46.64000000000054,14.139999999999791
46.64000000000054,14.15999999999979
46.64000000000054,14.17999999999979
46.64000000000054,14.19999999999979
46.64000000000054,14.21999999999979
46.64000000000054,14.239999999999789
46.64000000000054,14.259999999999788
46.64000000000054,14.279999999999788
46.64000000000054,14.299999999999788
46.64000000000054,14.319999999999787
46.64000000000054,14.339999999999787
46.64000000000054,14.359999999999786
46.64000000000054,14.379999999999786
46.64000000000054,14.399999999999785
46.64000000000054,14.419999999999785
46.64000000000054,14.439999999999785
46.64000000000054,14.459999999999784
46.64000000000054,14.479999999999784
46.64000000000054,14.499999999999783
46.64000000000054,14.519999999999783
46.64000000000054,14.539999999999782
46.64000000000054,14.559999999999782
46.64000000000054,14.579999999999782
46.64000000000054,14.599999999999781
46.64000000000054,14.61999999999978
46.64000000000054,14.63999999999978
46.64000000000054,14.65999999999978
46.64000000000054,14.67999999999978
46.64000000000054,14.699999999999779
46.64000000000054,14.719999999999779
46.64000000000054,14.739999999999778
46.64000000000054,14.759999999999778
46.64000000000054,14.779999999999777
46.64000000000054,14.799999999999777
46.64000000000054,14.819999999999776
46.64000000000054,14.839999999999776
46.64000000000054,14.859999999999776
46.64000000000054,14.879999999999775
46.64000000000054,14.899999999999775
46.64000000000054,14.919999999999774
46.64000000000054,14.939999999999774
46.64000000000054,14.959999999999773
46.64000000000054,14.979999999999773
46.64000000000054,14.999999999999773
46.64000000000054,15.019999999999772
46.64000000000054,15.039999999999772
46.64000000000054,15.059999999999771
46.64000000000054,15.079999999999771
46.64000000000054,15.09999999999977
46.64000000000054,15.11999999999977
46.64000000000054,15.13999999999977
46.64000000000054,15.15999999999977
46.64000000000054,15.179999999999769
46.64000000000054,15.199999999999768
46.64000000000054,15.219999999999768
46.64000000000054,15.239999999999768
46.64000000000054,15.259999999999767
46.64000000000054,15.279999999999767
46.64000000000054,15.299999999999766
46.64000000000054,15.319999999999766
46.64000000000054,15.339999999999765
46.64000000000054,15.359999999999765
46.64000000000054,15.379999999999765
46.64000000000054,15.399999999999764
46.64000000000054,15.419999999999764
46.64000000000054,15.439999999999763
46.64000000000054,15.459999999999763
46.64000000000054,15.479999999999762
46.64000000000054,15.499999999999762
46.64000000000054,15.519999999999762
46.64000000000054,15.539999999999761
46.64000000000054,15.55999999999976
46.64000000000054,15.57999999999976
46.64000000000054,15.59999999999976
46.64000000000054,15.61999999999976
46.64000000000054,15.639999999999759
46.64000000000054,15.659999999999759
46.64000000000054,15.679999999999758
46.64000000000054,15.699999999999758
46.64000000000054,15.719999999999757
46.64000000000054,15.739999999999757
46.64000000000054,15.759999999999756
46.64000000000054,15.779999999999756
46.64000000000054,15.799999999999756
46.64000000000054,15.819999999999755
46.64000000000054,15.839999999999755
46.64000000000054,15.859999999999754
46.64000000000054,15.879999999999754
46.64000000000054,15.899999999999753
46.64000000000054,15.919999999999753
46.64000000000054,15.939999999999753
46.64000000000054,15.959999999999752
46.64000000000054,15.979999999999752
46.64000000000054,15.999999999999751
46.64000000000054,16.01999999999975
46.64000000000054,16.03999999999975
46.64000000000054,16.05999999999975
46.64000000000054,16.07999999999975
46.64000000000054,16.09999999999975
46.64000000000054,16.11999999999975
46.64000000000054,16.13999999999975
46.64000000000054,16.159999999999748
46.64000000000054,16.179999999999747
46.64000000000054,16.199999999999747
46.64000000000054,16.219999999999747
46.64000000000054,16.239999999999746
46.64000000000054,16.259999999999746
46.64000000000054,16.279999999999745
46.64000000000054,16.299999999999745
46.64000000000054,16.319999999999744
46.64000000000054,16.339999999999744
46.64000000000054,16.359999999999744
46.64000000000054,16.379999999999743
46.64000000000054,16.399999999999743
46.64000000000054,16.419999999999742
46.64000000000054,16.439999999999742
46.64000000000054,16.45999999999974
46.64000000000054,16.47999999999974
46.64000000000054,16.49999999999974
46.64000000000054,16.51999999999974
46.64000000000054,16.53999999999974
46.64000000000054,16.55999999999974
46.64000000000054,16.57999999999974
46.64000000000054,16.59999999999974
46.64000000000054,16.619999999999738
46.64000000000054,16.639999999999738
46.64000000000054,16.659999999999737
46.64000000000054,16.679999999999737
46.64000000000054,16.699999999999736
46.64000000000054,16.719999999999736
46.64000000000054,16.739999999999736
46.660000000000544,12.979999999999816
46.660000000000544,12.999999999999815
46.660000000000544,13.019999999999815
46.660000000000544,13.039999999999814
46.660000000000544,13.059999999999814
46.660000000000544,13.079999999999814
46.660000000000544,13.099999999999813
46.660000000000544,13.119999999999813
46.660000000000544,13.139999999999812
46.660000000000544,13.159999999999812
46.660000000000544,13.179999999999811
46.660000000000544,13.199999999999811
46.660000000000544,13.21999999999981
46.660000000000544,13.23999999999981
46.660000000000544,13.25999999999981
46.660000000000544,13.27999999999981
46.660000000000544,13.299999999999809
46.660000000000544,13.319999999999808
46.660000000000544,13.339999999999808
46.660000000000544,13.359999999999808
46.660000000000544,13.379999999999807
46.660000000000544,13.399999999999807
46.660000000000544,13.419999999999806
46.660000000000544,13.439999999999806
46.660000000000544,13.459999999999805
46.660000000000544,13.479999999999805
46.660000000000544,13.499999999999805
46.660000000000544,13.519999999999804
46.660000000000544,13.539999999999804
46.660000000000544,13.559999999999803
46.660000000000544,13.579999999999803
46.660000000000544,13.599999999999802
46.660000000000544,13.619999999999802
46.660000000000544,13.639999999999802
46.660000000000544,13.659999999999801
46.660000000000544,13.6799999999998
46.660000000000544,13.6999999999998
46.660000000000544,13.7199999999998
46.660000000000544,13.7399999999998
46.660000000000544,13.759999999999799
46.660000000000544,13.779999999999799
46.660000000000544,13.799999999999798
46.660000000000544,13.819999999999798
46.660000000000544,13.839999999999797
46.660000000000544,13.859999999999797
46.660000000000544,13.879999999999797
46.660000000000544,13.899999999999796
46.660000000000544,13.919999999999796
46.660000000000544,13.939999999999795
46.660000000000544,13.959999999999795
46.660000000000544,13.979999999999794
46.660000000000544,13.999999999999794
46.660000000000544,14.019999999999794
46.660000000000544,14.039999999999793
46.660000000000544,14.059999999999793
46.660000000000544,14.079999999999792
46.660000000000544,14.099999999999792
46.660000000000544,14.119999999999791
46.660000000000544,14.139999999999791
46.660000000000544,14.15999999999979
46.660000000000544,14.17999999999979
46.660000000000544,14.19999999999979
46.660000000000544,14.21999999999979
46.660000000000544,14.239999999999789
46.660000000000544,14.259999999999788
46.660000000000544,14.279999999999788
46.660000000000544,14.299999999999788
46.660000000000544,14.319999999999787
46.660000000000544,14.339999999999787
46.660000000000544,14.359999999999786
46.660000000000544,14.379999999999786
46.660000000000544,14.399999999999785
46.660000000000544,14.419999999999785
46.660000000000544,14.439999999999785
46.660000000000544,14.459999999999784
46.660000000000544,14.479999999999784
46.660000000000544,14.499999999999783
46.660000000000544,14.519999999999783
46.660000000000544,14.539999999999782
46.660000000000544,14.559999999999782
46.660000000000544,14.579999999999782
46.660000000000544,14.599999999999781
46.660000000000544,14.61999999999978
46.660000000000544,14.63999999999978
46.660000000000544,14.65999999999978
46.660000000000544,14.67999999999978
46.660000000000544,14.699999999999779
46.660000000000544,14.719999999999779
46.660000000000544,14.739999999999778
46.660000000000544,14.759999999999778
46.660000000000544,14.779999999999777
46.660000000000544,14.799999999999777
46.660000000000544,14.819999999999776
46.660000000000544,14.839999999999776
46.660000000000544,14.859999999999776
46.660000000000544,14.879999999999775
46.660000000000544,14.899999999999775
46.660000000000544,14.919999999999774
46.660000000000544,14.939999999999774
46.660000000000544,14.959999999999773
46.660000000000544,14.979999999999773
46.660000000000544,14.999999999999773
46.660000000000544,15.019999999999772
46.660000000000544,15.039999999999772
46.660000000000544,15.059999999999771
46.660000000000544,15.079999999999771
46.660000000000544,15.09999999999977
46.660000000000544,15.11999999999977
46.660000000000544,15.13999999999977
46.660000000000544,15.15999999999977
46.660000000000544,15.179999999999769
46.660000000000544,15.199999999999768
46.660000000000544,15.219999999999768
46.660000000000544,15.239999999999768
46.660000000000544,15.259999999999767
46.660000000000544,15.279999999999767
46.660000000000544,15.299999999999766
46.660000000000544,15.319999999999766
46.660000000000544,15.339999999999765
46.660000000000544,15.359999999999765
46.660000000000544,15.379999999999765
46.660000000000544,15.399999999999764
46.660000000000544,15.419999999999764
46.660000000000544,15.439999999999763
46.660000000000544,15.459999999999763
46.660000000000544,15.479999999999762
46.660000000000544,15.499999999999762
46.660000000000544,15.519999999999762
46.660000000000544,15.539999999999761
46.660000000000544,15.55999999999976
46.660000000000544,15.57999999999976
46.660000000000544,15.59999999999976
46.660000000000544,15.61999999999976
46.660000000000544,15.639999999999759
46.660000000000544,15.659999999999759
46.660000000000544,15.679999999999758
46.660000000000544,15.699999999999758
46.660000000000544,15.719999999999757
46.660000000000544,15.739999999999757
46.660000000000544,15.759999999999756
46.660000000000544,15.779999999999756
46.660000000000544,15.799999999999756
46.660000000000544,15.819999999999755
46.660000000000544,15.839999999999755
46.660000000000544,15.859999999999754
46.660000000000544,15.879999999999754
46.660000000000544,15.899999999999753
46.660000000000544,15.919999999999753
46.660000000000544,15.939999999999753
46.660000000000544,15.959999999999752
46.660000000000544,15.979999999999752
46.660000000000544,15.999999999999751
46.660000000000544,16.01999999999975
46.660000000000544,16.03999999999975
46.660000000000544,16.05999999999975
46.660000000000544,16.07999999999975
46.660000000000544,16.09999999999975
46.660000000000544,16.11999999999975
46.660000000000544,16.13999999999975
46.660000000000544,16.159999999999748
46.660000000000544,16.179999999999747
46.660000000000544,16.199999999999747
46.660000000000544,16.219999999999747
46.660000000000544,16.239999999999746
46.660000000000544,16.259999999999746
46.660000000000544,16.279999999999745
46.660000000000544,16.299999999999745
46.660000000000544,16.319999999999744
46.660000000000544,16.339999999999744
46.660000000000544,16.359999999999744
46.660000000000544,16.379999999999743
46.660000000000544,16.399999999999743
46.660000000000544,16.419999999999742
46.660000000000544,16.439999999999742
46.660000000000544,16.45999999999974
46.660000000000544,16.47999999999974
46.660000000000544,16.49999999999974
46.660000000000544,16.51999999999974
46.660000000000544,16.53999999999974
46.660000000000544,16.55999999999974
46.660000000000544,16.57999999999974
46.660000000000544,16.59999999999974
46.660000000000544,16.619999999999738
46.660000000000544,16.639999999999738
46.660000000000544,16.659999999999737
46.660000000000544,16.679999999999737
46.660000000000544,16.699999999999736
46.660000000000544,16.719999999999736
46.660000000000544,16.739999999999736
46.68000000000055,12.979999999999816
46.68000000000055,12.999999999999815
46.68000000000055,13.019999999999815
46.68000000000055,13.039999999999814
46.68000000000055,13.059999999999814
46.68000000000055,13.079999999999814
46.68000000000055,13.099999999999813
46.68000000000055,13.119999999999813
46.68000000000055,13.139999999999812
46.68000000000055,13.159999999999812
46.68000000000055,13.179999999999811
46.68000000000055,13.199999999999811
46.68000000000055,13.21999999999981
46.68000000000055,13.23999999999981
46.68000000000055,13.25999999999981
46.68000000000055,13.27999999999981
46.68000000000055,13.299999999999809
46.68000000000055,13.319999999999808
46.68000000000055,13.339999999999808
46.68000000000055,13.359999999999808
46.68000000000055,13.379999999999807
46.68000000000055,13.399999999999807
46.68000000000055,13.419999999999806
46.68000000000055,13.439999999999806
46.68000000000055,13.459999999999805
46.68000000000055,13.479999999999805
46.68000000000055,13.499999999999805
46.68000000000055,13.519999999999804
46.68000000000055,13.539999999999804
46.68000000000055,13.559999999999803
46.68000000000055,13.579999999999803
46.68000000000055,13.599999999999802
46.68000000000055,13.619999999999802
46.68000000000055,13.639999999999802
46.68000000000055,13.659999999999801
46.68000000000055,13.6799999999998
46.68000000000055,13.6999999999998
46.68000000000055,13.7199999999998
46.68000000000055,13.7399999999998
46.68000000000055,13.759999999999799
46.68000000000055,13.779999999999799
46.68000000000055,13.799999999999798
46.68000000000055,13.819999999999798
46.68000000000055,13.839999999999797
46.68000000000055,13.859999999999797
46.68000000000055,13.879999999999797
46.68000000000055,13.899999999999796
46.68000000000055,13.919999999999796
46.68000000000055,13.939999999999795
46.68000000000055,13.959999999999795
46.68000000000055,13.979999999999794
46.68000000000055,13.999999999999794
46.68000000000055,14.019999999999794
46.68000000000055,14.039999999999793
46.68000000000055,14.059999999999793
46.68000000000055,14.079999999999792
46.68000000000055,14.099999999999792
46.68000000000055,14.119999999999791
46.68000000000055,14.139999999999791
46.68000000000055,14.15999999999979
46.68000000000055,14.17999999999979
46.68000000000055,14.19999999999979
46.68000000000055,14.21999999999979
46.68000000000055,14.239999999999789
46.68000000000055,14.259999999999788
46.68000000000055,14.279999999999788
46.68000000000055,14.299999999999788
46.68000000000055,14.319999999999787
46.68000000000055,14.339999999999787
46.68000000000055,14.359999999999786
46.68000000000055,14.379999999999786
46.68000000000055,14.399999999999785
46.68000000000055,14.419999999999785
46.68000000000055,14.439999999999785
46.68000000000055,14.459999999999784
46.68000000000055,14.479999999999784
46.68000000000055,14.499999999999783
46.68000000000055,14.519999999999783
46.68000000000055,14.539999999999782
46.68000000000055,14.559999999999782
46.68000000000055,14.579999999999782
46.68000000000055,14.599999999999781
46.68000000000055,14.61999999999978
46.68000000000055,14.63999999999978
46.68000000000055,14.65999999999978
46.68000000000055,14.67999999999978
46.68000000000055,14.699999999999779
46.68000000000055,14.719999999999779
46.68000000000055,14.739999999999778
46.68000000000055,14.759999999999778
46.68000000000055,14.779999999999777
46.68000000000055,14.799999999999777
46.68000000000055,14.819999999999776
46.68000000000055,14.839999999999776
46.68000000000055,14.859999999999776
46.68000000000055,14.879999999999775
46.68000000000055,14.899999999999775
46.68000000000055,14.919999999999774
46.68000000000055,14.939999999999774
46.68000000000055,14.959999999999773
46.68000000000055,14.979999999999773
46.68000000000055,14.999999999999773
46.68000000000055,15.019999999999772
46.68000000000055,15.039999999999772
46.68000000000055,15.059999999999771
46.68000000000055,15.079999999999771
46.68000000000055,15.09999999999977
46.68000000000055,15.11999999999977
46.68000000000055,15.13999999999977
46.68000000000055,15.15999999999977
46.68000000000055,15.179999999999769
46.68000000000055,15.199999999999768
46.68000000000055,15.219999999999768
46.68000000000055,15.239999999999768
46.68000000000055,15.259999999999767
46.68000000000055,15.279999999999767
46.68000000000055,15.299999999999766
46.68000000000055,15.319999999999766
46.68000000000055,15.339999999999765
46.68000000000055,15.359999999999765
46.68000000000055,15.379999999999765
46.68000000000055,15.399999999999764
46.68000000000055,15.419999999999764
46.68000000000055,15.439999999999763
46.68000000000055,15.459999999999763
46.68000000000055,15.479999999999762
46.68000000000055,15.499999999999762
46.68000000000055,15.519999999999762
46.68000000000055,15.539999999999761
46.68000000000055,15.55999999999976
46.68000000000055,15.57999999999976
46.68000000000055,15.59999999999976
46.68000000000055,15.61999999999976
46.68000000000055,15.639999999999759
46.68000000000055,15.659999999999759
46.68000000000055,15.679999999999758
46.68000000000055,15.699999999999758
46.68000000000055,15.719999999999757
46.68000000000055,15.739999999999757
46.68000000000055,15.759999999999756
46.68000000000055,15.779999999999756
46.68000000000055,15.799999999999756
46.68000000000055,15.819999999999755
46.68000000000055,15.839999999999755
46.68000000000055,15.859999999999754
46.68000000000055,15.879999999999754
46.68000000000055,15.899999999999753
46.68000000000055,15.919999999999753
46.68000000000055,15.939999999999753
46.68000000000055,15.959999999999752
46.68000000000055,15.979999999999752
46.68000000000055,15.999999999999751
46.68000000000055,16.01999999999975
46.68000000000055,16.03999999999975
46.68000000000055,16.05999999999975
46.68000000000055,16.07999999999975
46.68000000000055,16.09999999999975
46.68000000000055,16.11999999999975
46.68000000000055,16.13999999999975
46.68000000000055,16.159999999999748
46.68000000000055,16.179999999999747
46.68000000000055,16.199999999999747
46.68000000000055,16.219999999999747
46.68000000000055,16.239999999999746
46.68000000000055,16.259999999999746
46.68000000000055,16.279999999999745
46.68000000000055,16.299999999999745
46.68000000000055,16.319999999999744
46.68000000000055,16.339999999999744
46.68000000000055,16.359999999999744
46.68000000000055,16.379999999999743
46.68000000000055,16.399999999999743
46.68000000000055,16.419999999999742
46.68000000000055,16.439999999999742
46.68000000000055,16.45999999999974
46.68000000000055,16.47999999999974
46.68000000000055,16.49999999999974
46.68000000000055,16.51999999999974
46.68000000000055,16.53999999999974
46.68000000000055,16.55999999999974
46.68000000000055,16.57999999999974
46.68000000000055,16.59999999999974
46.68000000000055,16.619999999999738
46.68000000000055,16.639999999999738
46.68000000000055,16.659999999999737
46.68000000000055,16.679999999999737
46.68000000000055,16.699999999999736
46.68000000000055,16.719999999999736
46.68000000000055,16.739999999999736
46.70000000000055,12.979999999999816
46.70000000000055,12.999999999999815
46.70000000000055,13.019999999999815
46.70000000000055,13.039999999999814
46.70000000000055,13.059999999999814
46.70000000000055,13.079999999999814
46.70000000000055,13.099999999999813
46.70000000000055,13.119999999999813
46.70000000000055,13.139999999999812
46.70000000000055,13.159999999999812
46.70000000000055,13.179999999999811
46.70000000000055,13.199999999999811
46.70000000000055,13.21999999999981
46.70000000000055,13.23999999999981
46.70000000000055,13.25999999999981
46.70000000000055,13.27999999999981
46.70000000000055,13.299999999999809
46.70000000000055,13.319999999999808
46.70000000000055,13.339999999999808
46.70000000000055,13.359999999999808
46.70000000000055,13.379999999999807
46.70000000000055,13.399999999999807
46.70000000000055,13.419999999999806
46.70000000000055,13.439999999999806
46.70000000000055,13.459999999999805
46.70000000000055,13.479999999999805
46.70000000000055,13.499999999999805
46.70000000000055,13.519999999999804
46.70000000000055,13.539999999999804
46.70000000000055,13.559999999999803
46.70000000000055,13.579999999999803
46.70000000000055,13.599999999999802
46.70000000000055,13.619999999999802
46.70000000000055,13.639999999999802
46.70000000000055,13.659999999999801
46.70000000000055,13.6799999999998
46.70000000000055,13.6999999999998
46.70000000000055,13.7199999999998
46.70000000000055,13.7399999999998
46.70000000000055,13.759999999999799
46.70000000000055,13.779999999999799
46.70000000000055,13.799999999999798
46.70000000000055,13.819999999999798
46.70000000000055,13.839999999999797
46.70000000000055,13.859999999999797
46.70000000000055,13.879999999999797
46.70000000000055,13.899999999999796
46.70000000000055,13.919999999999796
46.70000000000055,13.939999999999795
46.70000000000055,13.959999999999795
46.70000000000055,13.979999999999794
46.70000000000055,13.999999999999794
46.70000000000055,14.019999999999794
46.70000000000055,14.039999999999793
46.70000000000055,14.059999999999793
46.70000000000055,14.079999999999792
46.70000000000055,14.099999999999792
46.70000000000055,14.119999999999791
46.70000000000055,14.139999999999791
46.70000000000055,14.15999999999979
46.70000000000055,14.17999999999979
46.70000000000055,14.19999999999979
46.70000000000055,14.21999999999979
46.70000000000055,14.239999999999789
46.70000000000055,14.259999999999788
46.70000000000055,14.279999999999788
46.70000000000055,14.299999999999788
46.70000000000055,14.319999999999787
46.70000000000055,14.339999999999787
46.70000000000055,14.359999999999786
46.70000000000055,14.379999999999786
46.70000000000055,14.399999999999785
46.70000000000055,14.419999999999785
46.70000000000055,14.439999999999785
46.70000000000055,14.459999999999784
46.70000000000055,14.479999999999784
46.70000000000055,14.499999999999783
46.70000000000055,14.519999999999783
46.70000000000055,14.539999999999782
46.70000000000055,14.559999999999782
46.70000000000055,14.579999999999782
46.70000000000055,14.599999999999781
46.70000000000055,14.61999999999978
46.70000000000055,14.63999999999978
46.70000000000055,14.65999999999978
46.70000000000055,14.67999999999978
46.70000000000055,14.699999999999779
46.70000000000055,14.719999999999779
46.70000000000055,14.739999999999778
46.70000000000055,14.759999999999778
46.70000000000055,14.779999999999777
46.70000000000055,14.799999999999777
46.70000000000055,14.819999999999776
46.70000000000055,14.839999999999776
46.70000000000055,14.859999999999776
46.70000000000055,14.879999999999775
46.70000000000055,14.899999999999775
46.70000000000055,14.919999999999774
46.70000000000055,14.939999999999774
46.70000000000055,14.959999999999773
46.70000000000055,14.979999999999773
46.70000000000055,14.999999999999773
46.70000000000055,15.019999999999772
46.70000000000055,15.039999999999772
46.70000000000055,15.059999999999771
46.70000000000055,15.079999999999771
46.70000000000055,15.09999999999977
46.70000000000055,15.11999999999977
46.70000000000055,15.13999999999977
46.70000000000055,15.15999999999977
46.70000000000055,15.179999999999769
46.70000000000055,15.199999999999768
46.70000000000055,15.219999999999768
46.70000000000055,15.239999999999768
46.70000000000055,15.259999999999767
46.70000000000055,15.279999999999767
46.70000000000055,15.299999999999766
46.70000000000055,15.319999999999766
46.70000000000055,15.339999999999765
46.70000000000055,15.359999999999765
46.70000000000055,15.379999999999765
46.70000000000055,15.399999999999764
46.70000000000055,15.419999999999764
46.70000000000055,15.439999999999763
46.70000000000055,15.459999999999763
46.70000000000055,15.479999999999762
46.70000000000055,15.499999999999762
46.70000000000055,15.519999999999762
46.70000000000055,15.539999999999761
46.70000000000055,15.55999999999976
46.70000000000055,15.57999999999976
46.70000000000055,15.59999999999976
46.70000000000055,15.61999999999976
46.70000000000055,15.639999999999759
46.70000000000055,15.659999999999759
46.70000000000055,15.679999999999758
46.70000000000055,15.699999999999758
46.70000000000055,15.719999999999757
46.70000000000055,15.739999999999757
46.70000000000055,15.759999999999756
46.70000000000055,15.779999999999756
46.70000000000055,15.799999999999756
46.70000000000055,15.819999999999755
46.70000000000055,15.839999999999755
46.70000000000055,15.859999999999754
46.70000000000055,15.879999999999754
46.70000000000055,15.899999999999753
46.70000000000055,15.919999999999753
46.70000000000055,15.939999999999753
46.70000000000055,15.959999999999752
46.70000000000055,15.979999999999752
46.70000000000055,15.999999999999751
46.70000000000055,16.01999999999975
46.70000000000055,16.03999999999975
46.70000000000055,16.05999999999975
46.70000000000055,16.07999999999975
46.70000000000055,16.09999999999975
46.70000000000055,16.11999999999975
46.70000000000055,16.13999999999975
46.70000000000055,16.159999999999748
46.70000000000055,16.179999999999747
46.70000000000055,16.199999999999747
46.70000000000055,16.219999999999747
46.70000000000055,16.239999999999746
46.70000000000055,16.259999999999746
46.70000000000055,16.279999999999745
46.70000000000055,16.299999999999745
46.70000000000055,16.319999999999744
46.70000000000055,16.339999999999744
46.70000000000055,16.359999999999744
46.70000000000055,16.379999999999743
46.70000000000055,16.399999999999743
46.70000000000055,16.419999999999742
46.70000000000055,16.439999999999742
46.70000000000055,16.45999999999974
46.70000000000055,16.47999999999974
46.70000000000055,16.49999999999974
46.70000000000055,16.51999999999974
46.70000000000055,16.53999999999974
46.70000000000055,16.55999999999974
46.70000000000055,16.57999999999974
46.70000000000055,16.59999999999974
46.70000000000055,16.619999999999738
46.70000000000055,16.639999999999738
46.70000000000055,16.659999999999737
46.70000000000055,16.679999999999737
46.70000000000055,16.699999999999736
46.70000000000055,16.719999999999736
46.70000000000055,16.739999999999736
46.72000000000055,12.979999999999816
46.72000000000055,12.999999999999815
46.72000000000055,13.019999999999815
46.72000000000055,13.039999999999814
46.72000000000055,13.059999999999814
46.72000000000055,13.079999999999814
46.72000000000055,13.099999999999813
46.72000000000055,13.119999999999813
46.72000000000055,13.139999999999812
46.72000000000055,13.159999999999812
46.72000000000055,13.179999999999811
46.72000000000055,13.199999999999811
46.72000000000055,13.21999999999981
46.72000000000055,13.23999999999981
46.72000000000055,13.25999999999981
46.72000000000055,13.27999999999981
46.72000000000055,13.299999999999809
46.72000000000055,13.319999999999808
46.72000000000055,13.339999999999808
46.72000000000055,13.359999999999808
46.72000000000055,13.379999999999807
46.72000000000055,13.399999999999807
46.72000000000055,13.419999999999806
46.72000000000055,13.439999999999806
46.72000000000055,13.459999999999805
46.72000000000055,13.479999999999805
46.72000000000055,13.499999999999805
46.72000000000055,13.519999999999804
46.72000000000055,13.539999999999804
46.72000000000055,13.559999999999803
46.72000000000055,13.579999999999803
46.72000000000055,13.599999999999802
46.72000000000055,13.619999999999802
46.72000000000055,13.639999999999802
46.72000000000055,13.659999999999801
46.72000000000055,13.6799999999998
46.72000000000055,13.6999999999998
46.72000000000055,13.7199999999998
46.72000000000055,13.7399999999998
46.72000000000055,13.759999999999799
46.72000000000055,13.779999999999799
46.72000000000055,13.799999999999798
46.72000000000055,13.819999999999798
46.72000000000055,13.839999999999797
46.72000000000055,13.859999999999797
46.72000000000055,13.879999999999797
46.72000000000055,13.899999999999796
46.72000000000055,13.919999999999796
46.72000000000055,13.939999999999795
46.72000000000055,13.959999999999795
46.72000000000055,13.979999999999794
46.72000000000055,13.999999999999794
46.72000000000055,14.019999999999794
46.72000000000055,14.039999999999793
46.72000000000055,14.059999999999793
46.72000000000055,14.079999999999792
46.72000000000055,14.099999999999792
46.72000000000055,14.119999999999791
46.72000000000055,14.139999999999791
46.72000000000055,14.15999999999979
46.72000000000055,14.17999999999979
46.72000000000055,14.19999999999979
46.72000000000055,14.21999999999979
46.72000000000055,14.239999999999789
46.72000000000055,14.259999999999788
46.72000000000055,14.279999999999788
46.72000000000055,14.299999999999788
46.72000000000055,14.319999999999787
46.72000000000055,14.339999999999787
46.72000000000055,14.359999999999786
46.72000000000055,14.379999999999786
46.72000000000055,14.399999999999785
46.72000000000055,14.419999999999785
46.72000000000055,14.439999999999785
46.72000000000055,14.459999999999784
46.72000000000055,14.479999999999784
46.72000000000055,14.499999999999783
46.72000000000055,14.519999999999783
46.72000000000055,14.539999999999782
46.72000000000055,14.559999999999782
46.72000000000055,14.579999999999782
46.72000000000055,14.599999999999781
46.72000000000055,14.61999999999978
46.72000000000055,14.63999999999978
46.72000000000055,14.65999999999978
46.72000000000055,14.67999999999978
46.72000000000055,14.699999999999779
46.72000000000055,14.719999999999779
46.72000000000055,14.739999999999778
46.72000000000055,14.759999999999778
46.72000000000055,14.779999999999777
46.72000000000055,14.799999999999777
46.72000000000055,14.819999999999776
46.72000000000055,14.839999999999776
46.72000000000055,14.859999999999776
46.72000000000055,14.879999999999775
46.72000000000055,14.899999999999775
46.72000000000055,14.919999999999774
46.72000000000055,14.939999999999774
46.72000000000055,14.959999999999773
46.72000000000055,14.979999999999773
46.72000000000055,14.999999999999773
46.72000000000055,15.019999999999772
46.72000000000055,15.039999999999772
46.72000000000055,15.059999999999771
46.72000000000055,15.079999999999771
46.72000000000055,15.09999999999977
46.72000000000055,15.11999999999977
46.72000000000055,15.13999999999977
46.72000000000055,15.15999999999977
46.72000000000055,15.179999999999769
46.72000000000055,15.199999999999768
46.72000000000055,15.219999999999768
46.72000000000055,15.239999999999768
46.72000000000055,15.259999999999767
46.72000000000055,15.279999999999767
46.72000000000055,15.299999999999766
46.72000000000055,15.319999999999766
46.72000000000055,15.339999999999765
46.72000000000055,15.359999999999765
46.72000000000055,15.379999999999765
46.72000000000055,15.399999999999764
46.72000000000055,15.419999999999764
46.72000000000055,15.439999999999763
46.72000000000055,15.459999999999763
46.72000000000055,15.479999999999762
46.72000000000055,15.499999999999762
46.72000000000055,15.519999999999762
46.72000000000055,15.539999999999761
46.72000000000055,15.55999999999976
46.72000000000055,15.57999999999976
46.72000000000055,15.59999999999976
46.72000000000055,15.61999999999976
46.72000000000055,15.639999999999759
46.72000000000055,15.659999999999759
46.72000000000055,15.679999999999758
46.72000000000055,15.699999999999758
46.72000000000055,15.719999999999757
46.72000000000055,15.739999999999757
46.72000000000055,15.759999999999756
46.72000000000055,15.779999999999756
46.72000000000055,15.799999999999756
46.72000000000055,15.819999999999755
46.72000000000055,15.839999999999755
46.72000000000055,15.859999999999754
46.72000000000055,15.879999999999754
46.72000000000055,15.899999999999753
46.72000000000055,15.919999999999753
46.72000000000055,15.939999999999753
46.72000000000055,15.959999999999752
46.72000000000055,15.979999999999752
46.72000000000055,15.999999999999751
46.72000000000055,16.01999999999975
46.72000000000055,16.03999999999975
46.72000000000055,16.05999999999975
46.72000000000055,16.07999999999975
46.72000000000055,16.09999999999975
46.72000000000055,16.11999999999975
46.72000000000055,16.13999999999975
46.72000000000055,16.159999999999748
46.72000000000055,16.179999999999747
46.72000000000055,16.199999999999747
46.72000000000055,16.219999999999747
46.72000000000055,16.239999999999746
46.72000000000055,16.259999999999746
46.72000000000055,16.279999999999745
46.72000000000055,16.299999999999745
46.72000000000055,16.319999999999744
46.72000000000055,16.339999999999744
46.72000000000055,16.359999999999744
46.72000000000055,16.379999999999743
46.72000000000055,16.399999999999743
46.72000000000055,16.419999999999742
46.72000000000055,16.439999999999742
46.72000000000055,16.45999999999974
46.72000000000055,16.47999999999974
46.72000000000055,16.49999999999974
46.72000000000055,16.51999999999974
46.72000000000055,16.53999999999974
46.72000000000055,16.55999999999974
46.72000000000055,16.57999999999974
46.72000000000055,16.59999999999974
46.72000000000055,16.619999999999738
46.72000000000055,16.639999999999738
46.72000000000055,16.659999999999737
46.72000000000055,16.679999999999737
46.72000000000055,16.699999999999736
46.72000000000055,16.719999999999736
46.72000000000055,16.739999999999736
46.740000000000556,12.979999999999816
46.740000000000556,12.999999999999815
46.740000000000556,13.019999999999815
46.740000000000556,13.039999999999814
46.740000000000556,13.059999999999814
46.740000000000556,13.079999999999814
46.740000000000556,13.099999999999813
46.740000000000556,13.119999999999813
46.740000000000556,13.139999999999812
46.740000000000556,13.159999999999812
46.740000000000556,13.179999999999811
46.740000000000556,13.199999999999811
46.740000000000556,13.21999999999981
46.740000000000556,13.23999999999981
46.740000000000556,13.25999999999981
46.740000000000556,13.27999999999981
46.740000000000556,13.299999999999809
46.740000000000556,13.319999999999808
46.740000000000556,13.339999999999808
46.740000000000556,13.359999999999808
46.740000000000556,13.379999999999807
46.740000000000556,13.399999999999807
46.740000000000556,13.419999999999806
46.740000000000556,13.439999999999806
46.740000000000556,13.459999999999805
46.740000000000556,13.479999999999805
46.740000000000556,13.499999999999805
46.740000000000556,13.519999999999804
46.740000000000556,13.539999999999804
46.740000000000556,13.559999999999803
46.740000000000556,13.579999999999803
46.740000000000556,13.599999999999802
46.740000000000556,13.619999999999802
46.740000000000556,13.639999999999802
46.740000000000556,13.659999999999801
46.740000000000556,13.6799999999998
46.740000000000556,13.6999999999998
46.740000000000556,13.7199999999998
46.740000000000556,13.7399999999998
46.740000000000556,13.759999999999799
46.740000000000556,13.779999999999799
46.740000000000556,13.799999999999798
46.740000000000556,13.819999999999798
46.740000000000556,13.839999999999797
46.740000000000556,13.859999999999797
46.740000000000556,13.879999999999797
46.740000000000556,13.899999999999796
46.740000000000556,13.919999999999796
46.740000000000556,13.939999999999795
46.740000000000556,13.959999999999795
46.740000000000556,13.979999999999794
46.740000000000556,13.999999999999794
46.740000000000556,14.019999999999794
46.740000000000556,14.039999999999793
46.740000000000556,14.059999999999793
46.740000000000556,14.079999999999792
46.740000000000556,14.099999999999792
46.740000000000556,14.119999999999791
46.740000000000556,14.139999999999791
46.740000000000556,14.15999999999979
46.740000000000556,14.17999999999979
46.740000000000556,14.19999999999979
46.740000000000556,14.21999999999979
46.740000000000556,14.239999999999789
46.740000000000556,14.259999999999788
46.740000000000556,14.279999999999788
46.740000000000556,14.299999999999788
46.740000000000556,14.319999999999787
46.740000000000556,14.339999999999787
46.740000000000556,14.359999999999786
46.740000000000556,14.379999999999786
46.740000000000556,14.399999999999785
46.740000000000556,14.419999999999785
46.740000000000556,14.439999999999785
46.740000000000556,14.459999999999784
46.740000000000556,14.479999999999784
46.740000000000556,14.499999999999783
46.740000000000556,14.519999999999783
46.740000000000556,14.539999999999782
46.740000000000556,14.559999999999782
46.740000000000556,14.579999999999782
46.740000000000556,14.599999999999781
46.740000000000556,14.61999999999978
46.740000000000556,14.63999999999978
46.740000000000556,14.65999999999978
46.740000000000556,14.67999999999978
46.740000000000556,14.699999999999779
46.740000000000556,14.719999999999779
46.740000000000556,14.739999999999778
46.740000000000556,14.759999999999778
46.740000000000556,14.779999999999777
46.740000000000556,14.799999999999777
46.740000000000556,14.819999999999776
46.740000000000556,14.839999999999776
46.740000000000556,14.859999999999776
46.740000000000556,14.879999999999775
46.740000000000556,14.899999999999775
46.740000000000556,14.919999999999774
46.740000000000556,14.939999999999774
46.740000000000556,14.959999999999773
46.740000000000556,14.979999999999773
46.740000000000556,14.999999999999773
46.740000000000556,15.019999999999772
46.740000000000556,15.039999999999772
46.740000000000556,15.059999999999771
46.740000000000556,15.079999999999771
46.740000000000556,15.09999999999977
46.740000000000556,15.11999999999977
46.740000000000556,15.13999999999977
46.740000000000556,15.15999999999977
46.740000000000556,15.179999999999769
46.740000000000556,15.199999999999768
46.740000000000556,15.219999999999768
46.740000000000556,15.239999999999768
46.740000000000556,15.259999999999767
46.740000000000556,15.279999999999767
46.740000000000556,15.299999999999766
46.740000000000556,15.319999999999766
46.740000000000556,15.339999999999765
46.740000000000556,15.359999999999765
46.740000000000556,15.379999999999765
46.740000000000556,15.399999999999764
46.740000000000556,15.419999999999764
46.740000000000556,15.439999999999763
46.740000000000556,15.459999999999763
46.740000000000556,15.479999999999762
46.740000000000556,15.499999999999762
46.740000000000556,15.519999999999762
46.740000000000556,15.539999999999761
46.740000000000556,15.55999999999976
46.740000000000556,15.57999999999976
46.740000000000556,15.59999999999976
46.740000000000556,15.61999999999976
46.740000000000556,15.639999999999759
46.740000000000556,15.659999999999759
46.740000000000556,15.679999999999758
46.740000000000556,15.699999999999758
46.740000000000556,15.719999999999757
46.740000000000556,15.739999999999757
46.740000000000556,15.759999999999756
46.740000000000556,15.779999999999756
46.740000000000556,15.799999999999756
46.740000000000556,15.819999999999755
46.740000000000556,15.839999999999755
46.740000000000556,15.859999999999754
46.740000000000556,15.879999999999754
46.740000000000556,15.899999999999753
46.740000000000556,15.919999999999753
46.740000000000556,15.939999999999753
46.740000000000556,15.959999999999752
46.740000000000556,15.979999999999752
46.740000000000556,15.999999999999751
46.740000000000556,16.01999999999975
46.740000000000556,16.03999999999975
46.740000000000556,16.05999999999975
46.740000000000556,16.07999999999975
46.740000000000556,16.09999999999975
46.740000000000556,16.11999999999975
46.740000000000556,16.13999999999975
46.740000000000556,16.159999999999748
46.740000000000556,16.179999999999747
46.740000000000556,16.199999999999747
46.740000000000556,16.219999999999747
46.740000000000556,16.239999999999746
46.740000000000556,16.259999999999746
46.740000000000556,16.279999999999745
46.740000000000556,16.299999999999745
46.740000000000556,16.319999999999744
46.740000000000556,16.339999999999744
46.740000000000556,16.359999999999744
46.740000000000556,16.379999999999743
46.740000000000556,16.399999999999743
46.740000000000556,16.419999999999742
46.740000000000556,16.439999999999742
46.740000000000556,16.45999999999974
46.740000000000556,16.47999999999974
46.740000000000556,16.49999999999974
46.740000000000556,16.51999999999974
46.740000000000556,16.53999999999974
46.740000000000556,16.55999999999974
46.740000000000556,16.57999999999974
46.740000000000556,16.59999999999974
46.740000000000556,16.619999999999738
46.740000000000556,16.639999999999738
46.740000000000556,16.659999999999737
46.740000000000556,16.679999999999737
46.740000000000556,16.699999999999736
46.740000000000556,16.719999999999736
46.740000000000556,16.739999999999736
46.76000000000056,12.979999999999816
46.76000000000056,12.999999999999815
46.76000000000056,13.019999999999815
46.76000000000056,13.039999999999814
46.76000000000056,13.059999999999814
46.76000000000056,13.079999999999814
46.76000000000056,13.099999999999813
46.76000000000056,13.119999999999813
46.76000000000056,13.139999999999812
46.76000000000056,13.159999999999812
46.76000000000056,13.179999999999811
46.76000000000056,13.199999999999811
46.76000000000056,13.21999999999981
46.76000000000056,13.23999999999981
46.76000000000056,13.25999999999981
46.76000000000056,13.27999999999981
46.76000000000056,13.299999999999809
46.76000000000056,13.319999999999808
46.76000000000056,13.339999999999808
46.76000000000056,13.359999999999808
46.76000000000056,13.379999999999807
46.76000000000056,13.399999999999807
46.76000000000056,13.419999999999806
46.76000000000056,13.439999999999806
46.76000000000056,13.459999999999805
46.76000000000056,13.479999999999805
46.76000000000056,13.499999999999805
46.76000000000056,13.519999999999804
46.76000000000056,13.539999999999804
46.76000000000056,13.559999999999803
46.76000000000056,13.579999999999803
46.76000000000056,13.599999999999802
46.76000000000056,13.619999999999802
46.76000000000056,13.639999999999802
46.76000000000056,13.659999999999801
46.76000000000056,13.6799999999998
46.76000000000056,13.6999999999998
46.76000000000056,13.7199999999998
46.76000000000056,13.7399999999998
46.76000000000056,13.759999999999799
46.76000000000056,13.779999999999799
46.76000000000056,13.799999999999798
46.76000000000056,13.819999999999798
46.76000000000056,13.839999999999797
46.76000000000056,13.859999999999797
46.76000000000056,13.879999999999797
46.76000000000056,13.899999999999796
46.76000000000056,13.919999999999796
46.76000000000056,13.939999999999795
46.76000000000056,13.959999999999795
46.76000000000056,13.979999999999794
46.76000000000056,13.999999999999794
46.76000000000056,14.019999999999794
46.76000000000056,14.039999999999793
46.76000000000056,14.059999999999793
46.76000000000056,14.079999999999792
46.76000000000056,14.099999999999792
46.76000000000056,14.119999999999791
46.76000000000056,14.139999999999791
46.76000000000056,14.15999999999979
46.76000000000056,14.17999999999979
46.76000000000056,14.19999999999979
46.76000000000056,14.21999999999979
46.76000000000056,14.239999999999789
46.76000000000056,14.259999999999788
46.76000000000056,14.279999999999788
46.76000000000056,14.299999999999788
46.76000000000056,14.319999999999787
46.76000000000056,14.339999999999787
46.76000000000056,14.359999999999786
46.76000000000056,14.379999999999786
46.76000000000056,14.399999999999785
46.76000000000056,14.419999999999785
46.76000000000056,14.439999999999785
46.76000000000056,14.459999999999784
46.76000000000056,14.479999999999784
46.76000000000056,14.499999999999783
46.76000000000056,14.519999999999783
46.76000000000056,14.539999999999782
46.76000000000056,14.559999999999782
46.76000000000056,14.579999999999782
46.76000000000056,14.599999999999781
46.76000000000056,14.61999999999978
46.76000000000056,14.63999999999978
46.76000000000056,14.65999999999978
46.76000000000056,14.67999999999978
46.76000000000056,14.699999999999779
46.76000000000056,14.719999999999779
46.76000000000056,14.739999999999778
46.76000000000056,14.759999999999778
46.76000000000056,14.779999999999777
46.76000000000056,14.799999999999777
46.76000000000056,14.819999999999776
46.76000000000056,14.839999999999776
46.76000000000056,14.859999999999776
46.76000000000056,14.879999999999775
46.76000000000056,14.899999999999775
46.76000000000056,14.919999999999774
46.76000000000056,14.939999999999774
46.76000000000056,14.959999999999773
46.76000000000056,14.979999999999773
46.76000000000056,14.999999999999773
46.76000000000056,15.019999999999772
46.76000000000056,15.039999999999772
46.76000000000056,15.059999999999771
46.76000000000056,15.079999999999771
46.76000000000056,15.09999999999977
46.76000000000056,15.11999999999977
46.76000000000056,15.13999999999977
46.76000000000056,15.15999999999977
46.76000000000056,15.179999999999769
46.76000000000056,15.199999999999768
46.76000000000056,15.219999999999768
46.76000000000056,15.239999999999768
46.76000000000056,15.259999999999767
46.76000000000056,15.279999999999767
46.76000000000056,15.299999999999766
46.76000000000056,15.319999999999766
46.76000000000056,15.339999999999765
46.76000000000056,15.359999999999765
46.76000000000056,15.379999999999765
46.76000000000056,15.399999999999764
46.76000000000056,15.419999999999764
46.76000000000056,15.439999999999763
46.76000000000056,15.459999999999763
46.76000000000056,15.479999999999762
46.76000000000056,15.499999999999762
46.76000000000056,15.519999999999762
46.76000000000056,15.539999999999761
46.76000000000056,15.55999999999976
46.76000000000056,15.57999999999976
46.76000000000056,15.59999999999976
46.76000000000056,15.61999999999976
46.76000000000056,15.639999999999759
46.76000000000056,15.659999999999759
46.76000000000056,15.679999999999758
46.76000000000056,15.699999999999758
46.76000000000056,15.719999999999757
46.76000000000056,15.739999999999757
46.76000000000056,15.759999999999756
46.76000000000056,15.779999999999756
46.76000000000056,15.799999999999756
46.76000000000056,15.819999999999755
46.76000000000056,15.839999999999755
46.76000000000056,15.859999999999754
46.76000000000056,15.879999999999754
46.76000000000056,15.899999999999753
46.76000000000056,15.919999999999753
46.76000000000056,15.939999999999753
46.76000000000056,15.959999999999752
46.76000000000056,15.979999999999752
46.76000000000056,15.999999999999751
46.76000000000056,16.01999999999975
46.76000000000056,16.03999999999975
46.76000000000056,16.05999999999975
46.76000000000056,16.07999999999975
46.76000000000056,16.09999999999975
46.76000000000056,16.11999999999975
46.76000000000056,16.13999999999975
46.76000000000056,16.159999999999748
46.76000000000056,16.179999999999747
46.76000000000056,16.199999999999747
46.76000000000056,16.219999999999747
46.76000000000056,16.239999999999746
46.76000000000056,16.259999999999746
46.76000000000056,16.279999999999745
46.76000000000056,16.299999999999745
46.76000000000056,16.319999999999744
46.76000000000056,16.339999999999744
46.76000000000056,16.359999999999744
46.76000000000056,16.379999999999743
46.76000000000056,16.399999999999743
46.76000000000056,16.419999999999742
46.76000000000056,16.439999999999742
46.76000000000056,16.45999999999974
46.76000000000056,16.47999999999974
46.76000000000056,16.49999999999974
46.76000000000056,16.51999999999974
46.76000000000056,16.53999999999974
46.76000000000056,16.55999999999974
46.76000000000056,16.57999999999974
46.76000000000056,16.59999999999974
46.76000000000056,16.619999999999738
46.76000000000056,16.639999999999738
46.76000000000056,16.659999999999737
46.76000000000056,16.679999999999737
46.76000000000056,16.699999999999736
46.76000000000056,16.719999999999736
46.76000000000056,16.739999999999736
46.78000000000056,12.979999999999816
46.78000000000056,12.999999999999815
46.78000000000056,13.019999999999815
46.78000000000056,13.039999999999814
46.78000000000056,13.059999999999814
46.78000000000056,13.079999999999814
46.78000000000056,13.099999999999813
46.78000000000056,13.119999999999813
46.78000000000056,13.139999999999812
46.78000000000056,13.159999999999812
46.78000000000056,13.179999999999811
46.78000000000056,13.199999999999811
46.78000000000056,13.21999999999981
46.78000000000056,13.23999999999981
46.78000000000056,13.25999999999981
46.78000000000056,13.27999999999981
46.78000000000056,13.299999999999809
46.78000000000056,13.319999999999808
46.78000000000056,13.339999999999808
46.78000000000056,13.359999999999808
46.78000000000056,13.379999999999807
46.78000000000056,13.399999999999807
46.78000000000056,13.419999999999806
46.78000000000056,13.439999999999806
46.78000000000056,13.459999999999805
46.78000000000056,13.479999999999805
46.78000000000056,13.499999999999805
46.78000000000056,13.519999999999804
46.78000000000056,13.539999999999804
46.78000000000056,13.559999999999803
46.78000000000056,13.579999999999803
46.78000000000056,13.599999999999802
46.78000000000056,13.619999999999802
46.78000000000056,13.639999999999802
46.78000000000056,13.659999999999801
46.78000000000056,13.6799999999998
46.78000000000056,13.6999999999998
46.78000000000056,13.7199999999998
46.78000000000056,13.7399999999998
46.78000000000056,13.759999999999799
46.78000000000056,13.779999999999799
46.78000000000056,13.799999999999798
46.78000000000056,13.819999999999798
46.78000000000056,13.839999999999797
46.78000000000056,13.859999999999797
46.78000000000056,13.879999999999797
46.78000000000056,13.899999999999796
46.78000000000056,13.919999999999796
46.78000000000056,13.939999999999795
46.78000000000056,13.959999999999795
46.78000000000056,13.979999999999794
46.78000000000056,13.999999999999794
46.78000000000056,14.019999999999794
46.78000000000056,14.039999999999793
46.78000000000056,14.059999999999793
46.78000000000056,14.079999999999792
46.78000000000056,14.099999999999792
46.78000000000056,14.119999999999791
46.78000000000056,14.139999999999791
46.78000000000056,14.15999999999979
46.78000000000056,14.17999999999979
46.78000000000056,14.19999999999979
46.78000000000056,14.21999999999979
46.78000000000056,14.239999999999789
46.78000000000056,14.259999999999788
46.78000000000056,14.279999999999788
46.78000000000056,14.299999999999788
46.78000000000056,14.319999999999787
46.78000000000056,14.339999999999787
46.78000000000056,14.359999999999786
46.78000000000056,14.379999999999786
46.78000000000056,14.399999999999785
46.78000000000056,14.419999999999785
46.78000000000056,14.439999999999785
46.78000000000056,14.459999999999784
46.78000000000056,14.479999999999784
46.78000000000056,14.499999999999783
46.78000000000056,14.519999999999783
46.78000000000056,14.539999999999782
46.78000000000056,14.559999999999782
46.78000000000056,14.579999999999782
46.78000000000056,14.599999999999781
46.78000000000056,14.61999999999978
46.78000000000056,14.63999999999978
46.78000000000056,14.65999999999978
46.78000000000056,14.67999999999978
46.78000000000056,14.699999999999779
46.78000000000056,14.719999999999779
46.78000000000056,14.739999999999778
46.78000000000056,14.759999999999778
46.78000000000056,14.779999999999777
46.78000000000056,14.799999999999777
46.78000000000056,14.819999999999776
46.78000000000056,14.839999999999776
46.78000000000056,14.859999999999776
46.78000000000056,14.879999999999775
46.78000000000056,14.899999999999775
46.78000000000056,14.919999999999774
46.78000000000056,14.939999999999774
46.78000000000056,14.959999999999773
46.78000000000056,14.979999999999773
46.78000000000056,14.999999999999773
46.78000000000056,15.019999999999772
46.78000000000056,15.039999999999772
46.78000000000056,15.059999999999771
46.78000000000056,15.079999999999771
46.78000000000056,15.09999999999977
46.78000000000056,15.11999999999977
46.78000000000056,15.13999999999977
46.78000000000056,15.15999999999977
46.78000000000056,15.179999999999769
46.78000000000056,15.199999999999768
46.78000000000056,15.219999999999768
46.78000000000056,15.239999999999768
46.78000000000056,15.259999999999767
46.78000000000056,15.279999999999767
46.78000000000056,15.299999999999766
46.78000000000056,15.319999999999766
46.78000000000056,15.339999999999765
46.78000000000056,15.359999999999765
46.78000000000056,15.379999999999765
46.78000000000056,15.399999999999764
46.78000000000056,15.419999999999764
46.78000000000056,15.439999999999763
46.78000000000056,15.459999999999763
46.78000000000056,15.479999999999762
46.78000000000056,15.499999999999762
46.78000000000056,15.519999999999762
46.78000000000056,15.539999999999761
46.78000000000056,15.55999999999976
46.78000000000056,15.57999999999976
46.78000000000056,15.59999999999976
46.78000000000056,15.61999999999976
46.78000000000056,15.639999999999759
46.78000000000056,15.659999999999759
46.78000000000056,15.679999999999758
46.78000000000056,15.699999999999758
46.78000000000056,15.719999999999757
46.78000000000056,15.739999999999757
46.78000000000056,15.759999999999756
46.78000000000056,15.779999999999756
46.78000000000056,15.799999999999756
46.78000000000056,15.819999999999755
46.78000000000056,15.839999999999755
46.78000000000056,15.859999999999754
46.78000000000056,15.879999999999754
46.78000000000056,15.899999999999753
46.78000000000056,15.919999999999753
46.78000000000056,15.939999999999753
46.78000000000056,15.959999999999752
46.78000000000056,15.979999999999752
46.78000000000056,15.999999999999751
46.78000000000056,16.01999999999975
46.78000000000056,16.03999999999975
46.78000000000056,16.05999999999975
46.78000000000056,16.07999999999975
46.78000000000056,16.09999999999975
46.78000000000056,16.11999999999975
46.78000000000056,16.13999999999975
46.78000000000056,16.159999999999748
46.78000000000056,16.179999999999747
46.78000000000056,16.199999999999747
46.78000000000056,16.219999999999747
46.78000000000056,16.239999999999746
46.78000000000056,16.259999999999746
46.78000000000056,16.279999999999745
46.78000000000056,16.299999999999745
46.78000000000056,16.319999999999744
46.78000000000056,16.339999999999744
46.78000000000056,16.359999999999744
46.78000000000056,16.379999999999743
46.78000000000056,16.399999999999743
46.78000000000056,16.419999999999742
46.78000000000056,16.439999999999742
46.78000000000056,16.45999999999974
46.78000000000056,16.47999999999974
46.78000000000056,16.49999999999974
46.78000000000056,16.51999999999974
46.78000000000056,16.53999999999974
46.78000000000056,16.55999999999974
46.78000000000056,16.57999999999974
46.78000000000056,16.59999999999974
46.78000000000056,16.619999999999738
46.78000000000056,16.639999999999738
46.78000000000056,16.659999999999737
46.78000000000056,16.679999999999737
46.78000000000056,16.699999999999736
46.78000000000056,16.719999999999736
46.78000000000056,16.739999999999736
46.800000000000566,12.979999999999816
46.800000000000566,12.999999999999815
46.800000000000566,13.019999999999815
46.800000000000566,13.039999999999814
46.800000000000566,13.059999999999814
46.800000000000566,13.079999999999814
46.800000000000566,13.099999999999813
46.800000000000566,13.119999999999813
46.800000000000566,13.139999999999812
46.800000000000566,13.159999999999812
46.800000000000566,13.179999999999811
46.800000000000566,13.199999999999811
46.800000000000566,13.21999999999981
46.800000000000566,13.23999999999981
46.800000000000566,13.25999999999981
46.800000000000566,13.27999999999981
46.800000000000566,13.299999999999809
46.800000000000566,13.319999999999808
46.800000000000566,13.339999999999808
46.800000000000566,13.359999999999808
46.800000000000566,13.379999999999807
46.800000000000566,13.399999999999807
46.800000000000566,13.419999999999806
46.800000000000566,13.439999999999806
46.800000000000566,13.459999999999805
46.800000000000566,13.479999999999805
46.800000000000566,13.499999999999805
46.800000000000566,13.519999999999804
46.800000000000566,13.539999999999804
46.800000000000566,13.559999999999803
46.800000000000566,13.579999999999803
46.800000000000566,13.599999999999802
46.800000000000566,13.619999999999802
46.800000000000566,13.639999999999802
46.800000000000566,13.659999999999801
46.800000000000566,13.6799999999998
46.800000000000566,13.6999999999998
46.800000000000566,13.7199999999998
46.800000000000566,13.7399999999998
46.800000000000566,13.759999999999799
46.800000000000566,13.779999999999799
46.800000000000566,13.799999999999798
46.800000000000566,13.819999999999798
46.800000000000566,13.839999999999797
46.800000000000566,13.859999999999797
46.800000000000566,13.879999999999797
46.800000000000566,13.899999999999796
46.800000000000566,13.919999999999796
46.800000000000566,13.939999999999795
46.800000000000566,13.959999999999795
46.800000000000566,13.979999999999794
46.800000000000566,13.999999999999794
46.800000000000566,14.019999999999794
46.800000000000566,14.039999999999793
46.800000000000566,14.059999999999793
46.800000000000566,14.079999999999792
46.800000000000566,14.099999999999792
46.800000000000566,14.119999999999791
46.800000000000566,14.139999999999791
46.800000000000566,14.15999999999979
46.800000000000566,14.17999999999979
46.800000000000566,14.19999999999979
46.800000000000566,14.21999999999979
46.800000000000566,14.239999999999789
46.800000000000566,14.259999999999788
46.800000000000566,14.279999999999788
46.800000000000566,14.299999999999788
46.800000000000566,14.319999999999787
46.800000000000566,14.339999999999787
46.800000000000566,14.359999999999786
46.800000000000566,14.379999999999786
46.800000000000566,14.399999999999785
46.800000000000566,14.419999999999785
46.800000000000566,14.439999999999785
46.800000000000566,14.459999999999784
46.800000000000566,14.479999999999784
46.800000000000566,14.499999999999783
46.800000000000566,14.519999999999783
46.800000000000566,14.539999999999782
46.800000000000566,14.559999999999782
46.800000000000566,14.579999999999782
46.800000000000566,14.599999999999781
46.800000000000566,14.61999999999978
46.800000000000566,14.63999999999978
46.800000000000566,14.65999999999978
46.800000000000566,14.67999999999978
46.800000000000566,14.699999999999779
46.800000000000566,14.719999999999779
46.800000000000566,14.739999999999778
46.800000000000566,14.759999999999778
46.800000000000566,14.779999999999777
46.800000000000566,14.799999999999777
46.800000000000566,14.819999999999776
46.800000000000566,14.839999999999776
46.800000000000566,14.859999999999776
46.800000000000566,14.879999999999775
46.800000000000566,14.899999999999775
46.800000000000566,14.919999999999774
46.800000000000566,14.939999999999774
46.800000000000566,14.959999999999773
46.800000000000566,14.979999999999773
46.800000000000566,14.999999999999773
46.800000000000566,15.019999999999772
46.800000000000566,15.039999999999772
46.800000000000566,15.059999999999771
46.800000000000566,15.079999999999771
46.800000000000566,15.09999999999977
46.800000000000566,15.11999999999977
46.800000000000566,15.13999999999977
46.800000000000566,15.15999999999977
46.800000000000566,15.179999999999769
46.800000000000566,15.199999999999768
46.800000000000566,15.219999999999768
46.800000000000566,15.239999999999768
46.800000000000566,15.259999999999767
46.800000000000566,15.279999999999767
46.800000000000566,15.299999999999766
46.800000000000566,15.319999999999766
46.800000000000566,15.339999999999765
46.800000000000566,15.359999999999765
46.800000000000566,15.379999999999765
46.800000000000566,15.399999999999764
46.800000000000566,15.419999999999764
46.800000000000566,15.439999999999763
46.800000000000566,15.459999999999763
46.800000000000566,15.479999999999762
46.800000000000566,15.499999999999762
46.800000000000566,15.519999999999762
46.800000000000566,15.539999999999761
46.800000000000566,15.55999999999976
46.800000000000566,15.57999999999976
46.800000000000566,15.59999999999976
46.800000000000566,15.61999999999976
46.800000000000566,15.639999999999759
46.800000000000566,15.659999999999759
46.800000000000566,15.679999999999758
46.800000000000566,15.699999999999758
46.800000000000566,15.719999999999757
46.800000000000566,15.739999999999757
46.800000000000566,15.759999999999756
46.800000000000566,15.779999999999756
46.800000000000566,15.799999999999756
46.800000000000566,15.819999999999755
46.800000000000566,15.839999999999755
46.800000000000566,15.859999999999754
46.800000000000566,15.879999999999754
46.800000000000566,15.899999999999753
46.800000000000566,15.919999999999753
46.800000000000566,15.939999999999753
46.800000000000566,15.959999999999752
46.800000000000566,15.979999999999752
46.800000000000566,15.999999999999751
46.800000000000566,16.01999999999975
46.800000000000566,16.03999999999975
46.800000000000566,16.05999999999975
46.800000000000566,16.07999999999975
46.800000000000566,16.09999999999975
46.800000000000566,16.11999999999975
46.800000000000566,16.13999999999975
46.800000000000566,16.159999999999748
46.800000000000566,16.179999999999747
46.800000000000566,16.199999999999747
46.800000000000566,16.219999999999747
46.800000000000566,16.239999999999746
46.800000000000566,16.259999999999746
46.800000000000566,16.279999999999745
46.800000000000566,16.299999999999745
46.800000000000566,16.319999999999744
46.800000000000566,16.339999999999744
46.800000000000566,16.359999999999744
46.800000000000566,16.379999999999743
46.800000000000566,16.399999999999743
46.800000000000566,16.419999999999742
46.800000000000566,16.439999999999742
46.800000000000566,16.45999999999974
46.800000000000566,16.47999999999974
46.800000000000566,16.49999999999974
46.800000000000566,16.51999999999974
46.800000000000566,16.53999999999974
46.800000000000566,16.55999999999974
46.800000000000566,16.57999999999974
46.800000000000566,16.59999999999974
46.800000000000566,16.619999999999738
46.800000000000566,16.639999999999738
46.800000000000566,16.659999999999737
46.800000000000566,16.679999999999737
46.800000000000566,16.699999999999736
46.800000000000566,16.719999999999736
46.800000000000566,16.739999999999736
46.82000000000057,12.979999999999816
46.82000000000057,12.999999999999815
46.82000000000057,13.019999999999815
46.82000000000057,13.039999999999814
46.82000000000057,13.059999999999814
46.82000000000057,13.079999999999814
46.82000000000057,13.099999999999813
46.82000000000057,13.119999999999813
46.82000000000057,13.139999999999812
46.82000000000057,13.159999999999812
46.82000000000057,13.179999999999811
46.82000000000057,13.199999999999811
46.82000000000057,13.21999999999981
46.82000000000057,13.23999999999981
46.82000000000057,13.25999999999981
46.82000000000057,13.27999999999981
46.82000000000057,13.299999999999809
46.82000000000057,13.319999999999808
46.82000000000057,13.339999999999808
46.82000000000057,13.359999999999808
46.82000000000057,13.379999999999807
46.82000000000057,13.399999999999807
46.82000000000057,13.419999999999806
46.82000000000057,13.439999999999806
46.82000000000057,13.459999999999805
46.82000000000057,13.479999999999805
46.82000000000057,13.499999999999805
46.82000000000057,13.519999999999804
46.82000000000057,13.539999999999804
46.82000000000057,13.559999999999803
46.82000000000057,13.579999999999803
46.82000000000057,13.599999999999802
46.82000000000057,13.619999999999802
46.82000000000057,13.639999999999802
46.82000000000057,13.659999999999801
46.82000000000057,13.6799999999998
46.82000000000057,13.6999999999998
46.82000000000057,13.7199999999998
46.82000000000057,13.7399999999998
46.82000000000057,13.759999999999799
46.82000000000057,13.779999999999799
46.82000000000057,13.799999999999798
46.82000000000057,13.819999999999798
46.82000000000057,13.839999999999797
46.82000000000057,13.859999999999797
46.82000000000057,13.879999999999797
46.82000000000057,13.899999999999796
46.82000000000057,13.919999999999796
46.82000000000057,13.939999999999795
46.82000000000057,13.959999999999795
46.82000000000057,13.979999999999794
46.82000000000057,13.999999999999794
46.82000000000057,14.019999999999794
46.82000000000057,14.039999999999793
46.82000000000057,14.059999999999793
46.82000000000057,14.079999999999792
46.82000000000057,14.099999999999792
46.82000000000057,14.119999999999791
46.82000000000057,14.139999999999791
46.82000000000057,14.15999999999979
46.82000000000057,14.17999999999979
46.82000000000057,14.19999999999979
46.82000000000057,14.21999999999979
46.82000000000057,14.239999999999789
46.82000000000057,14.259999999999788
46.82000000000057,14.279999999999788
46.82000000000057,14.299999999999788
46.82000000000057,14.319999999999787
46.82000000000057,14.339999999999787
46.82000000000057,14.359999999999786
46.82000000000057,14.379999999999786
46.82000000000057,14.399999999999785
46.82000000000057,14.419999999999785
46.82000000000057,14.439999999999785
46.82000000000057,14.459999999999784
46.82000000000057,14.479999999999784
46.82000000000057,14.499999999999783
46.82000000000057,14.519999999999783
46.82000000000057,14.539999999999782
46.82000000000057,14.559999999999782
46.82000000000057,14.579999999999782
46.82000000000057,14.599999999999781
46.82000000000057,14.61999999999978
46.82000000000057,14.63999999999978
46.82000000000057,14.65999999999978
46.82000000000057,14.67999999999978
46.82000000000057,14.699999999999779
46.82000000000057,14.719999999999779
46.82000000000057,14.739999999999778
46.82000000000057,14.759999999999778
46.82000000000057,14.779999999999777
46.82000000000057,14.799999999999777
46.82000000000057,14.819999999999776
46.82000000000057,14.839999999999776
46.82000000000057,14.859999999999776
46.82000000000057,14.879999999999775
46.82000000000057,14.899999999999775
46.82000000000057,14.919999999999774
46.82000000000057,14.939999999999774
46.82000000000057,14.959999999999773
46.82000000000057,14.979999999999773
46.82000000000057,14.999999999999773
46.82000000000057,15.019999999999772
46.82000000000057,15.039999999999772
46.82000000000057,15.059999999999771
46.82000000000057,15.079999999999771
46.82000000000057,15.09999999999977
46.82000000000057,15.11999999999977
46.82000000000057,15.13999999999977
46.82000000000057,15.15999999999977
46.82000000000057,15.179999999999769
46.82000000000057,15.199999999999768
46.82000000000057,15.219999999999768
46.82000000000057,15.239999999999768
46.82000000000057,15.259999999999767
46.82000000000057,15.279999999999767
46.82000000000057,15.299999999999766
46.82000000000057,15.319999999999766
46.82000000000057,15.339999999999765
46.82000000000057,15.359999999999765
46.82000000000057,15.379999999999765
46.82000000000057,15.399999999999764
46.82000000000057,15.419999999999764
46.82000000000057,15.439999999999763
46.82000000000057,15.459999999999763
46.82000000000057,15.479999999999762
46.82000000000057,15.499999999999762
46.82000000000057,15.519999999999762
46.82000000000057,15.539999999999761
46.82000000000057,15.55999999999976
46.82000000000057,15.57999999999976
46.82000000000057,15.59999999999976
46.82000000000057,15.61999999999976
46.82000000000057,15.639999999999759
46.82000000000057,15.659999999999759
46.82000000000057,15.679999999999758
46.82000000000057,15.699999999999758
46.82000000000057,15.719999999999757
46.82000000000057,15.739999999999757
46.82000000000057,15.759999999999756
46.82000000000057,15.779999999999756
46.82000000000057,15.799999999999756
46.82000000000057,15.819999999999755
46.82000000000057,15.839999999999755
46.82000000000057,15.859999999999754
46.82000000000057,15.879999999999754
46.82000000000057,15.899999999999753
46.82000000000057,15.919999999999753
46.82000000000057,15.939999999999753
46.82000000000057,15.959999999999752
46.82000000000057,15.979999999999752
46.82000000000057,15.999999999999751
46.82000000000057,16.01999999999975
46.82000000000057,16.03999999999975
46.82000000000057,16.05999999999975
46.82000000000057,16.07999999999975
46.82000000000057,16.09999999999975
46.82000000000057,16.11999999999975
46.82000000000057,16.13999999999975
46.82000000000057,16.159999999999748
46.82000000000057,16.179999999999747
46.82000000000057,16.199999999999747
46.82000000000057,16.219999999999747
46.82000000000057,16.239999999999746
46.82000000000057,16.259999999999746
46.82000000000057,16.279999999999745
46.82000000000057,16.299999999999745
46.82000000000057,16.319999999999744
46.82000000000057,16.339999999999744
46.82000000000057,16.359999999999744
46.82000000000057,16.379999999999743
46.82000000000057,16.399999999999743
46.82000000000057,16.419999999999742
46.82000000000057,16.439999999999742
46.82000000000057,16.45999999999974
46.82000000000057,16.47999999999974
46.82000000000057,16.49999999999974
46.82000000000057,16.51999999999974
46.82000000000057,16.53999999999974
46.82000000000057,16.55999999999974
46.82000000000057,16.57999999999974
46.82000000000057,16.59999999999974
46.82000000000057,16.619999999999738
46.82000000000057,16.639999999999738
46.82000000000057,16.659999999999737
46.82000000000057,16.679999999999737
46.82000000000057,16.699999999999736
46.82000000000057,16.719999999999736
46.82000000000057,16.739999999999736
46.84000000000057,12.979999999999816
46.84000000000057,12.999999999999815
46.84000000000057,13.019999999999815
46.84000000000057,13.039999999999814
46.84000000000057,13.059999999999814
46.84000000000057,13.079999999999814
46.84000000000057,13.099999999999813
46.84000000000057,13.119999999999813
46.84000000000057,13.139999999999812
46.84000000000057,13.159999999999812
46.84000000000057,13.179999999999811
46.84000000000057,13.199999999999811
46.84000000000057,13.21999999999981
46.84000000000057,13.23999999999981
46.84000000000057,13.25999999999981
46.84000000000057,13.27999999999981
46.84000000000057,13.299999999999809
46.84000000000057,13.319999999999808
46.84000000000057,13.339999999999808
46.84000000000057,13.359999999999808
46.84000000000057,13.379999999999807
46.84000000000057,13.399999999999807
46.84000000000057,13.419999999999806
46.84000000000057,13.439999999999806
46.84000000000057,13.459999999999805
46.84000000000057,13.479999999999805
46.84000000000057,13.499999999999805
46.84000000000057,13.519999999999804
46.84000000000057,13.539999999999804
46.84000000000057,13.559999999999803
46.84000000000057,13.579999999999803
46.84000000000057,13.599999999999802
46.84000000000057,13.619999999999802
46.84000000000057,13.639999999999802
46.84000000000057,13.659999999999801
46.84000000000057,13.6799999999998
46.84000000000057,13.6999999999998
46.84000000000057,13.7199999999998
46.84000000000057,13.7399999999998
46.84000000000057,13.759999999999799
46.84000000000057,13.779999999999799
46.84000000000057,13.799999999999798
46.84000000000057,13.819999999999798
46.84000000000057,13.839999999999797
46.84000000000057,13.859999999999797
46.84000000000057,13.879999999999797
46.84000000000057,13.899999999999796
46.84000000000057,13.919999999999796
46.84000000000057,13.939999999999795
46.84000000000057,13.959999999999795
46.84000000000057,13.979999999999794
46.84000000000057,13.999999999999794
46.84000000000057,14.019999999999794
46.84000000000057,14.039999999999793
46.84000000000057,14.059999999999793
46.84000000000057,14.079999999999792
46.84000000000057,14.099999999999792
46.84000000000057,14.119999999999791
46.84000000000057,14.139999999999791
46.84000000000057,14.15999999999979
46.84000000000057,14.17999999999979
46.84000000000057,14.19999999999979
46.84000000000057,14.21999999999979
46.84000000000057,14.239999999999789
46.84000000000057,14.259999999999788
46.84000000000057,14.279999999999788
46.84000000000057,14.299999999999788
46.84000000000057,14.319999999999787
46.84000000000057,14.339999999999787
46.84000000000057,14.359999999999786
46.84000000000057,14.379999999999786
46.84000000000057,14.399999999999785
46.84000000000057,14.419999999999785
46.84000000000057,14.439999999999785
46.84000000000057,14.459999999999784
46.84000000000057,14.479999999999784
46.84000000000057,14.499999999999783
46.84000000000057,14.519999999999783
46.84000000000057,14.539999999999782
46.84000000000057,14.559999999999782
46.84000000000057,14.579999999999782
46.84000000000057,14.599999999999781
46.84000000000057,14.61999999999978
46.84000000000057,14.63999999999978
46.84000000000057,14.65999999999978
46.84000000000057,14.67999999999978
46.84000000000057,14.699999999999779
46.84000000000057,14.719999999999779
46.84000000000057,14.739999999999778
46.84000000000057,14.759999999999778
46.84000000000057,14.779999999999777
46.84000000000057,14.799999999999777
46.84000000000057,14.819999999999776
46.84000000000057,14.839999999999776
46.84000000000057,14.859999999999776
46.84000000000057,14.879999999999775
46.84000000000057,14.899999999999775
46.84000000000057,14.919999999999774
46.84000000000057,14.939999999999774
46.84000000000057,14.959999999999773
46.84000000000057,14.979999999999773
46.84000000000057,14.999999999999773
46.84000000000057,15.019999999999772
46.84000000000057,15.039999999999772
46.84000000000057,15.059999999999771
46.84000000000057,15.079999999999771
46.84000000000057,15.09999999999977
46.84000000000057,15.11999999999977
46.84000000000057,15.13999999999977
46.84000000000057,15.15999999999977
46.84000000000057,15.179999999999769
46.84000000000057,15.199999999999768
46.84000000000057,15.219999999999768
46.84000000000057,15.239999999999768
46.84000000000057,15.259999999999767
46.84000000000057,15.279999999999767
46.84000000000057,15.299999999999766
46.84000000000057,15.319999999999766
46.84000000000057,15.339999999999765
46.84000000000057,15.359999999999765
46.84000000000057,15.379999999999765
46.84000000000057,15.399999999999764
46.84000000000057,15.419999999999764
46.84000000000057,15.439999999999763
46.84000000000057,15.459999999999763
46.84000000000057,15.479999999999762
46.84000000000057,15.499999999999762
46.84000000000057,15.519999999999762
46.84000000000057,15.539999999999761
46.84000000000057,15.55999999999976
46.84000000000057,15.57999999999976
46.84000000000057,15.59999999999976
46.84000000000057,15.61999999999976
46.84000000000057,15.639999999999759
46.84000000000057,15.659999999999759
46.84000000000057,15.679999999999758
46.84000000000057,15.699999999999758
46.84000000000057,15.719999999999757
46.84000000000057,15.739999999999757
46.84000000000057,15.759999999999756
46.84000000000057,15.779999999999756
46.84000000000057,15.799999999999756
46.84000000000057,15.819999999999755
46.84000000000057,15.839999999999755
46.84000000000057,15.859999999999754
46.84000000000057,15.879999999999754
46.84000000000057,15.899999999999753
46.84000000000057,15.919999999999753
46.84000000000057,15.939999999999753
46.84000000000057,15.959999999999752
46.84000000000057,15.979999999999752
46.84000000000057,15.999999999999751
46.84000000000057,16.01999999999975
46.84000000000057,16.03999999999975
46.84000000000057,16.05999999999975
46.84000000000057,16.07999999999975
46.84000000000057,16.09999999999975
46.84000000000057,16.11999999999975
46.84000000000057,16.13999999999975
46.84000000000057,16.159999999999748
46.84000000000057,16.179999999999747
46.84000000000057,16.199999999999747
46.84000000000057,16.219999999999747
46.84000000000057,16.239999999999746
46.84000000000057,16.259999999999746
46.84000000000057,16.279999999999745
46.84000000000057,16.299999999999745
46.84000000000057,16.319999999999744
46.84000000000057,16.339999999999744
46.84000000000057,16.359999999999744
46.84000000000057,16.379999999999743
46.84000000000057,16.399999999999743
46.84000000000057,16.419999999999742
46.84000000000057,16.439999999999742
46.84000000000057,16.45999999999974
46.84000000000057,16.47999999999974
46.84000000000057,16.49999999999974
46.84000000000057,16.51999999999974
46.84000000000057,16.53999999999974
46.84000000000057,16.55999999999974
46.84000000000057,16.57999999999974
46.84000000000057,16.59999999999974
46.84000000000057,16.619999999999738
46.84000000000057,16.639999999999738
46.84000000000057,16.659999999999737
46.84000000000057,16.679999999999737
46.84000000000057,16.699999999999736
46.84000000000057,16.719999999999736
46.84000000000057,16.739999999999736
46.860000000000575,12.979999999999816
46.860000000000575,12.999999999999815
46.860000000000575,13.019999999999815
46.860000000000575,13.039999999999814
46.860000000000575,13.059999999999814
46.860000000000575,13.079999999999814
46.860000000000575,13.099999999999813
46.860000000000575,13.119999999999813
46.860000000000575,13.139999999999812
46.860000000000575,13.159999999999812
46.860000000000575,13.179999999999811
46.860000000000575,13.199999999999811
46.860000000000575,13.21999999999981
46.860000000000575,13.23999999999981
46.860000000000575,13.25999999999981
46.860000000000575,13.27999999999981
46.860000000000575,13.299999999999809
46.860000000000575,13.319999999999808
46.860000000000575,13.339999999999808
46.860000000000575,13.359999999999808
46.860000000000575,13.379999999999807
46.860000000000575,13.399999999999807
46.860000000000575,13.419999999999806
46.860000000000575,13.439999999999806
46.860000000000575,13.459999999999805
46.860000000000575,13.479999999999805
46.860000000000575,13.499999999999805
46.860000000000575,13.519999999999804
46.860000000000575,13.539999999999804
46.860000000000575,13.559999999999803
46.860000000000575,13.579999999999803
46.860000000000575,13.599999999999802
46.860000000000575,13.619999999999802
46.860000000000575,13.639999999999802
46.860000000000575,13.659999999999801
46.860000000000575,13.6799999999998
46.860000000000575,13.6999999999998
46.860000000000575,13.7199999999998
46.860000000000575,13.7399999999998
46.860000000000575,13.759999999999799
46.860000000000575,13.779999999999799
46.860000000000575,13.799999999999798
46.860000000000575,13.819999999999798
46.860000000000575,13.839999999999797
46.860000000000575,13.859999999999797
46.860000000000575,13.879999999999797
46.860000000000575,13.899999999999796
46.860000000000575,13.919999999999796
46.860000000000575,13.939999999999795
46.860000000000575,13.959999999999795
46.860000000000575,13.979999999999794
46.860000000000575,13.999999999999794
46.860000000000575,14.019999999999794
46.860000000000575,14.039999999999793
46.860000000000575,14.059999999999793
46.860000000000575,14.079999999999792
46.860000000000575,14.099999999999792
46.860000000000575,14.119999999999791
46.860000000000575,14.139999999999791
46.860000000000575,14.15999999999979
46.860000000000575,14.17999999999979
46.860000000000575,14.19999999999979
46.860000000000575,14.21999999999979
46.860000000000575,14.239999999999789
46.860000000000575,14.259999999999788
46.860000000000575,14.279999999999788
46.860000000000575,14.299999999999788
46.860000000000575,14.319999999999787
46.860000000000575,14.339999999999787
46.860000000000575,14.359999999999786
46.860000000000575,14.379999999999786
46.860000000000575,14.399999999999785
46.860000000000575,14.419999999999785
46.860000000000575,14.439999999999785
46.860000000000575,14.459999999999784
46.860000000000575,14.479999999999784
46.860000000000575,14.499999999999783
46.860000000000575,14.519999999999783
46.860000000000575,14.539999999999782
46.860000000000575,14.559999999999782
46.860000000000575,14.579999999999782
46.860000000000575,14.599999999999781
46.860000000000575,14.61999999999978
46.860000000000575,14.63999999999978
46.860000000000575,14.65999999999978
46.860000000000575,14.67999999999978
46.860000000000575,14.699999999999779
46.860000000000575,14.719999999999779
46.860000000000575,14.739999999999778
46.860000000000575,14.759999999999778
46.860000000000575,14.779999999999777
46.860000000000575,14.799999999999777
46.860000000000575,14.819999999999776
46.860000000000575,14.839999999999776
46.860000000000575,14.859999999999776
46.860000000000575,14.879999999999775
46.860000000000575,14.899999999999775
46.860000000000575,14.919999999999774
46.860000000000575,14.939999999999774
46.860000000000575,14.959999999999773
46.860000000000575,14.979999999999773
46.860000000000575,14.999999999999773
46.860000000000575,15.019999999999772
46.860000000000575,15.039999999999772
46.860000000000575,15.059999999999771
46.860000000000575,15.079999999999771
46.860000000000575,15.09999999999977
46.860000000000575,15.11999999999977
46.860000000000575,15.13999999999977
46.860000000000575,15.15999999999977
46.860000000000575,15.179999999999769
46.860000000000575,15.199999999999768
46.860000000000575,15.219999999999768
46.860000000000575,15.239999999999768
46.860000000000575,15.259999999999767
46.860000000000575,15.279999999999767
46.860000000000575,15.299999999999766
46.860000000000575,15.319999999999766
46.860000000000575,15.339999999999765
46.860000000000575,15.359999999999765
46.860000000000575,15.379999999999765
46.860000000000575,15.399999999999764
46.860000000000575,15.419999999999764
46.860000000000575,15.439999999999763
46.860000000000575,15.459999999999763
46.860000000000575,15.479999999999762
46.860000000000575,15.499999999999762
46.860000000000575,15.519999999999762
46.860000000000575,15.539999999999761
46.860000000000575,15.55999999999976
46.860000000000575,15.57999999999976
46.860000000000575,15.59999999999976
46.860000000000575,15.61999999999976
46.860000000000575,15.639999999999759
46.860000000000575,15.659999999999759
46.860000000000575,15.679999999999758
46.860000000000575,15.699999999999758
46.860000000000575,15.719999999999757
46.860000000000575,15.739999999999757
46.860000000000575,15.759999999999756
46.860000000000575,15.779999999999756
46.860000000000575,15.799999999999756
46.860000000000575,15.819999999999755
46.860000000000575,15.839999999999755
46.860000000000575,15.859999999999754
46.860000000000575,15.879999999999754
46.860000000000575,15.899999999999753
46.860000000000575,15.919999999999753
46.860000000000575,15.939999999999753
46.860000000000575,15.959999999999752
46.860000000000575,15.979999999999752
46.860000000000575,15.999999999999751
46.860000000000575,16.01999999999975
46.860000000000575,16.03999999999975
46.860000000000575,16.05999999999975
46.860000000000575,16.07999999999975
46.860000000000575,16.09999999999975
46.860000000000575,16.11999999999975
46.860000000000575,16.13999999999975
46.860000000000575,16.159999999999748
46.860000000000575,16.179999999999747
46.860000000000575,16.199999999999747
46.860000000000575,16.219999999999747
46.860000000000575,16.239999999999746
46.860000000000575,16.259999999999746
46.860000000000575,16.279999999999745
46.860000000000575,16.299999999999745
46.860000000000575,16.319999999999744
46.860000000000575,16.339999999999744
46.860000000000575,16.359999999999744
46.860000000000575,16.379999999999743
46.860000000000575,16.399999999999743
46.860000000000575,16.419999999999742
46.860000000000575,16.439999999999742
46.860000000000575,16.45999999999974
46.860000000000575,16.47999999999974
46.860000000000575,16.49999999999974
46.860000000000575,16.51999999999974
46.860000000000575,16.53999999999974
46.860000000000575,16.55999999999974
46.860000000000575,16.57999999999974
46.860000000000575,16.59999999999974
46.860000000000575,16.619999999999738
46.860000000000575,16.639999999999738
46.860000000000575,16.659999999999737
46.860000000000575,16.679999999999737
46.860000000000575,16.699999999999736
46.860000000000575,16.719999999999736
46.860000000000575,16.739999999999736
46.88000000000058,12.979999999999816
46.88000000000058,12.999999999999815
46.88000000000058,13.019999999999815
46.88000000000058,13.039999999999814
46.88000000000058,13.059999999999814
46.88000000000058,13.079999999999814
46.88000000000058,13.099999999999813
46.88000000000058,13.119999999999813
46.88000000000058,13.139999999999812
46.88000000000058,13.159999999999812
46.88000000000058,13.179999999999811
46.88000000000058,13.199999999999811
46.88000000000058,13.21999999999981
46.88000000000058,13.23999999999981
46.88000000000058,13.25999999999981
46.88000000000058,13.27999999999981
46.88000000000058,13.299999999999809
46.88000000000058,13.319999999999808
46.88000000000058,13.339999999999808
46.88000000000058,13.359999999999808
46.88000000000058,13.379999999999807
46.88000000000058,13.399999999999807
46.88000000000058,13.419999999999806
46.88000000000058,13.439999999999806
46.88000000000058,13.459999999999805
46.88000000000058,13.479999999999805
46.88000000000058,13.499999999999805
46.88000000000058,13.519999999999804
46.88000000000058,13.539999999999804
46.88000000000058,13.559999999999803
46.88000000000058,13.579999999999803
46.88000000000058,13.599999999999802
46.88000000000058,13.619999999999802
46.88000000000058,13.639999999999802
46.88000000000058,13.659999999999801
46.88000000000058,13.6799999999998
46.88000000000058,13.6999999999998
46.88000000000058,13.7199999999998
46.88000000000058,13.7399999999998
46.88000000000058,13.759999999999799
46.88000000000058,13.779999999999799
46.88000000000058,13.799999999999798
46.88000000000058,13.819999999999798
46.88000000000058,13.839999999999797
46.88000000000058,13.859999999999797
46.88000000000058,13.879999999999797
46.88000000000058,13.899999999999796
46.88000000000058,13.919999999999796
46.88000000000058,13.939999999999795
46.88000000000058,13.959999999999795
46.88000000000058,13.979999999999794
46.88000000000058,13.999999999999794
46.88000000000058,14.019999999999794
46.88000000000058,14.039999999999793
46.88000000000058,14.059999999999793
46.88000000000058,14.079999999999792
46.88000000000058,14.099999999999792
46.88000000000058,14.119999999999791
46.88000000000058,14.139999999999791
46.88000000000058,14.15999999999979
46.88000000000058,14.17999999999979
46.88000000000058,14.19999999999979
46.88000000000058,14.21999999999979
46.88000000000058,14.239999999999789
46.88000000000058,14.259999999999788
46.88000000000058,14.279999999999788
46.88000000000058,14.299999999999788
46.88000000000058,14.319999999999787
46.88000000000058,14.339999999999787
46.88000000000058,14.359999999999786
46.88000000000058,14.379999999999786
46.88000000000058,14.399999999999785
46.88000000000058,14.419999999999785
46.88000000000058,14.439999999999785
46.88000000000058,14.459999999999784
46.88000000000058,14.479999999999784
46.88000000000058,14.499999999999783
46.88000000000058,14.519999999999783
46.88000000000058,14.539999999999782
46.88000000000058,14.559999999999782
46.88000000000058,14.579999999999782
46.88000000000058,14.599999999999781
46.88000000000058,14.61999999999978
46.88000000000058,14.63999999999978
46.88000000000058,14.65999999999978
46.88000000000058,14.67999999999978
46.88000000000058,14.699999999999779
46.88000000000058,14.719999999999779
46.88000000000058,14.739999999999778
46.88000000000058,14.759999999999778
46.88000000000058,14.779999999999777
46.88000000000058,14.799999999999777
46.88000000000058,14.819999999999776
46.88000000000058,14.839999999999776
46.88000000000058,14.859999999999776
46.88000000000058,14.879999999999775
46.88000000000058,14.899999999999775
46.88000000000058,14.919999999999774
46.88000000000058,14.939999999999774
46.88000000000058,14.959999999999773
46.88000000000058,14.979999999999773
46.88000000000058,14.999999999999773
46.88000000000058,15.019999999999772
46.88000000000058,15.039999999999772
46.88000000000058,15.059999999999771
46.88000000000058,15.079999999999771
46.88000000000058,15.09999999999977
46.88000000000058,15.11999999999977
46.88000000000058,15.13999999999977
46.88000000000058,15.15999999999977
46.88000000000058,15.179999999999769
46.88000000000058,15.199999999999768
46.88000000000058,15.219999999999768
46.88000000000058,15.239999999999768
46.88000000000058,15.259999999999767
46.88000000000058,15.279999999999767
46.88000000000058,15.299999999999766
46.88000000000058,15.319999999999766
46.88000000000058,15.339999999999765
46.88000000000058,15.359999999999765
46.88000000000058,15.379999999999765
46.88000000000058,15.399999999999764
46.88000000000058,15.419999999999764
46.88000000000058,15.439999999999763
46.88000000000058,15.459999999999763
46.88000000000058,15.479999999999762
46.88000000000058,15.499999999999762
46.88000000000058,15.519999999999762
46.88000000000058,15.539999999999761
46.88000000000058,15.55999999999976
46.88000000000058,15.57999999999976
46.88000000000058,15.59999999999976
46.88000000000058,15.61999999999976
46.88000000000058,15.639999999999759
46.88000000000058,15.659999999999759
46.88000000000058,15.679999999999758
46.88000000000058,15.699999999999758
46.88000000000058,15.719999999999757
46.88000000000058,15.739999999999757
46.88000000000058,15.759999999999756
46.88000000000058,15.779999999999756
46.88000000000058,15.799999999999756
46.88000000000058,15.819999999999755
46.88000000000058,15.839999999999755
46.88000000000058,15.859999999999754
46.88000000000058,15.879999999999754
46.88000000000058,15.899999999999753
46.88000000000058,15.919999999999753
46.88000000000058,15.939999999999753
46.88000000000058,15.959999999999752
46.88000000000058,15.979999999999752
46.88000000000058,15.999999999999751
46.88000000000058,16.01999999999975
46.88000000000058,16.03999999999975
46.88000000000058,16.05999999999975
46.88000000000058,16.07999999999975
46.88000000000058,16.09999999999975
46.88000000000058,16.11999999999975
46.88000000000058,16.13999999999975
46.88000000000058,16.159999999999748
46.88000000000058,16.179999999999747
46.88000000000058,16.199999999999747
46.88000000000058,16.219999999999747
46.88000000000058,16.239999999999746
46.88000000000058,16.259999999999746
46.88000000000058,16.279999999999745
46.88000000000058,16.299999999999745
46.88000000000058,16.319999999999744
46.88000000000058,16.339999999999744
46.88000000000058,16.359999999999744
46.88000000000058,16.379999999999743
46.88000000000058,16.399999999999743
46.88000000000058,16.419999999999742
46.88000000000058,16.439999999999742
46.88000000000058,16.45999999999974
46.88000000000058,16.47999999999974
46.88000000000058,16.49999999999974
46.88000000000058,16.51999999999974
46.88000000000058,16.53999999999974
46.88000000000058,16.55999999999974
46.88000000000058,16.57999999999974
46.88000000000058,16.59999999999974
46.88000000000058,16.619999999999738
46.88000000000058,16.639999999999738
46.88000000000058,16.659999999999737
46.88000000000058,16.679999999999737
46.88000000000058,16.699999999999736
46.88000000000058,16.719999999999736
46.88000000000058,16.739999999999736
46.90000000000058,12.979999999999816
46.90000000000058,12.999999999999815
46.90000000000058,13.019999999999815
46.90000000000058,13.039999999999814
46.90000000000058,13.059999999999814
46.90000000000058,13.079999999999814
46.90000000000058,13.099999999999813
46.90000000000058,13.119999999999813
46.90000000000058,13.139999999999812
46.90000000000058,13.159999999999812
46.90000000000058,13.179999999999811
46.90000000000058,13.199999999999811
46.90000000000058,13.21999999999981
46.90000000000058,13.23999999999981
46.90000000000058,13.25999999999981
46.90000000000058,13.27999999999981
46.90000000000058,13.299999999999809
46.90000000000058,13.319999999999808
46.90000000000058,13.339999999999808
46.90000000000058,13.359999999999808
46.90000000000058,13.379999999999807
46.90000000000058,13.399999999999807
46.90000000000058,13.419999999999806
46.90000000000058,13.439999999999806
46.90000000000058,13.459999999999805
46.90000000000058,13.479999999999805
46.90000000000058,13.499999999999805
46.90000000000058,13.519999999999804
46.90000000000058,13.539999999999804
46.90000000000058,13.559999999999803
46.90000000000058,13.579999999999803
46.90000000000058,13.599999999999802
46.90000000000058,13.619999999999802
46.90000000000058,13.639999999999802
46.90000000000058,13.659999999999801
46.90000000000058,13.6799999999998
46.90000000000058,13.6999999999998
46.90000000000058,13.7199999999998
46.90000000000058,13.7399999999998
46.90000000000058,13.759999999999799
46.90000000000058,13.779999999999799
46.90000000000058,13.799999999999798
46.90000000000058,13.819999999999798
46.90000000000058,13.839999999999797
46.90000000000058,13.859999999999797
46.90000000000058,13.879999999999797
46.90000000000058,13.899999999999796
46.90000000000058,13.919999999999796
46.90000000000058,13.939999999999795
46.90000000000058,13.959999999999795
46.90000000000058,13.979999999999794
46.90000000000058,13.999999999999794
46.90000000000058,14.019999999999794
46.90000000000058,14.039999999999793
46.90000000000058,14.059999999999793
46.90000000000058,14.079999999999792
46.90000000000058,14.099999999999792
46.90000000000058,14.119999999999791
46.90000000000058,14.139999999999791
46.90000000000058,14.15999999999979
46.90000000000058,14.17999999999979
46.90000000000058,14.19999999999979
46.90000000000058,14.21999999999979
46.90000000000058,14.239999999999789
46.90000000000058,14.259999999999788
46.90000000000058,14.279999999999788
46.90000000000058,14.299999999999788
46.90000000000058,14.319999999999787
46.90000000000058,14.339999999999787
46.90000000000058,14.359999999999786
46.90000000000058,14.379999999999786
46.90000000000058,14.399999999999785
46.90000000000058,14.419999999999785
46.90000000000058,14.439999999999785
46.90000000000058,14.459999999999784
46.90000000000058,14.479999999999784
46.90000000000058,14.499999999999783
46.90000000000058,14.519999999999783
46.90000000000058,14.539999999999782
46.90000000000058,14.559999999999782
46.90000000000058,14.579999999999782
46.90000000000058,14.599999999999781
46.90000000000058,14.61999999999978
46.90000000000058,14.63999999999978
46.90000000000058,14.65999999999978
46.90000000000058,14.67999999999978
46.90000000000058,14.699999999999779
46.90000000000058,14.719999999999779
46.90000000000058,14.739999999999778
46.90000000000058,14.759999999999778
46.90000000000058,14.779999999999777
46.90000000000058,14.799999999999777
46.90000000000058,14.819999999999776
46.90000000000058,14.839999999999776
46.90000000000058,14.859999999999776
46.90000000000058,14.879999999999775
46.90000000000058,14.899999999999775
46.90000000000058,14.919999999999774
46.90000000000058,14.939999999999774
46.90000000000058,14.959999999999773
46.90000000000058,14.979999999999773
46.90000000000058,14.999999999999773
46.90000000000058,15.019999999999772
46.90000000000058,15.039999999999772
46.90000000000058,15.059999999999771
46.90000000000058,15.079999999999771
46.90000000000058,15.09999999999977
46.90000000000058,15.11999999999977
46.90000000000058,15.13999999999977
46.90000000000058,15.15999999999977
46.90000000000058,15.179999999999769
46.90000000000058,15.199999999999768
46.90000000000058,15.219999999999768
46.90000000000058,15.239999999999768
46.90000000000058,15.259999999999767
46.90000000000058,15.279999999999767
46.90000000000058,15.299999999999766
46.90000000000058,15.319999999999766
46.90000000000058,15.339999999999765
46.90000000000058,15.359999999999765
46.90000000000058,15.379999999999765
46.90000000000058,15.399999999999764
46.90000000000058,15.419999999999764
46.90000000000058,15.439999999999763
46.90000000000058,15.459999999999763
46.90000000000058,15.479999999999762
46.90000000000058,15.499999999999762
46.90000000000058,15.519999999999762
46.90000000000058,15.539999999999761
46.90000000000058,15.55999999999976
46.90000000000058,15.57999999999976
46.90000000000058,15.59999999999976
46.90000000000058,15.61999999999976
46.90000000000058,15.639999999999759
46.90000000000058,15.659999999999759
46.90000000000058,15.679999999999758
46.90000000000058,15.699999999999758
46.90000000000058,15.719999999999757
46.90000000000058,15.739999999999757
46.90000000000058,15.759999999999756
46.90000000000058,15.779999999999756
46.90000000000058,15.799999999999756
46.90000000000058,15.819999999999755
46.90000000000058,15.839999999999755
46.90000000000058,15.859999999999754
46.90000000000058,15.879999999999754
46.90000000000058,15.899999999999753
46.90000000000058,15.919999999999753
46.90000000000058,15.939999999999753
46.90000000000058,15.959999999999752
46.90000000000058,15.979999999999752
46.90000000000058,15.999999999999751
46.90000000000058,16.01999999999975
46.90000000000058,16.03999999999975
46.90000000000058,16.05999999999975
46.90000000000058,16.07999999999975
46.90000000000058,16.09999999999975
46.90000000000058,16.11999999999975
46.90000000000058,16.13999999999975
46.90000000000058,16.159999999999748
46.90000000000058,16.179999999999747
46.90000000000058,16.199999999999747
46.90000000000058,16.219999999999747
46.90000000000058,16.239999999999746
46.90000000000058,16.259999999999746
46.90000000000058,16.279999999999745
46.90000000000058,16.299999999999745
46.90000000000058,16.319999999999744
46.90000000000058,16.339999999999744
46.90000000000058,16.359999999999744
46.90000000000058,16.379999999999743
46.90000000000058,16.399999999999743
46.90000000000058,16.419999999999742
46.90000000000058,16.439999999999742
46.90000000000058,16.45999999999974
46.90000000000058,16.47999999999974
46.90000000000058,16.49999999999974
46.90000000000058,16.51999999999974
46.90000000000058,16.53999999999974
46.90000000000058,16.55999999999974
46.90000000000058,16.57999999999974
46.90000000000058,16.59999999999974
46.90000000000058,16.619999999999738
46.90000000000058,16.639999999999738
46.90000000000058,16.659999999999737
46.90000000000058,16.679999999999737
46.90000000000058,16.699999999999736
46.90000000000058,16.719999999999736
46.90000000000058,16.739999999999736
46.920000000000584,12.979999999999816
46.920000000000584,12.999999999999815
46.920000000000584,13.019999999999815
46.920000000000584,13.039999999999814
46.920000000000584,13.059999999999814
46.920000000000584,13.079999999999814
46.920000000000584,13.099999999999813
46.920000000000584,13.119999999999813
46.920000000000584,13.139999999999812
46.920000000000584,13.159999999999812
46.920000000000584,13.179999999999811
46.920000000000584,13.199999999999811
46.920000000000584,13.21999999999981
46.920000000000584,13.23999999999981
46.920000000000584,13.25999999999981
46.920000000000584,13.27999999999981
46.920000000000584,13.299999999999809
46.920000000000584,13.319999999999808
46.920000000000584,13.339999999999808
46.920000000000584,13.359999999999808
46.920000000000584,13.379999999999807
46.920000000000584,13.399999999999807
46.920000000000584,13.419999999999806
46.920000000000584,13.439999999999806
46.920000000000584,13.459999999999805
46.920000000000584,13.479999999999805
46.920000000000584,13.499999999999805
46.920000000000584,13.519999999999804
46.920000000000584,13.539999999999804
46.920000000000584,13.559999999999803
46.920000000000584,13.579999999999803
46.920000000000584,13.599999999999802
46.920000000000584,13.619999999999802
46.920000000000584,13.639999999999802
46.920000000000584,13.659999999999801
46.920000000000584,13.6799999999998
46.920000000000584,13.6999999999998
46.920000000000584,13.7199999999998
46.920000000000584,13.7399999999998
46.920000000000584,13.759999999999799
46.920000000000584,13.779999999999799
46.920000000000584,13.799999999999798
46.920000000000584,13.819999999999798
46.920000000000584,13.839999999999797
46.920000000000584,13.859999999999797
46.920000000000584,13.879999999999797
46.920000000000584,13.899999999999796
46.920000000000584,13.919999999999796
46.920000000000584,13.939999999999795
46.920000000000584,13.959999999999795
46.920000000000584,13.979999999999794
46.920000000000584,13.999999999999794
46.920000000000584,14.019999999999794
46.920000000000584,14.039999999999793
46.920000000000584,14.059999999999793
46.920000000000584,14.079999999999792
46.920000000000584,14.099999999999792
46.920000000000584,14.119999999999791
46.920000000000584,14.139999999999791
46.920000000000584,14.15999999999979
46.920000000000584,14.17999999999979
46.920000000000584,14.19999999999979
46.920000000000584,14.21999999999979
46.920000000000584,14.239999999999789
46.920000000000584,14.259999999999788
46.920000000000584,14.279999999999788
46.920000000000584,14.299999999999788
46.920000000000584,14.319999999999787
46.920000000000584,14.339999999999787
46.920000000000584,14.359999999999786
46.920000000000584,14.379999999999786
46.920000000000584,14.399999999999785
46.920000000000584,14.419999999999785
46.920000000000584,14.439999999999785
46.920000000000584,14.459999999999784
46.920000000000584,14.479999999999784
46.920000000000584,14.499999999999783
46.920000000000584,14.519999999999783
46.920000000000584,14.539999999999782
46.920000000000584,14.559999999999782
46.920000000000584,14.579999999999782
46.920000000000584,14.599999999999781
46.920000000000584,14.61999999999978
46.920000000000584,14.63999999999978
46.920000000000584,14.65999999999978
46.920000000000584,14.67999999999978
46.920000000000584,14.699999999999779
46.920000000000584,14.719999999999779
46.920000000000584,14.739999999999778
46.920000000000584,14.759999999999778
46.920000000000584,14.779999999999777
46.920000000000584,14.799999999999777
46.920000000000584,14.819999999999776
46.920000000000584,14.839999999999776
46.920000000000584,14.859999999999776
46.920000000000584,14.879999999999775
46.920000000000584,14.899999999999775
46.920000000000584,14.919999999999774
46.920000000000584,14.939999999999774
46.920000000000584,14.959999999999773
46.920000000000584,14.979999999999773
46.920000000000584,14.999999999999773
46.920000000000584,15.019999999999772
46.920000000000584,15.039999999999772
46.920000000000584,15.059999999999771
46.920000000000584,15.079999999999771
46.920000000000584,15.09999999999977
46.920000000000584,15.11999999999977
46.920000000000584,15.13999999999977
46.920000000000584,15.15999999999977
46.920000000000584,15.179999999999769
46.920000000000584,15.199999999999768
46.920000000000584,15.219999999999768
46.920000000000584,15.239999999999768
46.920000000000584,15.259999999999767
46.920000000000584,15.279999999999767
46.920000000000584,15.299999999999766
46.920000000000584,15.319999999999766
46.920000000000584,15.339999999999765
46.920000000000584,15.359999999999765
46.920000000000584,15.379999999999765
46.920000000000584,15.399999999999764
46.920000000000584,15.419999999999764
46.920000000000584,15.439999999999763
46.920000000000584,15.459999999999763
46.920000000000584,15.479999999999762
46.920000000000584,15.499999999999762
46.920000000000584,15.519999999999762
46.920000000000584,15.539999999999761
46.920000000000584,15.55999999999976
46.920000000000584,15.57999999999976
46.920000000000584,15.59999999999976
46.920000000000584,15.61999999999976
46.920000000000584,15.639999999999759
46.920000000000584,15.659999999999759
46.920000000000584,15.679999999999758
46.920000000000584,15.699999999999758
46.920000000000584,15.719999999999757
46.920000000000584,15.739999999999757
46.920000000000584,15.759999999999756
46.920000000000584,15.779999999999756
46.920000000000584,15.799999999999756
46.920000000000584,15.819999999999755
46.920000000000584,15.839999999999755
46.920000000000584,15.859999999999754
46.920000000000584,15.879999999999754
46.920000000000584,15.899999999999753
46.920000000000584,15.919999999999753
46.920000000000584,15.939999999999753
46.920000000000584,15.959999999999752
46.920000000000584,15.979999999999752
46.920000000000584,15.999999999999751
46.920000000000584,16.01999999999975
46.920000000000584,16.03999999999975
46.920000000000584,16.05999999999975
46.920000000000584,16.07999999999975
46.920000000000584,16.09999999999975
46.920000000000584,16.11999999999975
46.920000000000584,16.13999999999975
46.920000000000584,16.159999999999748
46.920000000000584,16.179999999999747
46.920000000000584,16.199999999999747
46.920000000000584,16.219999999999747
46.920000000000584,16.239999999999746
46.920000000000584,16.259999999999746
46.920000000000584,16.279999999999745
46.920000000000584,16.299999999999745
46.920000000000584,16.319999999999744
46.920000000000584,16.339999999999744
46.920000000000584,16.359999999999744
46.920000000000584,16.379999999999743
46.920000000000584,16.399999999999743
46.920000000000584,16.419999999999742
46.920000000000584,16.439999999999742
46.920000000000584,16.45999999999974
46.920000000000584,16.47999999999974
46.920000000000584,16.49999999999974
46.920000000000584,16.51999999999974
46.920000000000584,16.53999999999974
46.920000000000584,16.55999999999974
46.920000000000584,16.57999999999974
46.920000000000584,16.59999999999974
46.920000000000584,16.619999999999738
46.920000000000584,16.639999999999738
46.920000000000584,16.659999999999737
46.920000000000584,16.679999999999737
46.920000000000584,16.699999999999736
46.920000000000584,16.719999999999736
46.920000000000584,16.739999999999736
46.94000000000059,12.979999999999816
46.94000000000059,12.999999999999815
46.94000000000059,13.019999999999815
46.94000000000059,13.039999999999814
46.94000000000059,13.059999999999814
46.94000000000059,13.079999999999814
46.94000000000059,13.099999999999813
46.94000000000059,13.119999999999813
46.94000000000059,13.139999999999812
46.94000000000059,13.159999999999812
46.94000000000059,13.179999999999811
46.94000000000059,13.199999999999811
46.94000000000059,13.21999999999981
46.94000000000059,13.23999999999981
46.94000000000059,13.25999999999981
46.94000000000059,13.27999999999981
46.94000000000059,13.299999999999809
46.94000000000059,13.319999999999808
46.94000000000059,13.339999999999808
46.94000000000059,13.359999999999808
46.94000000000059,13.379999999999807
46.94000000000059,13.399999999999807
46.94000000000059,13.419999999999806
46.94000000000059,13.439999999999806
46.94000000000059,13.459999999999805
46.94000000000059,13.479999999999805
46.94000000000059,13.499999999999805
46.94000000000059,13.519999999999804
46.94000000000059,13.539999999999804
46.94000000000059,13.559999999999803
46.94000000000059,13.579999999999803
46.94000000000059,13.599999999999802
46.94000000000059,13.619999999999802
46.94000000000059,13.639999999999802
46.94000000000059,13.659999999999801
46.94000000000059,13.6799999999998
46.94000000000059,13.6999999999998
46.94000000000059,13.7199999999998
46.94000000000059,13.7399999999998
46.94000000000059,13.759999999999799
46.94000000000059,13.779999999999799
46.94000000000059,13.799999999999798
46.94000000000059,13.819999999999798
46.94000000000059,13.839999999999797
46.94000000000059,13.859999999999797
46.94000000000059,13.879999999999797
46.94000000000059,13.899999999999796
46.94000000000059,13.919999999999796
46.94000000000059,13.939999999999795
46.94000000000059,13.959999999999795
46.94000000000059,13.979999999999794
46.94000000000059,13.999999999999794
46.94000000000059,14.019999999999794
46.94000000000059,14.039999999999793
46.94000000000059,14.059999999999793
46.94000000000059,14.079999999999792
46.94000000000059,14.099999999999792
46.94000000000059,14.119999999999791
46.94000000000059,14.139999999999791
46.94000000000059,14.15999999999979
46.94000000000059,14.17999999999979
46.94000000000059,14.19999999999979
46.94000000000059,14.21999999999979
46.94000000000059,14.239999999999789
46.94000000000059,14.259999999999788
46.94000000000059,14.279999999999788
46.94000000000059,14.299999999999788
46.94000000000059,14.319999999999787
46.94000000000059,14.339999999999787
46.94000000000059,14.359999999999786
46.94000000000059,14.379999999999786
46.94000000000059,14.399999999999785
46.94000000000059,14.419999999999785
46.94000000000059,14.439999999999785
46.94000000000059,14.459999999999784
46.94000000000059,14.479999999999784
46.94000000000059,14.499999999999783
46.94000000000059,14.519999999999783
46.94000000000059,14.539999999999782
46.94000000000059,14.559999999999782
46.94000000000059,14.579999999999782
46.94000000000059,14.599999999999781
46.94000000000059,14.61999999999978
46.94000000000059,14.63999999999978
46.94000000000059,14.65999999999978
46.94000000000059,14.67999999999978
46.94000000000059,14.699999999999779
46.94000000000059,14.719999999999779
46.94000000000059,14.739999999999778
46.94000000000059,14.759999999999778
46.94000000000059,14.779999999999777
46.94000000000059,14.799999999999777
46.94000000000059,14.819999999999776
46.94000000000059,14.839999999999776
46.94000000000059,14.859999999999776
46.94000000000059,14.879999999999775
46.94000000000059,14.899999999999775
46.94000000000059,14.919999999999774
46.94000000000059,14.939999999999774
46.94000000000059,14.959999999999773
46.94000000000059,14.979999999999773
46.94000000000059,14.999999999999773
46.94000000000059,15.019999999999772
46.94000000000059,15.039999999999772
46.94000000000059,15.059999999999771
46.94000000000059,15.079999999999771
46.94000000000059,15.09999999999977
46.94000000000059,15.11999999999977
46.94000000000059,15.13999999999977
46.94000000000059,15.15999999999977
46.94000000000059,15.179999999999769
46.94000000000059,15.199999999999768
46.94000000000059,15.219999999999768
46.94000000000059,15.239999999999768
46.94000000000059,15.259999999999767
46.94000000000059,15.279999999999767
46.94000000000059,15.299999999999766
46.94000000000059,15.319999999999766
46.94000000000059,15.339999999999765
46.94000000000059,15.359999999999765
46.94000000000059,15.379999999999765
46.94000000000059,15.399999999999764
46.94000000000059,15.419999999999764
46.94000000000059,15.439999999999763
46.94000000000059,15.459999999999763
46.94000000000059,15.479999999999762
46.94000000000059,15.499999999999762
46.94000000000059,15.519999999999762
46.94000000000059,15.539999999999761
46.94000000000059,15.55999999999976
46.94000000000059,15.57999999999976
46.94000000000059,15.59999999999976
46.94000000000059,15.61999999999976
46.94000000000059,15.639999999999759
46.94000000000059,15.659999999999759
46.94000000000059,15.679999999999758
46.94000000000059,15.699999999999758
46.94000000000059,15.719999999999757
46.94000000000059,15.739999999999757
46.94000000000059,15.759999999999756
46.94000000000059,15.779999999999756
46.94000000000059,15.799999999999756
46.94000000000059,15.819999999999755
46.94000000000059,15.839999999999755
46.94000000000059,15.859999999999754
46.94000000000059,15.879999999999754
46.94000000000059,15.899999999999753
46.94000000000059,15.919999999999753
46.94000000000059,15.939999999999753
46.94000000000059,15.959999999999752
46.94000000000059,15.979999999999752
46.94000000000059,15.999999999999751
46.94000000000059,16.01999999999975
46.94000000000059,16.03999999999975
46.94000000000059,16.05999999999975
46.94000000000059,16.07999999999975
46.94000000000059,16.09999999999975
46.94000000000059,16.11999999999975
46.94000000000059,16.13999999999975
46.94000000000059,16.159999999999748
46.94000000000059,16.179999999999747
46.94000000000059,16.199999999999747
46.94000000000059,16.219999999999747
46.94000000000059,16.239999999999746
46.94000000000059,16.259999999999746
46.94000000000059,16.279999999999745
46.94000000000059,16.299999999999745
46.94000000000059,16.319999999999744
46.94000000000059,16.339999999999744
46.94000000000059,16.359999999999744
46.94000000000059,16.379999999999743
46.94000000000059,16.399999999999743
46.94000000000059,16.419999999999742
46.94000000000059,16.439999999999742
46.94000000000059,16.45999999999974
46.94000000000059,16.47999999999974
46.94000000000059,16.49999999999974
46.94000000000059,16.51999999999974
46.94000000000059,16.53999999999974
46.94000000000059,16.55999999999974
46.94000000000059,16.57999999999974
46.94000000000059,16.59999999999974
46.94000000000059,16.619999999999738
46.94000000000059,16.639999999999738
46.94000000000059,16.659999999999737
46.94000000000059,16.679999999999737
46.94000000000059,16.699999999999736
46.94000000000059,16.719999999999736
46.94000000000059,16.739999999999736
46.96000000000059,12.979999999999816
46.96000000000059,12.999999999999815
46.96000000000059,13.019999999999815
46.96000000000059,13.039999999999814
46.96000000000059,13.059999999999814
46.96000000000059,13.079999999999814
46.96000000000059,13.099999999999813
46.96000000000059,13.119999999999813
46.96000000000059,13.139999999999812
46.96000000000059,13.159999999999812
46.96000000000059,13.179999999999811
46.96000000000059,13.199999999999811
46.96000000000059,13.21999999999981
46.96000000000059,13.23999999999981
46.96000000000059,13.25999999999981
46.96000000000059,13.27999999999981
46.96000000000059,13.299999999999809
46.96000000000059,13.319999999999808
46.96000000000059,13.339999999999808
46.96000000000059,13.359999999999808
46.96000000000059,13.379999999999807
46.96000000000059,13.399999999999807
46.96000000000059,13.419999999999806
46.96000000000059,13.439999999999806
46.96000000000059,13.459999999999805
46.96000000000059,13.479999999999805
46.96000000000059,13.499999999999805
46.96000000000059,13.519999999999804
46.96000000000059,13.539999999999804
46.96000000000059,13.559999999999803
46.96000000000059,13.579999999999803
46.96000000000059,13.599999999999802
46.96000000000059,13.619999999999802
46.96000000000059,13.639999999999802
46.96000000000059,13.659999999999801
46.96000000000059,13.6799999999998
46.96000000000059,13.6999999999998
46.96000000000059,13.7199999999998
46.96000000000059,13.7399999999998
46.96000000000059,13.759999999999799
46.96000000000059,13.779999999999799
46.96000000000059,13.799999999999798
46.96000000000059,13.819999999999798
46.96000000000059,13.839999999999797
46.96000000000059,13.859999999999797
46.96000000000059,13.879999999999797
46.96000000000059,13.899999999999796
46.96000000000059,13.919999999999796
46.96000000000059,13.939999999999795
46.96000000000059,13.959999999999795
46.96000000000059,13.979999999999794
46.96000000000059,13.999999999999794
46.96000000000059,14.019999999999794
46.96000000000059,14.039999999999793
46.96000000000059,14.059999999999793
46.96000000000059,14.079999999999792
46.96000000000059,14.099999999999792
46.96000000000059,14.119999999999791
46.96000000000059,14.139999999999791
46.96000000000059,14.15999999999979
46.96000000000059,14.17999999999979
46.96000000000059,14.19999999999979
46.96000000000059,14.21999999999979
46.96000000000059,14.239999999999789
46.96000000000059,14.259999999999788
46.96000000000059,14.279999999999788
46.96000000000059,14.299999999999788
46.96000000000059,14.319999999999787
46.96000000000059,14.339999999999787
46.96000000000059,14.359999999999786
46.96000000000059,14.379999999999786
46.96000000000059,14.399999999999785
46.96000000000059,14.419999999999785
46.96000000000059,14.439999999999785
46.96000000000059,14.459999999999784
46.96000000000059,14.479999999999784
46.96000000000059,14.499999999999783
46.96000000000059,14.519999999999783
46.96000000000059,14.539999999999782
46.96000000000059,14.559999999999782
46.96000000000059,14.579999999999782
46.96000000000059,14.599999999999781
46.96000000000059,14.61999999999978
46.96000000000059,14.63999999999978
46.96000000000059,14.65999999999978
46.96000000000059,14.67999999999978
46.96000000000059,14.699999999999779
46.96000000000059,14.719999999999779
46.96000000000059,14.739999999999778
46.96000000000059,14.759999999999778
46.96000000000059,14.779999999999777
46.96000000000059,14.799999999999777
46.96000000000059,14.819999999999776
46.96000000000059,14.839999999999776
46.96000000000059,14.859999999999776
46.96000000000059,14.879999999999775
46.96000000000059,14.899999999999775
46.96000000000059,14.919999999999774
46.96000000000059,14.939999999999774
46.96000000000059,14.959999999999773
46.96000000000059,14.979999999999773
46.96000000000059,14.999999999999773
46.96000000000059,15.019999999999772
46.96000000000059,15.039999999999772
46.96000000000059,15.059999999999771
46.96000000000059,15.079999999999771
46.96000000000059,15.09999999999977
46.96000000000059,15.11999999999977
46.96000000000059,15.13999999999977
46.96000000000059,15.15999999999977
46.96000000000059,15.179999999999769
46.96000000000059,15.199999999999768
46.96000000000059,15.219999999999768
46.96000000000059,15.239999999999768
46.96000000000059,15.259999999999767
46.96000000000059,15.279999999999767
46.96000000000059,15.299999999999766
46.96000000000059,15.319999999999766
46.96000000000059,15.339999999999765
46.96000000000059,15.359999999999765
46.96000000000059,15.379999999999765
46.96000000000059,15.399999999999764
46.96000000000059,15.419999999999764
46.96000000000059,15.439999999999763
46.96000000000059,15.459999999999763
46.96000000000059,15.479999999999762
46.96000000000059,15.499999999999762
46.96000000000059,15.519999999999762
46.96000000000059,15.539999999999761
46.96000000000059,15.55999999999976
46.96000000000059,15.57999999999976
46.96000000000059,15.59999999999976
46.96000000000059,15.61999999999976
46.96000000000059,15.639999999999759
46.96000000000059,15.659999999999759
46.96000000000059,15.679999999999758
46.96000000000059,15.699999999999758
46.96000000000059,15.719999999999757
46.96000000000059,15.739999999999757
46.96000000000059,15.759999999999756
46.96000000000059,15.779999999999756
46.96000000000059,15.799999999999756
46.96000000000059,15.819999999999755
46.96000000000059,15.839999999999755
46.96000000000059,15.859999999999754
46.96000000000059,15.879999999999754
46.96000000000059,15.899999999999753
46.96000000000059,15.919999999999753
46.96000000000059,15.939999999999753
46.96000000000059,15.959999999999752
46.96000000000059,15.979999999999752
46.96000000000059,15.999999999999751
46.96000000000059,16.01999999999975
46.96000000000059,16.03999999999975
46.96000000000059,16.05999999999975
46.96000000000059,16.07999999999975
46.96000000000059,16.09999999999975
46.96000000000059,16.11999999999975
46.96000000000059,16.13999999999975
46.96000000000059,16.159999999999748
46.96000000000059,16.179999999999747
46.96000000000059,16.199999999999747
46.96000000000059,16.219999999999747
46.96000000000059,16.239999999999746
46.96000000000059,16.259999999999746
46.96000000000059,16.279999999999745
46.96000000000059,16.299999999999745
46.96000000000059,16.319999999999744
46.96000000000059,16.339999999999744
46.96000000000059,16.359999999999744
46.96000000000059,16.379999999999743
46.96000000000059,16.399999999999743
46.96000000000059,16.419999999999742
46.96000000000059,16.439999999999742
46.96000000000059,16.45999999999974
46.96000000000059,16.47999999999974
46.96000000000059,16.49999999999974
46.96000000000059,16.51999999999974
46.96000000000059,16.53999999999974
46.96000000000059,16.55999999999974
46.96000000000059,16.57999999999974
46.96000000000059,16.59999999999974
46.96000000000059,16.619999999999738
46.96000000000059,16.639999999999738
46.96000000000059,16.659999999999737
46.96000000000059,16.679999999999737
46.96000000000059,16.699999999999736
46.96000000000059,16.719999999999736
46.96000000000059,16.739999999999736
46.980000000000594,12.979999999999816
46.980000000000594,12.999999999999815
46.980000000000594,13.019999999999815
46.980000000000594,13.039999999999814
46.980000000000594,13.059999999999814
46.980000000000594,13.079999999999814
46.980000000000594,13.099999999999813
46.980000000000594,13.119999999999813
46.980000000000594,13.139999999999812
46.980000000000594,13.159999999999812
46.980000000000594,13.179999999999811
46.980000000000594,13.199999999999811
46.980000000000594,13.21999999999981
46.980000000000594,13.23999999999981
46.980000000000594,13.25999999999981
46.980000000000594,13.27999999999981
46.980000000000594,13.299999999999809
46.980000000000594,13.319999999999808
46.980000000000594,13.339999999999808
46.980000000000594,13.359999999999808
46.980000000000594,13.379999999999807
46.980000000000594,13.399999999999807
46.980000000000594,13.419999999999806
46.980000000000594,13.439999999999806
46.980000000000594,13.459999999999805
46.980000000000594,13.479999999999805
46.980000000000594,13.499999999999805
46.980000000000594,13.519999999999804
46.980000000000594,13.539999999999804
46.980000000000594,13.559999999999803
46.980000000000594,13.579999999999803
46.980000000000594,13.599999999999802
46.980000000000594,13.619999999999802
46.980000000000594,13.639999999999802
46.980000000000594,13.659999999999801
46.980000000000594,13.6799999999998
46.980000000000594,13.6999999999998
46.980000000000594,13.7199999999998
46.980000000000594,13.7399999999998
46.980000000000594,13.759999999999799
46.980000000000594,13.779999999999799
46.980000000000594,13.799999999999798
46.980000000000594,13.819999999999798
46.980000000000594,13.839999999999797
46.980000000000594,13.859999999999797
46.980000000000594,13.879999999999797
46.980000000000594,13.899999999999796
46.980000000000594,13.919999999999796
46.980000000000594,13.939999999999795
46.980000000000594,13.959999999999795
46.980000000000594,13.979999999999794
46.980000000000594,13.999999999999794
46.980000000000594,14.019999999999794
46.980000000000594,14.039999999999793
46.980000000000594,14.059999999999793
46.980000000000594,14.079999999999792
46.980000000000594,14.099999999999792
46.980000000000594,14.119999999999791
46.980000000000594,14.139999999999791
46.980000000000594,14.15999999999979
46.980000000000594,14.17999999999979
46.980000000000594,14.19999999999979
46.980000000000594,14.21999999999979
46.980000000000594,14.239999999999789
46.980000000000594,14.259999999999788
46.980000000000594,14.279999999999788
46.980000000000594,14.299999999999788
46.980000000000594,14.319999999999787
46.980000000000594,14.339999999999787
46.980000000000594,14.359999999999786
46.980000000000594,14.379999999999786
46.980000000000594,14.399999999999785
46.980000000000594,14.419999999999785
46.980000000000594,14.439999999999785
46.980000000000594,14.459999999999784
46.980000000000594,14.479999999999784
46.980000000000594,14.499999999999783
46.980000000000594,14.519999999999783
46.980000000000594,14.539999999999782
46.980000000000594,14.559999999999782
46.980000000000594,14.579999999999782
46.980000000000594,14.599999999999781
46.980000000000594,14.61999999999978
46.980000000000594,14.63999999999978
46.980000000000594,14.65999999999978
46.980000000000594,14.67999999999978
46.980000000000594,14.699999999999779
46.980000000000594,14.719999999999779
46.980000000000594,14.739999999999778
46.980000000000594,14.759999999999778
46.980000000000594,14.779999999999777
46.980000000000594,14.799999999999777
46.980000000000594,14.819999999999776
46.980000000000594,14.839999999999776
46.980000000000594,14.859999999999776
46.980000000000594,14.879999999999775
46.980000000000594,14.899999999999775
46.980000000000594,14.919999999999774
46.980000000000594,14.939999999999774
46.980000000000594,14.959999999999773
46.980000000000594,14.979999999999773
46.980000000000594,14.999999999999773
46.980000000000594,15.019999999999772
46.980000000000594,15.039999999999772
46.980000000000594,15.059999999999771
46.980000000000594,15.079999999999771
46.980000000000594,15.09999999999977
46.980000000000594,15.11999999999977
46.980000000000594,15.13999999999977
46.980000000000594,15.15999999999977
46.980000000000594,15.179999999999769
46.980000000000594,15.199999999999768
46.980000000000594,15.219999999999768
46.980000000000594,15.239999999999768
46.980000000000594,15.259999999999767
46.980000000000594,15.279999999999767
46.980000000000594,15.299999999999766
46.980000000000594,15.319999999999766
46.980000000000594,15.339999999999765
46.980000000000594,15.359999999999765
46.980000000000594,15.379999999999765
46.980000000000594,15.399999999999764
46.980000000000594,15.419999999999764
46.980000000000594,15.439999999999763
46.980000000000594,15.459999999999763
46.980000000000594,15.479999999999762
46.980000000000594,15.499999999999762
46.980000000000594,15.519999999999762
46.980000000000594,15.539999999999761
46.980000000000594,15.55999999999976
46.980000000000594,15.57999999999976
46.980000000000594,15.59999999999976
46.980000000000594,15.61999999999976
46.980000000000594,15.639999999999759
46.980000000000594,15.659999999999759
46.980000000000594,15.679999999999758
46.980000000000594,15.699999999999758
46.980000000000594,15.719999999999757
46.980000000000594,15.739999999999757
46.980000000000594,15.759999999999756
46.980000000000594,15.779999999999756
46.980000000000594,15.799999999999756
46.980000000000594,15.819999999999755
46.980000000000594,15.839999999999755
46.980000000000594,15.859999999999754
46.980000000000594,15.879999999999754
46.980000000000594,15.899999999999753
46.980000000000594,15.919999999999753
46.980000000000594,15.939999999999753
46.980000000000594,15.959999999999752
46.980000000000594,15.979999999999752
46.980000000000594,15.999999999999751
46.980000000000594,16.01999999999975
46.980000000000594,16.03999999999975
46.980000000000594,16.05999999999975
46.980000000000594,16.07999999999975
46.980000000000594,16.09999999999975
46.980000000000594,16.11999999999975
46.980000000000594,16.13999999999975
46.980000000000594,16.159999999999748
46.980000000000594,16.179999999999747
46.980000000000594,16.199999999999747
46.980000000000594,16.219999999999747
46.980000000000594,16.239999999999746
46.980000000000594,16.259999999999746
46.980000000000594,16.279999999999745
46.980000000000594,16.299999999999745
46.980000000000594,16.319999999999744
46.980000000000594,16.339999999999744
46.980000000000594,16.359999999999744
46.980000000000594,16.379999999999743
46.980000000000594,16.399999999999743
46.980000000000594,16.419999999999742
46.980000000000594,16.439999999999742
46.980000000000594,16.45999999999974
46.980000000000594,16.47999999999974
46.980000000000594,16.49999999999974
46.980000000000594,16.51999999999974
46.980000000000594,16.53999999999974
46.980000000000594,16.55999999999974
46.980000000000594,16.57999999999974
46.980000000000594,16.59999999999974
46.980000000000594,16.619999999999738
46.980000000000594,16.639999999999738
46.980000000000594,16.659999999999737
46.980000000000594,16.679999999999737
46.980000000000594,16.699999999999736
46.980000000000594,16.719999999999736
46.980000000000594,16.739999999999736
47.0000000000006,12.979999999999816
47.0000000000006,12.999999999999815
47.0000000000006,13.019999999999815
47.0000000000006,13.039999999999814
47.0000000000006,13.059999999999814
47.0000000000006,13.079999999999814
47.0000000000006,13.099999999999813
47.0000000000006,13.119999999999813
47.0000000000006,13.139999999999812
47.0000000000006,13.159999999999812
47.0000000000006,13.179999999999811
47.0000000000006,13.199999999999811
47.0000000000006,13.21999999999981
47.0000000000006,13.23999999999981
47.0000000000006,13.25999999999981
47.0000000000006,13.27999999999981
47.0000000000006,13.299999999999809
47.0000000000006,13.319999999999808
47.0000000000006,13.339999999999808
47.0000000000006,13.359999999999808
47.0000000000006,13.379999999999807
47.0000000000006,13.399999999999807
47.0000000000006,13.419999999999806
47.0000000000006,13.439999999999806
47.0000000000006,13.459999999999805
47.0000000000006,13.479999999999805
47.0000000000006,13.499999999999805
47.0000000000006,13.519999999999804
47.0000000000006,13.539999999999804
47.0000000000006,13.559999999999803
47.0000000000006,13.579999999999803
47.0000000000006,13.599999999999802
47.0000000000006,13.619999999999802
47.0000000000006,13.639999999999802
47.0000000000006,13.659999999999801
47.0000000000006,13.6799999999998
47.0000000000006,13.6999999999998
47.0000000000006,13.7199999999998
47.0000000000006,13.7399999999998
47.0000000000006,13.759999999999799
47.0000000000006,13.779999999999799
47.0000000000006,13.799999999999798
47.0000000000006,13.819999999999798
47.0000000000006,13.839999999999797
47.0000000000006,13.859999999999797
47.0000000000006,13.879999999999797
47.0000000000006,13.899999999999796
47.0000000000006,13.919999999999796
47.0000000000006,13.939999999999795
47.0000000000006,13.959999999999795
47.0000000000006,13.979999999999794
47.0000000000006,13.999999999999794
47.0000000000006,14.019999999999794
47.0000000000006,14.039999999999793
47.0000000000006,14.059999999999793
47.0000000000006,14.079999999999792
47.0000000000006,14.099999999999792
47.0000000000006,14.119999999999791
47.0000000000006,14.139999999999791
47.0000000000006,14.15999999999979
47.0000000000006,14.17999999999979
47.0000000000006,14.19999999999979
47.0000000000006,14.21999999999979
47.0000000000006,14.239999999999789
47.0000000000006,14.259999999999788
47.0000000000006,14.279999999999788
47.0000000000006,14.299999999999788
47.0000000000006,14.319999999999787
47.0000000000006,14.339999999999787
47.0000000000006,14.359999999999786
47.0000000000006,14.379999999999786
47.0000000000006,14.399999999999785
47.0000000000006,14.419999999999785
47.0000000000006,14.439999999999785
47.0000000000006,14.459999999999784
47.0000000000006,14.479999999999784
47.0000000000006,14.499999999999783
47.0000000000006,14.519999999999783
47.0000000000006,14.539999999999782
47.0000000000006,14.559999999999782
47.0000000000006,14.579999999999782
47.0000000000006,14.599999999999781
47.0000000000006,14.61999999999978
47.0000000000006,14.63999999999978
47.0000000000006,14.65999999999978
47.0000000000006,14.67999999999978
47.0000000000006,14.699999999999779
47.0000000000006,14.719999999999779
47.0000000000006,14.739999999999778
47.0000000000006,14.759999999999778
47.0000000000006,14.779999999999777
47.0000000000006,14.799999999999777
47.0000000000006,14.819999999999776
47.0000000000006,14.839999999999776
47.0000000000006,14.859999999999776
47.0000000000006,14.879999999999775
47.0000000000006,14.899999999999775
47.0000000000006,14.919999999999774
47.0000000000006,14.939999999999774
47.0000000000006,14.959999999999773
47.0000000000006,14.979999999999773
47.0000000000006,14.999999999999773
47.0000000000006,15.019999999999772
47.0000000000006,15.039999999999772
47.0000000000006,15.059999999999771
47.0000000000006,15.079999999999771
47.0000000000006,15.09999999999977
47.0000000000006,15.11999999999977
47.0000000000006,15.13999999999977
47.0000000000006,15.15999999999977
47.0000000000006,15.179999999999769
47.0000000000006,15.199999999999768
47.0000000000006,15.219999999999768
47.0000000000006,15.239999999999768
47.0000000000006,15.259999999999767
47.0000000000006,15.279999999999767
47.0000000000006,15.299999999999766
47.0000000000006,15.319999999999766
47.0000000000006,15.339999999999765
47.0000000000006,15.359999999999765
47.0000000000006,15.379999999999765
47.0000000000006,15.399999999999764
47.0000000000006,15.419999999999764
47.0000000000006,15.439999999999763
47.0000000000006,15.459999999999763
47.0000000000006,15.479999999999762
47.0000000000006,15.499999999999762
47.0000000000006,15.519999999999762
47.0000000000006,15.539999999999761
47.0000000000006,15.55999999999976
47.0000000000006,15.57999999999976
47.0000000000006,15.59999999999976
47.0000000000006,15.61999999999976
47.0000000000006,15.639999999999759
47.0000000000006,15.659999999999759
47.0000000000006,15.679999999999758
47.0000000000006,15.699999999999758
47.0000000000006,15.719999999999757
47.0000000000006,15.739999999999757
47.0000000000006,15.759999999999756
47.0000000000006,15.779999999999756
47.0000000000006,15.799999999999756
47.0000000000006,15.819999999999755
47.0000000000006,15.839999999999755
47.0000000000006,15.859999999999754
47.0000000000006,15.879999999999754
47.0000000000006,15.899999999999753
47.0000000000006,15.919999999999753
47.0000000000006,15.939999999999753
47.0000000000006,15.959999999999752
47.0000000000006,15.979999999999752
47.0000000000006,15.999999999999751
47.0000000000006,16.01999999999975
47.0000000000006,16.03999999999975
47.0000000000006,16.05999999999975
47.0000000000006,16.07999999999975
47.0000000000006,16.09999999999975
47.0000000000006,16.11999999999975
47.0000000000006,16.13999999999975
47.0000000000006,16.159999999999748
47.0000000000006,16.179999999999747
47.0000000000006,16.199999999999747
47.0000000000006,16.219999999999747
47.0000000000006,16.239999999999746
47.0000000000006,16.259999999999746
47.0000000000006,16.279999999999745
47.0000000000006,16.299999999999745
47.0000000000006,16.319999999999744
47.0000000000006,16.339999999999744
47.0000000000006,16.359999999999744
47.0000000000006,16.379999999999743
47.0000000000006,16.399999999999743
47.0000000000006,16.419999999999742
47.0000000000006,16.439999999999742
47.0000000000006,16.45999999999974
47.0000000000006,16.47999999999974
47.0000000000006,16.49999999999974
47.0000000000006,16.51999999999974
47.0000000000006,16.53999999999974
47.0000000000006,16.55999999999974
47.0000000000006,16.57999999999974
47.0000000000006,16.59999999999974
47.0000000000006,16.619999999999738
47.0000000000006,16.639999999999738
47.0000000000006,16.659999999999737
47.0000000000006,16.679999999999737
47.0000000000006,16.699999999999736
47.0000000000006,16.719999999999736
47.0000000000006,16.739999999999736
47.0200000000006,12.979999999999816
47.0200000000006,12.999999999999815
47.0200000000006,13.019999999999815
47.0200000000006,13.039999999999814
47.0200000000006,13.059999999999814
47.0200000000006,13.079999999999814
47.0200000000006,13.099999999999813
47.0200000000006,13.119999999999813
47.0200000000006,13.139999999999812
47.0200000000006,13.159999999999812
47.0200000000006,13.179999999999811
47.0200000000006,13.199999999999811
47.0200000000006,13.21999999999981
47.0200000000006,13.23999999999981
47.0200000000006,13.25999999999981
47.0200000000006,13.27999999999981
47.0200000000006,13.299999999999809
47.0200000000006,13.319999999999808
47.0200000000006,13.339999999999808
47.0200000000006,13.359999999999808
47.0200000000006,13.379999999999807
47.0200000000006,13.399999999999807
47.0200000000006,13.419999999999806
47.0200000000006,13.439999999999806
47.0200000000006,13.459999999999805
47.0200000000006,13.479999999999805
47.0200000000006,13.499999999999805
47.0200000000006,13.519999999999804
47.0200000000006,13.539999999999804
47.0200000000006,13.559999999999803
47.0200000000006,13.579999999999803
47.0200000000006,13.599999999999802
47.0200000000006,13.619999999999802
47.0200000000006,13.639999999999802
47.0200000000006,13.659999999999801
47.0200000000006,13.6799999999998
47.0200000000006,13.6999999999998
47.0200000000006,13.7199999999998
47.0200000000006,13.7399999999998
47.0200000000006,13.759999999999799
47.0200000000006,13.779999999999799
47.0200000000006,13.799999999999798
47.0200000000006,13.819999999999798
47.0200000000006,13.839999999999797
47.0200000000006,13.859999999999797
47.0200000000006,13.879999999999797
47.0200000000006,13.899999999999796
47.0200000000006,13.919999999999796
47.0200000000006,13.939999999999795
47.0200000000006,13.959999999999795
47.0200000000006,13.979999999999794
47.0200000000006,13.999999999999794
47.0200000000006,14.019999999999794
47.0200000000006,14.039999999999793
47.0200000000006,14.059999999999793
47.0200000000006,14.079999999999792
47.0200000000006,14.099999999999792
47.0200000000006,14.119999999999791
47.0200000000006,14.139999999999791
47.0200000000006,14.15999999999979
47.0200000000006,14.17999999999979
47.0200000000006,14.19999999999979
47.0200000000006,14.21999999999979
47.0200000000006,14.239999999999789
47.0200000000006,14.259999999999788
47.0200000000006,14.279999999999788
47.0200000000006,14.299999999999788
47.0200000000006,14.319999999999787
47.0200000000006,14.339999999999787
47.0200000000006,14.359999999999786
47.0200000000006,14.379999999999786
47.0200000000006,14.399999999999785
47.0200000000006,14.419999999999785
47.0200000000006,14.439999999999785
47.0200000000006,14.459999999999784
47.0200000000006,14.479999999999784
47.0200000000006,14.499999999999783
47.0200000000006,14.519999999999783
47.0200000000006,14.539999999999782
47.0200000000006,14.559999999999782
47.0200000000006,14.579999999999782
47.0200000000006,14.599999999999781
47.0200000000006,14.61999999999978
47.0200000000006,14.63999999999978
47.0200000000006,14.65999999999978
47.0200000000006,14.67999999999978
47.0200000000006,14.699999999999779
47.0200000000006,14.719999999999779
47.0200000000006,14.739999999999778
47.0200000000006,14.759999999999778
47.0200000000006,14.779999999999777
47.0200000000006,14.799999999999777
47.0200000000006,14.819999999999776
47.0200000000006,14.839999999999776
47.0200000000006,14.859999999999776
47.0200000000006,14.879999999999775
47.0200000000006,14.899999999999775
47.0200000000006,14.919999999999774
47.0200000000006,14.939999999999774
47.0200000000006,14.959999999999773
47.0200000000006,14.979999999999773
47.0200000000006,14.999999999999773
47.0200000000006,15.019999999999772
47.0200000000006,15.039999999999772
47.0200000000006,15.059999999999771
47.0200000000006,15.079999999999771
47.0200000000006,15.09999999999977
47.0200000000006,15.11999999999977
47.0200000000006,15.13999999999977
47.0200000000006,15.15999999999977
47.0200000000006,15.179999999999769
47.0200000000006,15.199999999999768
47.0200000000006,15.219999999999768
47.0200000000006,15.239999999999768
47.0200000000006,15.259999999999767
47.0200000000006,15.279999999999767
47.0200000000006,15.299999999999766
47.0200000000006,15.319999999999766
47.0200000000006,15.339999999999765
47.0200000000006,15.359999999999765
47.0200000000006,15.379999999999765
47.0200000000006,15.399999999999764
47.0200000000006,15.419999999999764
47.0200000000006,15.439999999999763
47.0200000000006,15.459999999999763
47.0200000000006,15.479999999999762
47.0200000000006,15.499999999999762
47.0200000000006,15.519999999999762
47.0200000000006,15.539999999999761
47.0200000000006,15.55999999999976
47.0200000000006,15.57999999999976
47.0200000000006,15.59999999999976
47.0200000000006,15.61999999999976
47.0200000000006,15.639999999999759
47.0200000000006,15.659999999999759
47.0200000000006,15.679999999999758
47.0200000000006,15.699999999999758
47.0200000000006,15.719999999999757
47.0200000000006,15.739999999999757
47.0200000000006,15.759999999999756
47.0200000000006,15.779999999999756
47.0200000000006,15.799999999999756
47.0200000000006,15.819999999999755
47.0200000000006,15.839999999999755
47.0200000000006,15.859999999999754
47.0200000000006,15.879999999999754
47.0200000000006,15.899999999999753
47.0200000000006,15.919999999999753
47.0200000000006,15.939999999999753
47.0200000000006,15.959999999999752
47.0200000000006,15.979999999999752
47.0200000000006,15.999999999999751
47.0200000000006,16.01999999999975
47.0200000000006,16.03999999999975
47.0200000000006,16.05999999999975
47.0200000000006,16.07999999999975
47.0200000000006,16.09999999999975
47.0200000000006,16.11999999999975
47.0200000000006,16.13999999999975
47.0200000000006,16.159999999999748
47.0200000000006,16.179999999999747
47.0200000000006,16.199999999999747
47.0200000000006,16.219999999999747
47.0200000000006,16.239999999999746
47.0200000000006,16.259999999999746
47.0200000000006,16.279999999999745
47.0200000000006,16.299999999999745
47.0200000000006,16.319999999999744
47.0200000000006,16.339999999999744
47.0200000000006,16.359999999999744
47.0200000000006,16.379999999999743
47.0200000000006,16.399999999999743
47.0200000000006,16.419999999999742
47.0200000000006,16.439999999999742
47.0200000000006,16.45999999999974
47.0200000000006,16.47999999999974
47.0200000000006,16.49999999999974
47.0200000000006,16.51999999999974
47.0200000000006,16.53999999999974
47.0200000000006,16.55999999999974
47.0200000000006,16.57999999999974
47.0200000000006,16.59999999999974
47.0200000000006,16.619999999999738
47.0200000000006,16.639999999999738
47.0200000000006,16.659999999999737
47.0200000000006,16.679999999999737
47.0200000000006,16.699999999999736
47.0200000000006,16.719999999999736
47.0200000000006,16.739999999999736
47.0400000000006,12.979999999999816
47.0400000000006,12.999999999999815
47.0400000000006,13.019999999999815
47.0400000000006,13.039999999999814
47.0400000000006,13.059999999999814
47.0400000000006,13.079999999999814
47.0400000000006,13.099999999999813
47.0400000000006,13.119999999999813
47.0400000000006,13.139999999999812
47.0400000000006,13.159999999999812
47.0400000000006,13.179999999999811
47.0400000000006,13.199999999999811
47.0400000000006,13.21999999999981
47.0400000000006,13.23999999999981
47.0400000000006,13.25999999999981
47.0400000000006,13.27999999999981
47.0400000000006,13.299999999999809
47.0400000000006,13.319999999999808
47.0400000000006,13.339999999999808
47.0400000000006,13.359999999999808
47.0400000000006,13.379999999999807
47.0400000000006,13.399999999999807
47.0400000000006,13.419999999999806
47.0400000000006,13.439999999999806
47.0400000000006,13.459999999999805
47.0400000000006,13.479999999999805
47.0400000000006,13.499999999999805
47.0400000000006,13.519999999999804
47.0400000000006,13.539999999999804
47.0400000000006,13.559999999999803
47.0400000000006,13.579999999999803
47.0400000000006,13.599999999999802
47.0400000000006,13.619999999999802
47.0400000000006,13.639999999999802
47.0400000000006,13.659999999999801
47.0400000000006,13.6799999999998
47.0400000000006,13.6999999999998
47.0400000000006,13.7199999999998
47.0400000000006,13.7399999999998
47.0400000000006,13.759999999999799
47.0400000000006,13.779999999999799
47.0400000000006,13.799999999999798
47.0400000000006,13.819999999999798
47.0400000000006,13.839999999999797
47.0400000000006,13.859999999999797
47.0400000000006,13.879999999999797
47.0400000000006,13.899999999999796
47.0400000000006,13.919999999999796
47.0400000000006,13.939999999999795
47.0400000000006,13.959999999999795
47.0400000000006,13.979999999999794
47.0400000000006,13.999999999999794
47.0400000000006,14.019999999999794
47.0400000000006,14.039999999999793
47.0400000000006,14.059999999999793
47.0400000000006,14.079999999999792
47.0400000000006,14.099999999999792
47.0400000000006,14.119999999999791
47.0400000000006,14.139999999999791
47.0400000000006,14.15999999999979
47.0400000000006,14.17999999999979
47.0400000000006,14.19999999999979
47.0400000000006,14.21999999999979
47.0400000000006,14.239999999999789
47.0400000000006,14.259999999999788
47.0400000000006,14.279999999999788
47.0400000000006,14.299999999999788
47.0400000000006,14.319999999999787
47.0400000000006,14.339999999999787
47.0400000000006,14.359999999999786
47.0400000000006,14.379999999999786
47.0400000000006,14.399999999999785
47.0400000000006,14.419999999999785
47.0400000000006,14.439999999999785
47.0400000000006,14.459999999999784
47.0400000000006,14.479999999999784
47.0400000000006,14.499999999999783
47.0400000000006,14.519999999999783
47.0400000000006,14.539999999999782
47.0400000000006,14.559999999999782
47.0400000000006,14.579999999999782
47.0400000000006,14.599999999999781
47.0400000000006,14.61999999999978
47.0400000000006,14.63999999999978
47.0400000000006,14.65999999999978
47.0400000000006,14.67999999999978
47.0400000000006,14.699999999999779
47.0400000000006,14.719999999999779
47.0400000000006,14.739999999999778
47.0400000000006,14.759999999999778
47.0400000000006,14.779999999999777
47.0400000000006,14.799999999999777
47.0400000000006,14.819999999999776
47.0400000000006,14.839999999999776
47.0400000000006,14.859999999999776
47.0400000000006,14.879999999999775
47.0400000000006,14.899999999999775
47.0400000000006,14.919999999999774
47.0400000000006,14.939999999999774
47.0400000000006,14.959999999999773
47.0400000000006,14.979999999999773
47.0400000000006,14.999999999999773
47.0400000000006,15.019999999999772
47.0400000000006,15.039999999999772
47.0400000000006,15.059999999999771
47.0400000000006,15.079999999999771
47.0400000000006,15.09999999999977
47.0400000000006,15.11999999999977
47.0400000000006,15.13999999999977
47.0400000000006,15.15999999999977
47.0400000000006,15.179999999999769
47.0400000000006,15.199999999999768
47.0400000000006,15.219999999999768
47.0400000000006,15.239999999999768
47.0400000000006,15.259999999999767
47.0400000000006,15.279999999999767
47.0400000000006,15.299999999999766
47.0400000000006,15.319999999999766
47.0400000000006,15.339999999999765
47.0400000000006,15.359999999999765
47.0400000000006,15.379999999999765
47.0400000000006,15.399999999999764
47.0400000000006,15.419999999999764
47.0400000000006,15.439999999999763
47.0400000000006,15.459999999999763
47.0400000000006,15.479999999999762
47.0400000000006,15.499999999999762
47.0400000000006,15.519999999999762
47.0400000000006,15.539999999999761
47.0400000000006,15.55999999999976
47.0400000000006,15.57999999999976
47.0400000000006,15.59999999999976
47.0400000000006,15.61999999999976
47.0400000000006,15.639999999999759
47.0400000000006,15.659999999999759
47.0400000000006,15.679999999999758
47.0400000000006,15.699999999999758
47.0400000000006,15.719999999999757
47.0400000000006,15.739999999999757
47.0400000000006,15.759999999999756
47.0400000000006,15.779999999999756
47.0400000000006,15.799999999999756
47.0400000000006,15.819999999999755
47.0400000000006,15.839999999999755
47.0400000000006,15.859999999999754
47.0400000000006,15.879999999999754
47.0400000000006,15.899999999999753
47.0400000000006,15.919999999999753
47.0400000000006,15.939999999999753
47.0400000000006,15.959999999999752
47.0400000000006,15.979999999999752
47.0400000000006,15.999999999999751
47.0400000000006,16.01999999999975
47.0400000000006,16.03999999999975
47.0400000000006,16.05999999999975
47.0400000000006,16.07999999999975
47.0400000000006,16.09999999999975
47.0400000000006,16.11999999999975
47.0400000000006,16.13999999999975
47.0400000000006,16.159999999999748
47.0400000000006,16.179999999999747
47.0400000000006,16.199999999999747
47.0400000000006,16.219999999999747
47.0400000000006,16.239999999999746
47.0400000000006,16.259999999999746
47.0400000000006,16.279999999999745
47.0400000000006,16.299999999999745
47.0400000000006,16.319999999999744
47.0400000000006,16.339999999999744
47.0400000000006,16.359999999999744
47.0400000000006,16.379999999999743
47.0400000000006,16.399999999999743
47.0400000000006,16.419999999999742
47.0400000000006,16.439999999999742
47.0400000000006,16.45999999999974
47.0400000000006,16.47999999999974
47.0400000000006,16.49999999999974
47.0400000000006,16.51999999999974
47.0400000000006,16.53999999999974
47.0400000000006,16.55999999999974
47.0400000000006,16.57999999999974
47.0400000000006,16.59999999999974
47.0400000000006,16.619999999999738
47.0400000000006,16.639999999999738
47.0400000000006,16.659999999999737
47.0400000000006,16.679999999999737
47.0400000000006,16.699999999999736
47.0400000000006,16.719999999999736
47.0400000000006,16.739999999999736
47.060000000000606,12.979999999999816
47.060000000000606,12.999999999999815
47.060000000000606,13.019999999999815
47.060000000000606,13.039999999999814
47.060000000000606,13.059999999999814
47.060000000000606,13.079999999999814
47.060000000000606,13.099999999999813
47.060000000000606,13.119999999999813
47.060000000000606,13.139999999999812
47.060000000000606,13.159999999999812
47.060000000000606,13.179999999999811
47.060000000000606,13.199999999999811
47.060000000000606,13.21999999999981
47.060000000000606,13.23999999999981
47.060000000000606,13.25999999999981
47.060000000000606,13.27999999999981
47.060000000000606,13.299999999999809
47.060000000000606,13.319999999999808
47.060000000000606,13.339999999999808
47.060000000000606,13.359999999999808
47.060000000000606,13.379999999999807
47.060000000000606,13.399999999999807
47.060000000000606,13.419999999999806
47.060000000000606,13.439999999999806
47.060000000000606,13.459999999999805
47.060000000000606,13.479999999999805
47.060000000000606,13.499999999999805
47.060000000000606,13.519999999999804
47.060000000000606,13.539999999999804
47.060000000000606,13.559999999999803
47.060000000000606,13.579999999999803
47.060000000000606,13.599999999999802
47.060000000000606,13.619999999999802
47.060000000000606,13.639999999999802
47.060000000000606,13.659999999999801
47.060000000000606,13.6799999999998
47.060000000000606,13.6999999999998
47.060000000000606,13.7199999999998
47.060000000000606,13.7399999999998
47.060000000000606,13.759999999999799
47.060000000000606,13.779999999999799
47.060000000000606,13.799999999999798
47.060000000000606,13.819999999999798
47.060000000000606,13.839999999999797
47.060000000000606,13.859999999999797
47.060000000000606,13.879999999999797
47.060000000000606,13.899999999999796
47.060000000000606,13.919999999999796
47.060000000000606,13.939999999999795
47.060000000000606,13.959999999999795
47.060000000000606,13.979999999999794
47.060000000000606,13.999999999999794
47.060000000000606,14.019999999999794
47.060000000000606,14.039999999999793
47.060000000000606,14.059999999999793
47.060000000000606,14.079999999999792
47.060000000000606,14.099999999999792
47.060000000000606,14.119999999999791
47.060000000000606,14.139999999999791
47.060000000000606,14.15999999999979
47.060000000000606,14.17999999999979
47.060000000000606,14.19999999999979
47.060000000000606,14.21999999999979
47.060000000000606,14.239999999999789
47.060000000000606,14.259999999999788
47.060000000000606,14.279999999999788
47.060000000000606,14.299999999999788
47.060000000000606,14.319999999999787
47.060000000000606,14.339999999999787
47.060000000000606,14.359999999999786
47.060000000000606,14.379999999999786
47.060000000000606,14.399999999999785
47.060000000000606,14.419999999999785
47.060000000000606,14.439999999999785
47.060000000000606,14.459999999999784
47.060000000000606,14.479999999999784
47.060000000000606,14.499999999999783
47.060000000000606,14.519999999999783
47.060000000000606,14.539999999999782
47.060000000000606,14.559999999999782
47.060000000000606,14.579999999999782
47.060000000000606,14.599999999999781
47.060000000000606,14.61999999999978
47.060000000000606,14.63999999999978
47.060000000000606,14.65999999999978
47.060000000000606,14.67999999999978
47.060000000000606,14.699999999999779
47.060000000000606,14.719999999999779
47.060000000000606,14.739999999999778
47.060000000000606,14.759999999999778
47.060000000000606,14.779999999999777
47.060000000000606,14.799999999999777
47.060000000000606,14.819999999999776
47.060000000000606,14.839999999999776
47.060000000000606,14.859999999999776
47.060000000000606,14.879999999999775
47.060000000000606,14.899999999999775
47.060000000000606,14.919999999999774
47.060000000000606,14.939999999999774
47.060000000000606,14.959999999999773
47.060000000000606,14.979999999999773
47.060000000000606,14.999999999999773
47.060000000000606,15.019999999999772
47.060000000000606,15.039999999999772
47.060000000000606,15.059999999999771
47.060000000000606,15.079999999999771
47.060000000000606,15.09999999999977
47.060000000000606,15.11999999999977
47.060000000000606,15.13999999999977
47.060000000000606,15.15999999999977
47.060000000000606,15.179999999999769
47.060000000000606,15.199999999999768
47.060000000000606,15.219999999999768
47.060000000000606,15.239999999999768
47.060000000000606,15.259999999999767
47.060000000000606,15.279999999999767
47.060000000000606,15.299999999999766
47.060000000000606,15.319999999999766
47.060000000000606,15.339999999999765
47.060000000000606,15.359999999999765
47.060000000000606,15.379999999999765
47.060000000000606,15.399999999999764
47.060000000000606,15.419999999999764
47.060000000000606,15.439999999999763
47.060000000000606,15.459999999999763
47.060000000000606,15.479999999999762
47.060000000000606,15.499999999999762
47.060000000000606,15.519999999999762
47.060000000000606,15.539999999999761
47.060000000000606,15.55999999999976
47.060000000000606,15.57999999999976
47.060000000000606,15.59999999999976
47.060000000000606,15.61999999999976
47.060000000000606,15.639999999999759
47.060000000000606,15.659999999999759
47.060000000000606,15.679999999999758
47.060000000000606,15.699999999999758
47.060000000000606,15.719999999999757
47.060000000000606,15.739999999999757
47.060000000000606,15.759999999999756
47.060000000000606,15.779999999999756
47.060000000000606,15.799999999999756
47.060000000000606,15.819999999999755
47.060000000000606,15.839999999999755
47.060000000000606,15.859999999999754
47.060000000000606,15.879999999999754
47.060000000000606,15.899999999999753
47.060000000000606,15.919999999999753
47.060000000000606,15.939999999999753
47.060000000000606,15.959999999999752
47.060000000000606,15.979999999999752
47.060000000000606,15.999999999999751
47.060000000000606,16.01999999999975
47.060000000000606,16.03999999999975
47.060000000000606,16.05999999999975
47.060000000000606,16.07999999999975
47.060000000000606,16.09999999999975
47.060000000000606,16.11999999999975
47.060000000000606,16.13999999999975
47.060000000000606,16.159999999999748
47.060000000000606,16.179999999999747
47.060000000000606,16.199999999999747
47.060000000000606,16.219999999999747
47.060000000000606,16.239999999999746
47.060000000000606,16.259999999999746
47.060000000000606,16.279999999999745
47.060000000000606,16.299999999999745
47.060000000000606,16.319999999999744
47.060000000000606,16.339999999999744
47.060000000000606,16.359999999999744
47.060000000000606,16.379999999999743
47.060000000000606,16.399999999999743
47.060000000000606,16.419999999999742
47.060000000000606,16.439999999999742
47.060000000000606,16.45999999999974
47.060000000000606,16.47999999999974
47.060000000000606,16.49999999999974
47.060000000000606,16.51999999999974
47.060000000000606,16.53999999999974
47.060000000000606,16.55999999999974
47.060000000000606,16.57999999999974
47.060000000000606,16.59999999999974
47.060000000000606,16.619999999999738
47.060000000000606,16.639999999999738
47.060000000000606,16.659999999999737
47.060000000000606,16.679999999999737
47.060000000000606,16.699999999999736
47.060000000000606,16.719999999999736
47.060000000000606,16.739999999999736
47.08000000000061,12.979999999999816
47.08000000000061,12.999999999999815
47.08000000000061,13.019999999999815
47.08000000000061,13.039999999999814
47.08000000000061,13.059999999999814
47.08000000000061,13.079999999999814
47.08000000000061,13.099999999999813
47.08000000000061,13.119999999999813
47.08000000000061,13.139999999999812
47.08000000000061,13.159999999999812
47.08000000000061,13.179999999999811
47.08000000000061,13.199999999999811
47.08000000000061,13.21999999999981
47.08000000000061,13.23999999999981
47.08000000000061,13.25999999999981
47.08000000000061,13.27999999999981
47.08000000000061,13.299999999999809
47.08000000000061,13.319999999999808
47.08000000000061,13.339999999999808
47.08000000000061,13.359999999999808
47.08000000000061,13.379999999999807
47.08000000000061,13.399999999999807
47.08000000000061,13.419999999999806
47.08000000000061,13.439999999999806
47.08000000000061,13.459999999999805
47.08000000000061,13.479999999999805
47.08000000000061,13.499999999999805
47.08000000000061,13.519999999999804
47.08000000000061,13.539999999999804
47.08000000000061,13.559999999999803
47.08000000000061,13.579999999999803
47.08000000000061,13.599999999999802
47.08000000000061,13.619999999999802
47.08000000000061,13.639999999999802
47.08000000000061,13.659999999999801
47.08000000000061,13.6799999999998
47.08000000000061,13.6999999999998
47.08000000000061,13.7199999999998
47.08000000000061,13.7399999999998
47.08000000000061,13.759999999999799
47.08000000000061,13.779999999999799
47.08000000000061,13.799999999999798
47.08000000000061,13.819999999999798
47.08000000000061,13.839999999999797
47.08000000000061,13.859999999999797
47.08000000000061,13.879999999999797
47.08000000000061,13.899999999999796
47.08000000000061,13.919999999999796
47.08000000000061,13.939999999999795
47.08000000000061,13.959999999999795
47.08000000000061,13.979999999999794
47.08000000000061,13.999999999999794
47.08000000000061,14.019999999999794
47.08000000000061,14.039999999999793
47.08000000000061,14.059999999999793
47.08000000000061,14.079999999999792
47.08000000000061,14.099999999999792
47.08000000000061,14.119999999999791
47.08000000000061,14.139999999999791
47.08000000000061,14.15999999999979
47.08000000000061,14.17999999999979
47.08000000000061,14.19999999999979
47.08000000000061,14.21999999999979
47.08000000000061,14.239999999999789
47.08000000000061,14.259999999999788
47.08000000000061,14.279999999999788
47.08000000000061,14.299999999999788
47.08000000000061,14.319999999999787
47.08000000000061,14.339999999999787
47.08000000000061,14.359999999999786
47.08000000000061,14.379999999999786
47.08000000000061,14.399999999999785
47.08000000000061,14.419999999999785
47.08000000000061,14.439999999999785
47.08000000000061,14.459999999999784
47.08000000000061,14.479999999999784
47.08000000000061,14.499999999999783
47.08000000000061,14.519999999999783
47.08000000000061,14.539999999999782
47.08000000000061,14.559999999999782
47.08000000000061,14.579999999999782
47.08000000000061,14.599999999999781
47.08000000000061,14.61999999999978
47.08000000000061,14.63999999999978
47.08000000000061,14.65999999999978
47.08000000000061,14.67999999999978
47.08000000000061,14.699999999999779
47.08000000000061,14.719999999999779
47.08000000000061,14.739999999999778
47.08000000000061,14.759999999999778
47.08000000000061,14.779999999999777
47.08000000000061,14.799999999999777
47.08000000000061,14.819999999999776
47.08000000000061,14.839999999999776
47.08000000000061,14.859999999999776
47.08000000000061,14.879999999999775
47.08000000000061,14.899999999999775
47.08000000000061,14.919999999999774
47.08000000000061,14.939999999999774
47.08000000000061,14.959999999999773
47.08000000000061,14.979999999999773
47.08000000000061,14.999999999999773
47.08000000000061,15.019999999999772
47.08000000000061,15.039999999999772
47.08000000000061,15.059999999999771
47.08000000000061,15.079999999999771
47.08000000000061,15.09999999999977
47.08000000000061,15.11999999999977
47.08000000000061,15.13999999999977
47.08000000000061,15.15999999999977
47.08000000000061,15.179999999999769
47.08000000000061,15.199999999999768
47.08000000000061,15.219999999999768
47.08000000000061,15.239999999999768
47.08000000000061,15.259999999999767
47.08000000000061,15.279999999999767
47.08000000000061,15.299999999999766
47.08000000000061,15.319999999999766
47.08000000000061,15.339999999999765
47.08000000000061,15.359999999999765
47.08000000000061,15.379999999999765
47.08000000000061,15.399999999999764
47.08000000000061,15.419999999999764
47.08000000000061,15.439999999999763
47.08000000000061,15.459999999999763
47.08000000000061,15.479999999999762
47.08000000000061,15.499999999999762
47.08000000000061,15.519999999999762
47.08000000000061,15.539999999999761
47.08000000000061,15.55999999999976
47.08000000000061,15.57999999999976
47.08000000000061,15.59999999999976
47.08000000000061,15.61999999999976
47.08000000000061,15.639999999999759
47.08000000000061,15.659999999999759
47.08000000000061,15.679999999999758
47.08000000000061,15.699999999999758
47.08000000000061,15.719999999999757
47.08000000000061,15.739999999999757
47.08000000000061,15.759999999999756
47.08000000000061,15.779999999999756
47.08000000000061,15.799999999999756
47.08000000000061,15.819999999999755
47.08000000000061,15.839999999999755
47.08000000000061,15.859999999999754
47.08000000000061,15.879999999999754
47.08000000000061,15.899999999999753
47.08000000000061,15.919999999999753
47.08000000000061,15.939999999999753
47.08000000000061,15.959999999999752
47.08000000000061,15.979999999999752
47.08000000000061,15.999999999999751
47.08000000000061,16.01999999999975
47.08000000000061,16.03999999999975
47.08000000000061,16.05999999999975
47.08000000000061,16.07999999999975
47.08000000000061,16.09999999999975
47.08000000000061,16.11999999999975
47.08000000000061,16.13999999999975
47.08000000000061,16.159999999999748
47.08000000000061,16.179999999999747
47.08000000000061,16.199999999999747
47.08000000000061,16.219999999999747
47.08000000000061,16.239999999999746
47.08000000000061,16.259999999999746
47.08000000000061,16.279999999999745
47.08000000000061,16.299999999999745
47.08000000000061,16.319999999999744
47.08000000000061,16.339999999999744
47.08000000000061,16.359999999999744
47.08000000000061,16.379999999999743
47.08000000000061,16.399999999999743
47.08000000000061,16.419999999999742
47.08000000000061,16.439999999999742
47.08000000000061,16.45999999999974
47.08000000000061,16.47999999999974
47.08000000000061,16.49999999999974
47.08000000000061,16.51999999999974
47.08000000000061,16.53999999999974
47.08000000000061,16.55999999999974
47.08000000000061,16.57999999999974
47.08000000000061,16.59999999999974
47.08000000000061,16.619999999999738
47.08000000000061,16.639999999999738
47.08000000000061,16.659999999999737
47.08000000000061,16.679999999999737
47.08000000000061,16.699999999999736
47.08000000000061,16.719999999999736
47.08000000000061,16.739999999999736
47.10000000000061,12.979999999999816
47.10000000000061,12.999999999999815
47.10000000000061,13.019999999999815
47.10000000000061,13.039999999999814
47.10000000000061,13.059999999999814
47.10000000000061,13.079999999999814
47.10000000000061,13.099999999999813
47.10000000000061,13.119999999999813
47.10000000000061,13.139999999999812
47.10000000000061,13.159999999999812
47.10000000000061,13.179999999999811
47.10000000000061,13.199999999999811
47.10000000000061,13.21999999999981
47.10000000000061,13.23999999999981
47.10000000000061,13.25999999999981
47.10000000000061,13.27999999999981
47.10000000000061,13.299999999999809
47.10000000000061,13.319999999999808
47.10000000000061,13.339999999999808
47.10000000000061,13.359999999999808
47.10000000000061,13.379999999999807
47.10000000000061,13.399999999999807
47.10000000000061,13.419999999999806
47.10000000000061,13.439999999999806
47.10000000000061,13.459999999999805
47.10000000000061,13.479999999999805
47.10000000000061,13.499999999999805
47.10000000000061,13.519999999999804
47.10000000000061,13.539999999999804
47.10000000000061,13.559999999999803
47.10000000000061,13.579999999999803
47.10000000000061,13.599999999999802
47.10000000000061,13.619999999999802
47.10000000000061,13.639999999999802
47.10000000000061,13.659999999999801
47.10000000000061,13.6799999999998
47.10000000000061,13.6999999999998
47.10000000000061,13.7199999999998
47.10000000000061,13.7399999999998
47.10000000000061,13.759999999999799
47.10000000000061,13.779999999999799
47.10000000000061,13.799999999999798
47.10000000000061,13.819999999999798
47.10000000000061,13.839999999999797
47.10000000000061,13.859999999999797
47.10000000000061,13.879999999999797
47.10000000000061,13.899999999999796
47.10000000000061,13.919999999999796
47.10000000000061,13.939999999999795
47.10000000000061,13.959999999999795
47.10000000000061,13.979999999999794
47.10000000000061,13.999999999999794
47.10000000000061,14.019999999999794
47.10000000000061,14.039999999999793
47.10000000000061,14.059999999999793
47.10000000000061,14.079999999999792
47.10000000000061,14.099999999999792
47.10000000000061,14.119999999999791
47.10000000000061,14.139999999999791
47.10000000000061,14.15999999999979
47.10000000000061,14.17999999999979
47.10000000000061,14.19999999999979
47.10000000000061,14.21999999999979
47.10000000000061,14.239999999999789
47.10000000000061,14.259999999999788
47.10000000000061,14.279999999999788
47.10000000000061,14.299999999999788
47.10000000000061,14.319999999999787
47.10000000000061,14.339999999999787
47.10000000000061,14.359999999999786
47.10000000000061,14.379999999999786
47.10000000000061,14.399999999999785
47.10000000000061,14.419999999999785
47.10000000000061,14.439999999999785
47.10000000000061,14.459999999999784
47.10000000000061,14.479999999999784
47.10000000000061,14.499999999999783
47.10000000000061,14.519999999999783
47.10000000000061,14.539999999999782
47.10000000000061,14.559999999999782
47.10000000000061,14.579999999999782
47.10000000000061,14.599999999999781
47.10000000000061,14.61999999999978
47.10000000000061,14.63999999999978
47.10000000000061,14.65999999999978
47.10000000000061,14.67999999999978
47.10000000000061,14.699999999999779
47.10000000000061,14.719999999999779
47.10000000000061,14.739999999999778
47.10000000000061,14.759999999999778
47.10000000000061,14.779999999999777
47.10000000000061,14.799999999999777
47.10000000000061,14.819999999999776
47.10000000000061,14.839999999999776
47.10000000000061,14.859999999999776
47.10000000000061,14.879999999999775
47.10000000000061,14.899999999999775
47.10000000000061,14.919999999999774
47.10000000000061,14.939999999999774
47.10000000000061,14.959999999999773
47.10000000000061,14.979999999999773
47.10000000000061,14.999999999999773
47.10000000000061,15.019999999999772
47.10000000000061,15.039999999999772
47.10000000000061,15.059999999999771
47.10000000000061,15.079999999999771
47.10000000000061,15.09999999999977
47.10000000000061,15.11999999999977
47.10000000000061,15.13999999999977
47.10000000000061,15.15999999999977
47.10000000000061,15.179999999999769
47.10000000000061,15.199999999999768
47.10000000000061,15.219999999999768
47.10000000000061,15.239999999999768
47.10000000000061,15.259999999999767
47.10000000000061,15.279999999999767
47.10000000000061,15.299999999999766
47.10000000000061,15.319999999999766
47.10000000000061,15.339999999999765
47.10000000000061,15.359999999999765
47.10000000000061,15.379999999999765
47.10000000000061,15.399999999999764
47.10000000000061,15.419999999999764
47.10000000000061,15.439999999999763
47.10000000000061,15.459999999999763
47.10000000000061,15.479999999999762
47.10000000000061,15.499999999999762
47.10000000000061,15.519999999999762
47.10000000000061,15.539999999999761
47.10000000000061,15.55999999999976
47.10000000000061,15.57999999999976
47.10000000000061,15.59999999999976
47.10000000000061,15.61999999999976
47.10000000000061,15.639999999999759
47.10000000000061,15.659999999999759
47.10000000000061,15.679999999999758
47.10000000000061,15.699999999999758
47.10000000000061,15.719999999999757
47.10000000000061,15.739999999999757
47.10000000000061,15.759999999999756
47.10000000000061,15.779999999999756
47.10000000000061,15.799999999999756
47.10000000000061,15.819999999999755
47.10000000000061,15.839999999999755
47.10000000000061,15.859999999999754
47.10000000000061,15.879999999999754
47.10000000000061,15.899999999999753
47.10000000000061,15.919999999999753
47.10000000000061,15.939999999999753
47.10000000000061,15.959999999999752
47.10000000000061,15.979999999999752
47.10000000000061,15.999999999999751
47.10000000000061,16.01999999999975
47.10000000000061,16.03999999999975
47.10000000000061,16.05999999999975
47.10000000000061,16.07999999999975
47.10000000000061,16.09999999999975
47.10000000000061,16.11999999999975
47.10000000000061,16.13999999999975
47.10000000000061,16.159999999999748
47.10000000000061,16.179999999999747
47.10000000000061,16.199999999999747
47.10000000000061,16.219999999999747
47.10000000000061,16.239999999999746
47.10000000000061,16.259999999999746
47.10000000000061,16.279999999999745
47.10000000000061,16.299999999999745
47.10000000000061,16.319999999999744
47.10000000000061,16.339999999999744
47.10000000000061,16.359999999999744
47.10000000000061,16.379999999999743
47.10000000000061,16.399999999999743
47.10000000000061,16.419999999999742
47.10000000000061,16.439999999999742
47.10000000000061,16.45999999999974
47.10000000000061,16.47999999999974
47.10000000000061,16.49999999999974
47.10000000000061,16.51999999999974
47.10000000000061,16.53999999999974
47.10000000000061,16.55999999999974
47.10000000000061,16.57999999999974
47.10000000000061,16.59999999999974
47.10000000000061,16.619999999999738
47.10000000000061,16.639999999999738
47.10000000000061,16.659999999999737
47.10000000000061,16.679999999999737
47.10000000000061,16.699999999999736
47.10000000000061,16.719999999999736
47.10000000000061,16.739999999999736
47.120000000000616,12.979999999999816
47.120000000000616,12.999999999999815
47.120000000000616,13.019999999999815
47.120000000000616,13.039999999999814
47.120000000000616,13.059999999999814
47.120000000000616,13.079999999999814
47.120000000000616,13.099999999999813
47.120000000000616,13.119999999999813
47.120000000000616,13.139999999999812
47.120000000000616,13.159999999999812
47.120000000000616,13.179999999999811
47.120000000000616,13.199999999999811
47.120000000000616,13.21999999999981
47.120000000000616,13.23999999999981
47.120000000000616,13.25999999999981
47.120000000000616,13.27999999999981
47.120000000000616,13.299999999999809
47.120000000000616,13.319999999999808
47.120000000000616,13.339999999999808
47.120000000000616,13.359999999999808
47.120000000000616,13.379999999999807
47.120000000000616,13.399999999999807
47.120000000000616,13.419999999999806
47.120000000000616,13.439999999999806
47.120000000000616,13.459999999999805
47.120000000000616,13.479999999999805
47.120000000000616,13.499999999999805
47.120000000000616,13.519999999999804
47.120000000000616,13.539999999999804
47.120000000000616,13.559999999999803
47.120000000000616,13.579999999999803
47.120000000000616,13.599999999999802
47.120000000000616,13.619999999999802
47.120000000000616,13.639999999999802
47.120000000000616,13.659999999999801
47.120000000000616,13.6799999999998
47.120000000000616,13.6999999999998
47.120000000000616,13.7199999999998
47.120000000000616,13.7399999999998
47.120000000000616,13.759999999999799
47.120000000000616,13.779999999999799
47.120000000000616,13.799999999999798
47.120000000000616,13.819999999999798
47.120000000000616,13.839999999999797
47.120000000000616,13.859999999999797
47.120000000000616,13.879999999999797
47.120000000000616,13.899999999999796
47.120000000000616,13.919999999999796
47.120000000000616,13.939999999999795
47.120000000000616,13.959999999999795
47.120000000000616,13.979999999999794
47.120000000000616,13.999999999999794
47.120000000000616,14.019999999999794
47.120000000000616,14.039999999999793
47.120000000000616,14.059999999999793
47.120000000000616,14.079999999999792
47.120000000000616,14.099999999999792
47.120000000000616,14.119999999999791
47.120000000000616,14.139999999999791
47.120000000000616,14.15999999999979
47.120000000000616,14.17999999999979
47.120000000000616,14.19999999999979
47.120000000000616,14.21999999999979
47.120000000000616,14.239999999999789
47.120000000000616,14.259999999999788
47.120000000000616,14.279999999999788
47.120000000000616,14.299999999999788
47.120000000000616,14.319999999999787
47.120000000000616,14.339999999999787
47.120000000000616,14.359999999999786
47.120000000000616,14.379999999999786
47.120000000000616,14.399999999999785
47.120000000000616,14.419999999999785
47.120000000000616,14.439999999999785
47.120000000000616,14.459999999999784
47.120000000000616,14.479999999999784
47.120000000000616,14.499999999999783
47.120000000000616,14.519999999999783
47.120000000000616,14.539999999999782
47.120000000000616,14.559999999999782
47.120000000000616,14.579999999999782
47.120000000000616,14.599999999999781
47.120000000000616,14.61999999999978
47.120000000000616,14.63999999999978
47.120000000000616,14.65999999999978
47.120000000000616,14.67999999999978
47.120000000000616,14.699999999999779
47.120000000000616,14.719999999999779
47.120000000000616,14.739999999999778
47.120000000000616,14.759999999999778
47.120000000000616,14.779999999999777
47.120000000000616,14.799999999999777
47.120000000000616,14.819999999999776
47.120000000000616,14.839999999999776
47.120000000000616,14.859999999999776
47.120000000000616,14.879999999999775
47.120000000000616,14.899999999999775
47.120000000000616,14.919999999999774
47.120000000000616,14.939999999999774
47.120000000000616,14.959999999999773
47.120000000000616,14.979999999999773
47.120000000000616,14.999999999999773
47.120000000000616,15.019999999999772
47.120000000000616,15.039999999999772
47.120000000000616,15.059999999999771
47.120000000000616,15.079999999999771
47.120000000000616,15.09999999999977
47.120000000000616,15.11999999999977
47.120000000000616,15.13999999999977
47.120000000000616,15.15999999999977
47.120000000000616,15.179999999999769
47.120000000000616,15.199999999999768
47.120000000000616,15.219999999999768
47.120000000000616,15.239999999999768
47.120000000000616,15.259999999999767
47.120000000000616,15.279999999999767
47.120000000000616,15.299999999999766
47.120000000000616,15.319999999999766
47.120000000000616,15.339999999999765
47.120000000000616,15.359999999999765
47.120000000000616,15.379999999999765
47.120000000000616,15.399999999999764
47.120000000000616,15.419999999999764
47.120000000000616,15.439999999999763
47.120000000000616,15.459999999999763
47.120000000000616,15.479999999999762
47.120000000000616,15.499999999999762
47.120000000000616,15.519999999999762
47.120000000000616,15.539999999999761
47.120000000000616,15.55999999999976
47.120000000000616,15.57999999999976
47.120000000000616,15.59999999999976
47.120000000000616,15.61999999999976
47.120000000000616,15.639999999999759
47.120000000000616,15.659999999999759
47.120000000000616,15.679999999999758
47.120000000000616,15.699999999999758
47.120000000000616,15.719999999999757
47.120000000000616,15.739999999999757
47.120000000000616,15.759999999999756
47.120000000000616,15.779999999999756
47.120000000000616,15.799999999999756
47.120000000000616,15.819999999999755
47.120000000000616,15.839999999999755
47.120000000000616,15.859999999999754
47.120000000000616,15.879999999999754
47.120000000000616,15.899999999999753
47.120000000000616,15.919999999999753
47.120000000000616,15.939999999999753
47.120000000000616,15.959999999999752
47.120000000000616,15.979999999999752
47.120000000000616,15.999999999999751
47.120000000000616,16.01999999999975
47.120000000000616,16.03999999999975
47.120000000000616,16.05999999999975
47.120000000000616,16.07999999999975
47.120000000000616,16.09999999999975
47.120000000000616,16.11999999999975
47.120000000000616,16.13999999999975
47.120000000000616,16.159999999999748
47.120000000000616,16.179999999999747
47.120000000000616,16.199999999999747
47.120000000000616,16.219999999999747
47.120000000000616,16.239999999999746
47.120000000000616,16.259999999999746
47.120000000000616,16.279999999999745
47.120000000000616,16.299999999999745
47.120000000000616,16.319999999999744
47.120000000000616,16.339999999999744
47.120000000000616,16.359999999999744
47.120000000000616,16.379999999999743
47.120000000000616,16.399999999999743
47.120000000000616,16.419999999999742
47.120000000000616,16.439999999999742
47.120000000000616,16.45999999999974
47.120000000000616,16.47999999999974
47.120000000000616,16.49999999999974
47.120000000000616,16.51999999999974
47.120000000000616,16.53999999999974
47.120000000000616,16.55999999999974
47.120000000000616,16.57999999999974
47.120000000000616,16.59999999999974
47.120000000000616,16.619999999999738
47.120000000000616,16.639999999999738
47.120000000000616,16.659999999999737
47.120000000000616,16.679999999999737
47.120000000000616,16.699999999999736
47.120000000000616,16.719999999999736
47.120000000000616,16.739999999999736
