Latitude,Longitude
45.002,12.99300000000001
45.002,13.05000000000001
45.002,13.10700000000001
45.002,13.16400000000001
45.002,13.22100000000001
45.002,13.278000000000011
45.002,13.335000000000012
45.002,13.392000000000012
45.002,13.449000000000012
45.002,13.506000000000013
45.002,13.563000000000011
45.002,13.620000000000012
45.002,13.677000000000014
45.002,13.734000000000014
45.002,13.791000000000016
45.002,13.848000000000017
45.002,13.905000000000015
45.002,13.962000000000016
45.002,14.019000000000016
45.002,14.076000000000016
45.002,14.133000000000017
45.002,14.190000000000015
45.002,14.247000000000018
45.002,14.304000000000018
45.002,14.361000000000018
45.002,14.41800000000002
45.002,14.47500000000002
45.002,14.53200000000002
45.002,14.58900000000002
45.002,14.64600000000002
45.002,14.70300000000002
45.002,14.76000000000002
45.002,14.81700000000002
45.002,14.874000000000022
45.002,14.931000000000022
45.002,14.988000000000024
45.002,15.045000000000025
45.002,15.102000000000023
45.002,15.159000000000024
45.002,15.216000000000024
45.002,15.273000000000025
45.002,15.330000000000023
45.002,15.387000000000024
45.002,15.444000000000026
45.002,15.501000000000026
45.002,15.558000000000026
45.002,15.615000000000029
45.002,15.672000000000027
45.002,15.729000000000028
45.002,15.786000000000028
45.002,15.843000000000028
45.002,15.900000000000029
45.002,15.95700000000003
45.002,16.014000000000028
45.002,16.071000000000026
45.002,16.128000000000025
45.002,16.185000000000024
45.002,16.242000000000022
45.002,16.29900000000002
45.002,16.35600000000002
45.002,16.413000000000018
45.002,16.470000000000017
45.002,16.527000000000015
45.002,16.584000000000014
45.002,16.641000000000012
45.002,16.69800000000001
45.002,16.75500000000001
45.042,12.99300000000001
45.042,13.05000000000001
45.042,13.10700000000001
45.042,13.16400000000001
45.042,13.22100000000001
45.042,13.278000000000011
45.042,13.335000000000012
45.042,13.392000000000012
45.042,13.449000000000012
45.042,13.506000000000013
45.042,13.563000000000011
45.042,13.620000000000012
45.042,13.677000000000014
45.042,13.734000000000014
45.042,13.791000000000016
45.042,13.848000000000017
45.042,13.905000000000015
45.042,13.962000000000016
45.042,14.019000000000016
45.042,14.076000000000016
45.042,14.133000000000017
45.042,14.190000000000015
45.042,14.247000000000018
45.042,14.304000000000018
45.042,14.361000000000018
45.042,14.41800000000002
45.042,14.47500000000002
45.042,14.53200000000002
45.042,14.58900000000002
45.042,14.64600000000002
45.042,14.70300000000002
45.042,14.76000000000002
45.042,14.81700000000002
45.042,14.874000000000022
45.042,14.931000000000022
45.042,14.988000000000024
45.042,15.045000000000025
45.042,15.102000000000023
45.042,15.159000000000024
45.042,15.216000000000024
45.042,15.273000000000025
45.042,15.330000000000023
45.042,15.387000000000024
45.042,15.444000000000026
45.042,15.501000000000026
45.042,15.558000000000026
45.042,15.615000000000029
45.042,15.672000000000027
45.042,15.729000000000028
45.042,15.786000000000028
45.042,15.843000000000028
45.042,15.900000000000029
45.042,15.95700000000003
45.042,16.014000000000028
45.042,16.071000000000026
45.042,16.128000000000025
45.042,16.185000000000024
45.042,16.242000000000022
45.042,16.29900000000002
45.042,16.35600000000002
45.042,16.413000000000018
45.042,16.470000000000017
45.042,16.527000000000015
45.042,16.584000000000014
45.042,16.641000000000012
45.042,16.69800000000001
45.042,16.75500000000001
45.082,12.99300000000001
45.082,13.05000000000001
45.082,13.10700000000001
45.082,13.16400000000001
45.082,13.22100000000001
45.082,13.278000000000011
45.082,13.335000000000012
45.082,13.392000000000012
45.082,13.449000000000012
45.082,13.506000000000013
45.082,13.563000000000011
45.082,13.620000000000012
45.082,13.677000000000014
45.082,13.734000000000014
45.082,13.791000000000016
45.082,13.848000000000017
45.082,13.905000000000015
45.082,13.962000000000016
45.082,14.019000000000016
45.082,14.076000000000016
45.082,14.133000000000017
45.082,14.190000000000015
45.082,14.247000000000018
45.082,14.304000000000018
45.082,14.361000000000018
45.082,14.41800000000002
45.082,14.47500000000002
45.082,14.53200000000002
45.082,14.58900000000002
45.082,14.64600000000002
45.082,14.70300000000002
45.082,14.76000000000002
45.082,14.81700000000002
45.082,14.874000000000022
45.082,14.931000000000022
45.082,14.988000000000024
45.082,15.045000000000025
45.082,15.102000000000023
45.082,15.159000000000024
45.082,15.216000000000024
45.082,15.273000000000025
45.082,15.330000000000023
45.082,15.387000000000024
45.082,15.444000000000026
45.082,15.501000000000026
45.082,15.558000000000026
45.082,15.615000000000029
45.082,15.672000000000027
45.082,15.729000000000028
45.082,15.786000000000028
45.082,15.843000000000028
45.082,15.900000000000029
45.082,15.95700000000003
45.082,16.014000000000028
45.082,16.071000000000026
45.082,16.128000000000025
45.082,16.185000000000024
45.082,16.242000000000022
45.082,16.29900000000002
45.082,16.35600000000002
45.082,16.413000000000018
45.082,16.470000000000017
45.082,16.527000000000015
45.082,16.584000000000014
45.082,16.641000000000012
45.082,16.69800000000001
45.082,16.75500000000001
45.12199999999999,12.99300000000001
45.12199999999999,13.05000000000001
45.12199999999999,13.10700000000001
45.12199999999999,13.16400000000001
45.12199999999999,13.22100000000001
45.12199999999999,13.278000000000011
45.12199999999999,13.335000000000012
45.12199999999999,13.392000000000012
45.12199999999999,13.449000000000012
45.12199999999999,13.506000000000013
45.12199999999999,13.563000000000011
45.12199999999999,13.620000000000012
45.12199999999999,13.677000000000014
45.12199999999999,13.734000000000014
45.12199999999999,13.791000000000016
45.12199999999999,13.848000000000017
45.12199999999999,13.905000000000015
45.12199999999999,13.962000000000016
45.12199999999999,14.019000000000016
45.12199999999999,14.076000000000016
45.12199999999999,14.133000000000017
45.12199999999999,14.190000000000015
45.12199999999999,14.247000000000018
45.12199999999999,14.304000000000018
45.12199999999999,14.361000000000018
45.12199999999999,14.41800000000002
45.12199999999999,14.47500000000002
45.12199999999999,14.53200000000002
45.12199999999999,14.58900000000002
45.12199999999999,14.64600000000002
45.12199999999999,14.70300000000002
45.12199999999999,14.76000000000002
45.12199999999999,14.81700000000002
45.12199999999999,14.874000000000022
45.12199999999999,14.931000000000022
45.12199999999999,14.988000000000024
45.12199999999999,15.045000000000025
45.12199999999999,15.102000000000023
45.12199999999999,15.159000000000024
45.12199999999999,15.216000000000024
45.12199999999999,15.273000000000025
45.12199999999999,15.330000000000023
45.12199999999999,15.387000000000024
45.12199999999999,15.444000000000026
45.12199999999999,15.501000000000026
45.12199999999999,15.558000000000026
45.12199999999999,15.615000000000029
45.12199999999999,15.672000000000027
45.12199999999999,15.729000000000028
45.12199999999999,15.786000000000028
45.12199999999999,15.843000000000028
45.12199999999999,15.900000000000029
45.12199999999999,15.95700000000003
45.12199999999999,16.014000000000028
45.12199999999999,16.071000000000026
45.12199999999999,16.128000000000025
45.12199999999999,16.185000000000024
45.12199999999999,16.242000000000022
45.12199999999999,16.29900000000002
45.12199999999999,16.35600000000002
45.12199999999999,16.413000000000018
45.12199999999999,16.470000000000017
45.12199999999999,16.527000000000015
45.12199999999999,16.584000000000014
45.12199999999999,16.641000000000012
45.12199999999999,16.69800000000001
45.12199999999999,16.75500000000001
45.16199999999999,12.99300000000001
45.16199999999999,13.05000000000001
45.16199999999999,13.10700000000001
45.16199999999999,13.16400000000001
45.16199999999999,13.22100000000001
45.16199999999999,13.278000000000011
45.16199999999999,13.335000000000012
45.16199999999999,13.392000000000012
45.16199999999999,13.449000000000012
45.16199999999999,13.506000000000013
45.16199999999999,13.563000000000011
45.16199999999999,13.620000000000012
45.16199999999999,13.677000000000014
45.16199999999999,13.734000000000014
45.16199999999999,13.791000000000016
45.16199999999999,13.848000000000017
45.16199999999999,13.905000000000015
45.16199999999999,13.962000000000016
45.16199999999999,14.019000000000016
45.16199999999999,14.076000000000016
45.16199999999999,14.133000000000017
45.16199999999999,14.190000000000015
45.16199999999999,14.247000000000018
45.16199999999999,14.304000000000018
45.16199999999999,14.361000000000018
45.16199999999999,14.41800000000002
45.16199999999999,14.47500000000002
45.16199999999999,14.53200000000002
45.16199999999999,14.58900000000002
45.16199999999999,14.64600000000002
45.16199999999999,14.70300000000002
45.16199999999999,14.76000000000002
45.16199999999999,14.81700000000002
45.16199999999999,14.874000000000022
45.16199999999999,14.931000000000022
45.16199999999999,14.988000000000024
45.16199999999999,15.045000000000025
45.16199999999999,15.102000000000023
45.16199999999999,15.159000000000024
45.16199999999999,15.216000000000024
45.16199999999999,15.273000000000025
45.16199999999999,15.330000000000023
45.16199999999999,15.387000000000024
45.16199999999999,15.444000000000026
45.16199999999999,15.501000000000026
45.16199999999999,15.558000000000026
45.16199999999999,15.615000000000029
45.16199999999999,15.672000000000027
45.16199999999999,15.729000000000028
45.16199999999999,15.786000000000028
45.16199999999999,15.843000000000028
45.16199999999999,15.900000000000029
45.16199999999999,15.95700000000003
45.16199999999999,16.014000000000028
45.16199999999999,16.071000000000026
45.16199999999999,16.128000000000025
45.16199999999999,16.185000000000024
45.16199999999999,16.242000000000022
45.16199999999999,16.29900000000002
45.16199999999999,16.35600000000002
45.16199999999999,16.413000000000018
45.16199999999999,16.470000000000017
45.16199999999999,16.527000000000015
45.16199999999999,16.584000000000014
45.16199999999999,16.641000000000012
45.16199999999999,16.69800000000001
45.16199999999999,16.75500000000001
45.20199999999999,12.99300000000001
45.20199999999999,13.05000000000001
45.20199999999999,13.10700000000001
45.20199999999999,13.16400000000001
45.20199999999999,13.22100000000001
45.20199999999999,13.278000000000011
45.20199999999999,13.335000000000012
45.20199999999999,13.392000000000012
45.20199999999999,13.449000000000012
45.20199999999999,13.506000000000013
45.20199999999999,13.563000000000011
45.20199999999999,13.620000000000012
45.20199999999999,13.677000000000014
45.20199999999999,13.734000000000014
45.20199999999999,13.791000000000016
45.20199999999999,13.848000000000017
45.20199999999999,13.905000000000015
45.20199999999999,13.962000000000016
45.20199999999999,14.019000000000016
45.20199999999999,14.076000000000016
45.20199999999999,14.133000000000017
45.20199999999999,14.190000000000015
45.20199999999999,14.247000000000018
45.20199999999999,14.304000000000018
45.20199999999999,14.361000000000018
45.20199999999999,14.41800000000002
45.20199999999999,14.47500000000002
45.20199999999999,14.53200000000002
45.20199999999999,14.58900000000002
45.20199999999999,14.64600000000002
45.20199999999999,14.70300000000002
45.20199999999999,14.76000000000002
45.20199999999999,14.81700000000002
45.20199999999999,14.874000000000022
45.20199999999999,14.931000000000022
45.20199999999999,14.988000000000024
45.20199999999999,15.045000000000025
45.20199999999999,15.102000000000023
45.20199999999999,15.159000000000024
45.20199999999999,15.216000000000024
45.20199999999999,15.273000000000025
45.20199999999999,15.330000000000023
45.20199999999999,15.387000000000024
45.20199999999999,15.444000000000026
45.20199999999999,15.501000000000026
45.20199999999999,15.558000000000026
45.20199999999999,15.615000000000029
45.20199999999999,15.672000000000027
45.20199999999999,15.729000000000028
45.20199999999999,15.786000000000028
45.20199999999999,15.843000000000028
45.20199999999999,15.900000000000029
45.20199999999999,15.95700000000003
45.20199999999999,16.014000000000028
45.20199999999999,16.071000000000026
45.20199999999999,16.128000000000025
45.20199999999999,16.185000000000024
45.20199999999999,16.242000000000022
45.20199999999999,16.29900000000002
45.20199999999999,16.35600000000002
45.20199999999999,16.413000000000018
45.20199999999999,16.470000000000017
45.20199999999999,16.527000000000015
45.20199999999999,16.584000000000014
45.20199999999999,16.641000000000012
45.20199999999999,16.69800000000001
45.20199999999999,16.75500000000001
45.24199999999999,12.99300000000001
45.24199999999999,13.05000000000001
45.24199999999999,13.10700000000001
45.24199999999999,13.16400000000001
45.24199999999999,13.22100000000001
45.24199999999999,13.278000000000011
45.24199999999999,13.335000000000012
45.24199999999999,13.392000000000012
45.24199999999999,13.449000000000012
45.24199999999999,13.506000000000013
45.24199999999999,13.563000000000011
45.24199999999999,13.620000000000012
45.24199999999999,13.677000000000014
45.24199999999999,13.734000000000014
45.24199999999999,13.791000000000016
45.24199999999999,13.848000000000017
45.24199999999999,13.905000000000015
45.24199999999999,13.962000000000016
45.24199999999999,14.019000000000016
45.24199999999999,14.076000000000016
45.24199999999999,14.133000000000017
45.24199999999999,14.190000000000015
45.24199999999999,14.247000000000018
45.24199999999999,14.304000000000018
45.24199999999999,14.361000000000018
45.24199999999999,14.41800000000002
45.24199999999999,14.47500000000002
45.24199999999999,14.53200000000002
45.24199999999999,14.58900000000002
45.24199999999999,14.64600000000002
45.24199999999999,14.70300000000002
45.24199999999999,14.76000000000002
45.24199999999999,14.81700000000002
45.24199999999999,14.874000000000022
45.24199999999999,14.931000000000022
45.24199999999999,14.988000000000024
45.24199999999999,15.045000000000025
45.24199999999999,15.102000000000023
45.24199999999999,15.159000000000024
45.24199999999999,15.216000000000024
45.24199999999999,15.273000000000025
45.24199999999999,15.330000000000023
45.24199999999999,15.387000000000024
45.24199999999999,15.444000000000026
45.24199999999999,15.501000000000026
45.24199999999999,15.558000000000026
45.24199999999999,15.615000000000029
45.24199999999999,15.672000000000027
45.24199999999999,15.729000000000028
45.24199999999999,15.786000000000028
45.24199999999999,15.843000000000028
45.24199999999999,15.900000000000029
45.24199999999999,15.95700000000003
45.24199999999999,16.014000000000028
45.24199999999999,16.071000000000026
45.24199999999999,16.128000000000025
45.24199999999999,16.185000000000024
45.24199999999999,16.242000000000022
45.24199999999999,16.29900000000002
45.24199999999999,16.35600000000002
45.24199999999999,16.413000000000018
45.24199999999999,16.470000000000017
45.24199999999999,16.527000000000015
45.24199999999999,16.584000000000014
45.24199999999999,16.641000000000012
45.24199999999999,16.69800000000001
45.24199999999999,16.75500000000001
45.28199999999999,12.99300000000001
45.28199999999999,13.05000000000001
45.28199999999999,13.10700000000001
45.28199999999999,13.16400000000001
45.28199999999999,13.22100000000001
45.28199999999999,13.278000000000011
45.28199999999999,13.335000000000012
45.28199999999999,13.392000000000012
45.28199999999999,13.449000000000012
45.28199999999999,13.506000000000013
45.28199999999999,13.563000000000011
45.28199999999999,13.620000000000012
45.28199999999999,13.677000000000014
45.28199999999999,13.734000000000014
45.28199999999999,13.791000000000016
45.28199999999999,13.848000000000017
45.28199999999999,13.905000000000015
45.28199999999999,13.962000000000016
45.28199999999999,14.019000000000016
45.28199999999999,14.076000000000016
45.28199999999999,14.133000000000017
45.28199999999999,14.190000000000015
45.28199999999999,14.247000000000018
45.28199999999999,14.304000000000018
45.28199999999999,14.361000000000018
45.28199999999999,14.41800000000002
45.28199999999999,14.47500000000002
45.28199999999999,14.53200000000002
45.28199999999999,14.58900000000002
45.28199999999999,14.64600000000002
45.28199999999999,14.70300000000002
45.28199999999999,14.76000000000002
45.28199999999999,14.81700000000002
45.28199999999999,14.874000000000022
45.28199999999999,14.931000000000022
45.28199999999999,14.988000000000024
45.28199999999999,15.045000000000025
45.28199999999999,15.102000000000023
45.28199999999999,15.159000000000024
45.28199999999999,15.216000000000024
45.28199999999999,15.273000000000025
45.28199999999999,15.330000000000023
45.28199999999999,15.387000000000024
45.28199999999999,15.444000000000026
45.28199999999999,15.501000000000026
45.28199999999999,15.558000000000026
45.28199999999999,15.615000000000029
45.28199999999999,15.672000000000027
45.28199999999999,15.729000000000028
45.28199999999999,15.786000000000028
45.28199999999999,15.843000000000028
45.28199999999999,15.900000000000029
45.28199999999999,15.95700000000003
45.28199999999999,16.014000000000028
45.28199999999999,16.071000000000026
45.28199999999999,16.128000000000025
45.28199999999999,16.185000000000024
45.28199999999999,16.242000000000022
45.28199999999999,16.29900000000002
45.28199999999999,16.35600000000002
45.28199999999999,16.413000000000018
45.28199999999999,16.470000000000017
45.28199999999999,16.527000000000015
45.28199999999999,16.584000000000014
45.28199999999999,16.641000000000012
45.28199999999999,16.69800000000001
45.28199999999999,16.75500000000001
45.32199999999999,12.99300000000001
45.32199999999999,13.05000000000001
45.32199999999999,13.10700000000001
45.32199999999999,13.16400000000001
45.32199999999999,13.22100000000001
45.32199999999999,13.278000000000011
45.32199999999999,13.335000000000012
45.32199999999999,13.392000000000012
45.32199999999999,13.449000000000012
45.32199999999999,13.506000000000013
45.32199999999999,13.563000000000011
45.32199999999999,13.620000000000012
45.32199999999999,13.677000000000014
45.32199999999999,13.734000000000014
45.32199999999999,13.791000000000016
45.32199999999999,13.848000000000017
45.32199999999999,13.905000000000015
45.32199999999999,13.962000000000016
45.32199999999999,14.019000000000016
45.32199999999999,14.076000000000016
45.32199999999999,14.133000000000017
45.32199999999999,14.190000000000015
45.32199999999999,14.247000000000018
45.32199999999999,14.304000000000018
45.32199999999999,14.361000000000018
45.32199999999999,14.41800000000002
45.32199999999999,14.47500000000002
45.32199999999999,14.53200000000002
45.32199999999999,14.58900000000002
45.32199999999999,14.64600000000002
45.32199999999999,14.70300000000002
45.32199999999999,14.76000000000002
45.32199999999999,14.81700000000002
45.32199999999999,14.874000000000022
45.32199999999999,14.931000000000022
45.32199999999999,14.988000000000024
45.32199999999999,15.045000000000025
45.32199999999999,15.102000000000023
45.32199999999999,15.159000000000024
45.32199999999999,15.216000000000024
45.32199999999999,15.273000000000025
45.32199999999999,15.330000000000023
45.32199999999999,15.387000000000024
45.32199999999999,15.444000000000026
45.32199999999999,15.501000000000026
45.32199999999999,15.558000000000026
45.32199999999999,15.615000000000029
45.32199999999999,15.672000000000027
45.32199999999999,15.729000000000028
45.32199999999999,15.786000000000028
45.32199999999999,15.843000000000028
45.32199999999999,15.900000000000029
45.32199999999999,15.95700000000003
45.32199999999999,16.014000000000028
45.32199999999999,16.071000000000026
45.32199999999999,16.128000000000025
45.32199999999999,16.185000000000024
45.32199999999999,16.242000000000022
45.32199999999999,16.29900000000002
45.32199999999999,16.35600000000002
45.32199999999999,16.413000000000018
45.32199999999999,16.470000000000017
45.32199999999999,16.527000000000015
45.32199999999999,16.584000000000014
45.32199999999999,16.641000000000012
45.32199999999999,16.69800000000001
45.32199999999999,16.75500000000001
45.36199999999999,12.99300000000001
45.36199999999999,13.05000000000001
45.36199999999999,13.10700000000001
45.36199999999999,13.16400000000001
45.36199999999999,13.22100000000001
45.36199999999999,13.278000000000011
45.36199999999999,13.335000000000012
45.36199999999999,13.392000000000012
45.36199999999999,13.449000000000012
45.36199999999999,13.506000000000013
45.36199999999999,13.563000000000011
45.36199999999999,13.620000000000012
45.36199999999999,13.677000000000014
45.36199999999999,13.734000000000014
45.36199999999999,13.791000000000016
45.36199999999999,13.848000000000017
45.36199999999999,13.905000000000015
45.36199999999999,13.962000000000016
45.36199999999999,14.019000000000016
45.36199999999999,14.076000000000016
45.36199999999999,14.133000000000017
45.36199999999999,14.190000000000015
45.36199999999999,14.247000000000018
45.36199999999999,14.304000000000018
45.36199999999999,14.361000000000018
45.36199999999999,14.41800000000002
45.36199999999999,14.47500000000002
45.36199999999999,14.53200000000002
45.36199999999999,14.58900000000002
45.36199999999999,14.64600000000002
45.36199999999999,14.70300000000002
45.36199999999999,14.76000000000002
45.36199999999999,14.81700000000002
45.36199999999999,14.874000000000022
45.36199999999999,14.931000000000022
45.36199999999999,14.988000000000024
45.36199999999999,15.045000000000025
45.36199999999999,15.102000000000023
45.36199999999999,15.159000000000024
45.36199999999999,15.216000000000024
45.36199999999999,15.273000000000025
45.36199999999999,15.330000000000023
45.36199999999999,15.387000000000024
45.36199999999999,15.444000000000026
45.36199999999999,15.501000000000026
45.36199999999999,15.558000000000026
45.36199999999999,15.615000000000029
45.36199999999999,15.672000000000027
45.36199999999999,15.729000000000028
45.36199999999999,15.786000000000028
45.36199999999999,15.843000000000028
45.36199999999999,15.900000000000029
45.36199999999999,15.95700000000003
45.36199999999999,16.014000000000028
45.36199999999999,16.071000000000026
45.36199999999999,16.128000000000025
45.36199999999999,16.185000000000024
45.36199999999999,16.242000000000022
45.36199999999999,16.29900000000002
45.36199999999999,16.35600000000002
45.36199999999999,16.413000000000018
45.36199999999999,16.470000000000017
45.36199999999999,16.527000000000015
45.36199999999999,16.584000000000014
45.36199999999999,16.641000000000012
45.36199999999999,16.69800000000001
45.36199999999999,16.75500000000001
45.40199999999999,12.99300000000001
45.40199999999999,13.05000000000001
45.40199999999999,13.10700000000001
45.40199999999999,13.16400000000001
45.40199999999999,13.22100000000001
45.40199999999999,13.278000000000011
45.40199999999999,13.335000000000012
45.40199999999999,13.392000000000012
45.40199999999999,13.449000000000012
45.40199999999999,13.506000000000013
45.40199999999999,13.563000000000011
45.40199999999999,13.620000000000012
45.40199999999999,13.677000000000014
45.40199999999999,13.734000000000014
45.40199999999999,13.791000000000016
45.40199999999999,13.848000000000017
45.40199999999999,13.905000000000015
45.40199999999999,13.962000000000016
45.40199999999999,14.019000000000016
45.40199999999999,14.076000000000016
45.40199999999999,14.133000000000017
45.40199999999999,14.190000000000015
45.40199999999999,14.247000000000018
45.40199999999999,14.304000000000018
45.40199999999999,14.361000000000018
45.40199999999999,14.41800000000002
45.40199999999999,14.47500000000002
45.40199999999999,14.53200000000002
45.40199999999999,14.58900000000002
45.40199999999999,14.64600000000002
45.40199999999999,14.70300000000002
45.40199999999999,14.76000000000002
45.40199999999999,14.81700000000002
45.40199999999999,14.874000000000022
45.40199999999999,14.931000000000022
45.40199999999999,14.988000000000024
45.40199999999999,15.045000000000025
45.40199999999999,15.102000000000023
45.40199999999999,15.159000000000024
45.40199999999999,15.216000000000024
45.40199999999999,15.273000000000025
45.40199999999999,15.330000000000023
45.40199999999999,15.387000000000024
45.40199999999999,15.444000000000026
45.40199999999999,15.501000000000026
45.40199999999999,15.558000000000026
45.40199999999999,15.615000000000029
45.40199999999999,15.672000000000027
45.40199999999999,15.729000000000028
45.40199999999999,15.786000000000028
45.40199999999999,15.843000000000028
45.40199999999999,15.900000000000029
45.40199999999999,15.95700000000003
45.40199999999999,16.014000000000028
45.40199999999999,16.071000000000026
45.40199999999999,16.128000000000025
45.40199999999999,16.185000000000024
45.40199999999999,16.242000000000022
45.40199999999999,16.29900000000002
45.40199999999999,16.35600000000002
45.40199999999999,16.413000000000018
45.40199999999999,16.470000000000017
45.40199999999999,16.527000000000015
45.40199999999999,16.584000000000014
45.40199999999999,16.641000000000012
45.40199999999999,16.69800000000001
45.40199999999999,16.75500000000001
45.44199999999999,12.99300000000001
45.44199999999999,13.05000000000001
45.44199999999999,13.10700000000001
45.44199999999999,13.16400000000001
45.44199999999999,13.22100000000001
45.44199999999999,13.278000000000011
45.44199999999999,13.335000000000012
45.44199999999999,13.392000000000012
45.44199999999999,13.449000000000012
45.44199999999999,13.506000000000013
45.44199999999999,13.563000000000011
45.44199999999999,13.620000000000012
45.44199999999999,13.677000000000014
45.44199999999999,13.734000000000014
45.44199999999999,13.791000000000016
45.44199999999999,13.848000000000017
45.44199999999999,13.905000000000015
45.44199999999999,13.962000000000016
45.44199999999999,14.019000000000016
45.44199999999999,14.076000000000016
45.44199999999999,14.133000000000017
45.44199999999999,14.190000000000015
45.44199999999999,14.247000000000018
45.44199999999999,14.304000000000018
45.44199999999999,14.361000000000018
45.44199999999999,14.41800000000002
45.44199999999999,14.47500000000002
45.44199999999999,14.53200000000002
45.44199999999999,14.58900000000002
45.44199999999999,14.64600000000002
45.44199999999999,14.70300000000002
45.44199999999999,14.76000000000002
45.44199999999999,14.81700000000002
45.44199999999999,14.874000000000022
45.44199999999999,14.931000000000022
45.44199999999999,14.988000000000024
45.44199999999999,15.045000000000025
45.44199999999999,15.102000000000023
45.44199999999999,15.159000000000024
45.44199999999999,15.216000000000024
45.44199999999999,15.273000000000025
45.44199999999999,15.330000000000023
45.44199999999999,15.387000000000024
45.44199999999999,15.444000000000026
45.44199999999999,15.501000000000026
45.44199999999999,15.558000000000026
45.44199999999999,15.615000000000029
45.44199999999999,15.672000000000027
45.44199999999999,15.729000000000028
45.44199999999999,15.786000000000028
45.44199999999999,15.843000000000028
45.44199999999999,15.900000000000029
45.44199999999999,15.95700000000003
45.44199999999999,16.014000000000028
45.44199999999999,16.071000000000026
45.44199999999999,16.128000000000025
45.44199999999999,16.185000000000024
45.44199999999999,16.242000000000022
45.44199999999999,16.29900000000002
45.44199999999999,16.35600000000002
45.44199999999999,16.413000000000018
45.44199999999999,16.470000000000017
45.44199999999999,16.527000000000015
45.44199999999999,16.584000000000014
45.44199999999999,16.641000000000012
45.44199999999999,16.69800000000001
45.44199999999999,16.75500000000001
45.48199999999999,12.99300000000001
45.48199999999999,13.05000000000001
45.48199999999999,13.10700000000001
45.48199999999999,13.16400000000001
45.48199999999999,13.22100000000001
45.48199999999999,13.278000000000011
45.48199999999999,13.335000000000012
45.48199999999999,13.392000000000012
45.48199999999999,13.449000000000012
45.48199999999999,13.506000000000013
45.48199999999999,13.563000000000011
45.48199999999999,13.620000000000012
45.48199999999999,13.677000000000014
45.48199999999999,13.734000000000014
45.48199999999999,13.791000000000016
45.48199999999999,13.848000000000017
45.48199999999999,13.905000000000015
45.48199999999999,13.962000000000016
45.48199999999999,14.019000000000016
45.48199999999999,14.076000000000016
45.48199999999999,14.133000000000017
45.48199999999999,14.190000000000015
45.48199999999999,14.247000000000018
45.48199999999999,14.304000000000018
45.48199999999999,14.361000000000018
45.48199999999999,14.41800000000002
45.48199999999999,14.47500000000002
45.48199999999999,14.53200000000002
45.48199999999999,14.58900000000002
45.48199999999999,14.64600000000002
45.48199999999999,14.70300000000002
45.48199999999999,14.76000000000002
45.48199999999999,14.81700000000002
45.48199999999999,14.874000000000022
45.48199999999999,14.931000000000022
45.48199999999999,14.988000000000024
45.48199999999999,15.045000000000025
45.48199999999999,15.102000000000023
45.48199999999999,15.159000000000024
45.48199999999999,15.216000000000024
45.48199999999999,15.273000000000025
45.48199999999999,15.330000000000023
45.48199999999999,15.387000000000024
45.48199999999999,15.444000000000026
45.48199999999999,15.501000000000026
45.48199999999999,15.558000000000026
45.48199999999999,15.615000000000029
45.48199999999999,15.672000000000027
45.48199999999999,15.729000000000028
45.48199999999999,15.786000000000028
45.48199999999999,15.843000000000028
45.48199999999999,15.900000000000029
45.48199999999999,15.95700000000003
45.48199999999999,16.014000000000028
45.48199999999999,16.071000000000026
45.48199999999999,16.128000000000025
45.48199999999999,16.185000000000024
45.48199999999999,16.242000000000022
45.48199999999999,16.29900000000002
45.48199999999999,16.35600000000002
45.48199999999999,16.413000000000018
45.48199999999999,16.470000000000017
45.48199999999999,16.527000000000015
45.48199999999999,16.584000000000014
45.48199999999999,16.641000000000012
45.48199999999999,16.69800000000001
45.48199999999999,16.75500000000001
45.521999999999984,12.99300000000001
45.521999999999984,13.05000000000001
45.521999999999984,13.10700000000001
45.521999999999984,13.16400000000001
45.521999999999984,13.22100000000001
45.521999999999984,13.278000000000011
45.521999999999984,13.335000000000012
45.521999999999984,13.392000000000012
45.521999999999984,13.449000000000012
45.521999999999984,13.506000000000013
45.521999999999984,13.563000000000011
45.521999999999984,13.620000000000012
45.521999999999984,13.677000000000014
45.521999999999984,13.734000000000014
45.521999999999984,13.791000000000016
45.521999999999984,13.848000000000017
45.521999999999984,13.905000000000015
45.521999999999984,13.962000000000016
45.521999999999984,14.019000000000016
45.521999999999984,14.076000000000016
45.521999999999984,14.133000000000017
45.521999999999984,14.190000000000015
45.521999999999984,14.247000000000018
45.521999999999984,14.304000000000018
45.521999999999984,14.361000000000018
45.521999999999984,14.41800000000002
45.521999999999984,14.47500000000002
45.521999999999984,14.53200000000002
45.521999999999984,14.58900000000002
45.521999999999984,14.64600000000002
45.521999999999984,14.70300000000002
45.521999999999984,14.76000000000002
45.521999999999984,14.81700000000002
45.521999999999984,14.874000000000022
45.521999999999984,14.931000000000022
45.521999999999984,14.988000000000024
45.521999999999984,15.045000000000025
45.521999999999984,15.102000000000023
45.521999999999984,15.159000000000024
45.521999999999984,15.216000000000024
45.521999999999984,15.273000000000025
45.521999999999984,15.330000000000023
45.521999999999984,15.387000000000024
45.521999999999984,15.444000000000026
45.521999999999984,15.501000000000026
45.521999999999984,15.558000000000026
45.521999999999984,15.615000000000029
45.521999999999984,15.672000000000027
45.521999999999984,15.729000000000028
45.521999999999984,15.786000000000028
45.521999999999984,15.843000000000028
45.521999999999984,15.900000000000029
45.521999999999984,15.95700000000003
45.521999999999984,16.014000000000028
45.521999999999984,16.071000000000026
45.521999999999984,16.128000000000025
45.521999999999984,16.185000000000024
45.521999999999984,16.242000000000022
45.521999999999984,16.29900000000002
45.521999999999984,16.35600000000002
45.521999999999984,16.413000000000018
45.521999999999984,16.470000000000017
45.521999999999984,16.527000000000015
45.521999999999984,16.584000000000014
45.521999999999984,16.641000000000012
45.521999999999984,16.69800000000001
45.521999999999984,16.75500000000001
45.56199999999998,12.99300000000001
45.56199999999998,13.05000000000001
45.56199999999998,13.10700000000001
45.56199999999998,13.16400000000001
45.56199999999998,13.22100000000001
45.56199999999998,13.278000000000011
45.56199999999998,13.335000000000012
45.56199999999998,13.392000000000012
45.56199999999998,13.449000000000012
45.56199999999998,13.506000000000013
45.56199999999998,13.563000000000011
45.56199999999998,13.620000000000012
45.56199999999998,13.677000000000014
45.56199999999998,13.734000000000014
45.56199999999998,13.791000000000016
45.56199999999998,13.848000000000017
45.56199999999998,13.905000000000015
45.56199999999998,13.962000000000016
45.56199999999998,14.019000000000016
45.56199999999998,14.076000000000016
45.56199999999998,14.133000000000017
45.56199999999998,14.190000000000015
45.56199999999998,14.247000000000018
45.56199999999998,14.304000000000018
45.56199999999998,14.361000000000018
45.56199999999998,14.41800000000002
45.56199999999998,14.47500000000002
45.56199999999998,14.53200000000002
45.56199999999998,14.58900000000002
45.56199999999998,14.64600000000002
45.56199999999998,14.70300000000002
45.56199999999998,14.76000000000002
45.56199999999998,14.81700000000002
45.56199999999998,14.874000000000022
45.56199999999998,14.931000000000022
45.56199999999998,14.988000000000024
45.56199999999998,15.045000000000025
45.56199999999998,15.102000000000023
45.56199999999998,15.159000000000024
45.56199999999998,15.216000000000024
45.56199999999998,15.273000000000025
45.56199999999998,15.330000000000023
45.56199999999998,15.387000000000024
45.56199999999998,15.444000000000026
45.56199999999998,15.501000000000026
45.56199999999998,15.558000000000026
45.56199999999998,15.615000000000029
45.56199999999998,15.672000000000027
45.56199999999998,15.729000000000028
45.56199999999998,15.786000000000028
45.56199999999998,15.843000000000028
45.56199999999998,15.900000000000029
45.56199999999998,15.95700000000003
45.56199999999998,16.014000000000028
45.56199999999998,16.071000000000026
45.56199999999998,16.128000000000025
45.56199999999998,16.185000000000024
45.56199999999998,16.242000000000022
45.56199999999998,16.29900000000002
45.56199999999998,16.35600000000002
45.56199999999998,16.413000000000018
45.56199999999998,16.470000000000017
45.56199999999998,16.527000000000015
45.56199999999998,16.584000000000014
45.56199999999998,16.641000000000012
45.56199999999998,16.69800000000001
45.56199999999998,16.75500000000001
45.60199999999998,12.99300000000001
45.60199999999998,13.05000000000001
45.60199999999998,13.10700000000001
45.60199999999998,13.16400000000001
45.60199999999998,13.22100000000001
45.60199999999998,13.278000000000011
45.60199999999998,13.335000000000012
45.60199999999998,13.392000000000012
45.60199999999998,13.449000000000012
45.60199999999998,13.506000000000013
45.60199999999998,13.563000000000011
45.60199999999998,13.620000000000012
45.60199999999998,13.677000000000014
45.60199999999998,13.734000000000014
45.60199999999998,13.791000000000016
45.60199999999998,13.848000000000017
45.60199999999998,13.905000000000015
45.60199999999998,13.962000000000016
45.60199999999998,14.019000000000016
45.60199999999998,14.076000000000016
45.60199999999998,14.133000000000017
45.60199999999998,14.190000000000015
45.60199999999998,14.247000000000018
45.60199999999998,14.304000000000018
45.60199999999998,14.361000000000018
45.60199999999998,14.41800000000002
45.60199999999998,14.47500000000002
45.60199999999998,14.53200000000002
45.60199999999998,14.58900000000002
45.60199999999998,14.64600000000002
45.60199999999998,14.70300000000002
45.60199999999998,14.76000000000002
45.60199999999998,14.81700000000002
45.60199999999998,14.874000000000022
45.60199999999998,14.931000000000022
45.60199999999998,14.988000000000024
45.60199999999998,15.045000000000025
45.60199999999998,15.102000000000023
45.60199999999998,15.159000000000024
45.60199999999998,15.216000000000024
45.60199999999998,15.273000000000025
45.60199999999998,15.330000000000023
45.60199999999998,15.387000000000024
45.60199999999998,15.444000000000026
45.60199999999998,15.501000000000026
45.60199999999998,15.558000000000026
45.60199999999998,15.615000000000029
45.60199999999998,15.672000000000027
45.60199999999998,15.729000000000028
45.60199999999998,15.786000000000028
45.60199999999998,15.843000000000028
45.60199999999998,15.900000000000029
45.60199999999998,15.95700000000003
45.60199999999998,16.014000000000028
45.60199999999998,16.071000000000026
45.60199999999998,16.128000000000025
45.60199999999998,16.185000000000024
45.60199999999998,16.242000000000022
45.60199999999998,16.29900000000002
45.60199999999998,16.35600000000002
45.60199999999998,16.413000000000018
45.60199999999998,16.470000000000017
45.60199999999998,16.527000000000015
45.60199999999998,16.584000000000014
45.60199999999998,16.641000000000012
45.60199999999998,16.69800000000001
45.60199999999998,16.75500000000001
45.64199999999998,12.99300000000001
45.64199999999998,13.05000000000001
45.64199999999998,13.10700000000001
45.64199999999998,13.16400000000001
45.64199999999998,13.22100000000001
45.64199999999998,13.278000000000011
45.64199999999998,13.335000000000012
45.64199999999998,13.392000000000012
45.64199999999998,13.449000000000012
45.64199999999998,13.506000000000013
45.64199999999998,13.563000000000011
45.64199999999998,13.620000000000012
45.64199999999998,13.677000000000014
45.64199999999998,13.734000000000014
45.64199999999998,13.791000000000016
45.64199999999998,13.848000000000017
45.64199999999998,13.905000000000015
45.64199999999998,13.962000000000016
45.64199999999998,14.019000000000016
45.64199999999998,14.076000000000016
45.64199999999998,14.133000000000017
45.64199999999998,14.190000000000015
45.64199999999998,14.247000000000018
45.64199999999998,14.304000000000018
45.64199999999998,14.361000000000018
45.64199999999998,14.41800000000002
45.64199999999998,14.47500000000002
45.64199999999998,14.53200000000002
45.64199999999998,14.58900000000002
45.64199999999998,14.64600000000002
45.64199999999998,14.70300000000002
45.64199999999998,14.76000000000002
45.64199999999998,14.81700000000002
45.64199999999998,14.874000000000022
45.64199999999998,14.931000000000022
45.64199999999998,14.988000000000024
45.64199999999998,15.045000000000025
45.64199999999998,15.102000000000023
45.64199999999998,15.159000000000024
45.64199999999998,15.216000000000024
45.64199999999998,15.273000000000025
45.64199999999998,15.330000000000023
45.64199999999998,15.387000000000024
45.64199999999998,15.444000000000026
45.64199999999998,15.501000000000026
45.64199999999998,15.558000000000026
45.64199999999998,15.615000000000029
45.64199999999998,15.672000000000027
45.64199999999998,15.729000000000028
45.64199999999998,15.786000000000028
45.64199999999998,15.843000000000028
45.64199999999998,15.900000000000029
45.64199999999998,15.95700000000003
45.64199999999998,16.014000000000028
45.64199999999998,16.071000000000026
45.64199999999998,16.128000000000025
45.64199999999998,16.185000000000024
45.64199999999998,16.242000000000022
45.64199999999998,16.29900000000002
45.64199999999998,16.35600000000002
45.64199999999998,16.413000000000018
45.64199999999998,16.470000000000017
45.64199999999998,16.527000000000015
45.64199999999998,16.584000000000014
45.64199999999998,16.641000000000012
45.64199999999998,16.69800000000001
45.64199999999998,16.75500000000001
45.68199999999998,12.99300000000001
45.68199999999998,13.05000000000001
45.68199999999998,13.10700000000001
45.68199999999998,13.16400000000001
45.68199999999998,13.22100000000001
45.68199999999998,13.278000000000011
45.68199999999998,13.335000000000012
45.68199999999998,13.392000000000012
45.68199999999998,13.449000000000012
45.68199999999998,13.506000000000013
45.68199999999998,13.563000000000011
45.68199999999998,13.620000000000012
45.68199999999998,13.677000000000014
45.68199999999998,13.734000000000014
45.68199999999998,13.791000000000016
45.68199999999998,13.848000000000017
45.68199999999998,13.905000000000015
45.68199999999998,13.962000000000016
45.68199999999998,14.019000000000016
45.68199999999998,14.076000000000016
45.68199999999998,14.133000000000017
45.68199999999998,14.190000000000015
45.68199999999998,14.247000000000018
45.68199999999998,14.304000000000018
45.68199999999998,14.361000000000018
45.68199999999998,14.41800000000002
45.68199999999998,14.47500000000002
45.68199999999998,14.53200000000002
45.68199999999998,14.58900000000002
45.68199999999998,14.64600000000002
45.68199999999998,14.70300000000002
45.68199999999998,14.76000000000002
45.68199999999998,14.81700000000002
45.68199999999998,14.874000000000022
45.68199999999998,14.931000000000022
45.68199999999998,14.988000000000024
45.68199999999998,15.045000000000025
45.68199999999998,15.102000000000023
45.68199999999998,15.159000000000024
45.68199999999998,15.216000000000024
45.68199999999998,15.273000000000025
45.68199999999998,15.330000000000023
45.68199999999998,15.387000000000024
45.68199999999998,15.444000000000026
45.68199999999998,15.501000000000026
45.68199999999998,15.558000000000026
45.68199999999998,15.615000000000029
45.68199999999998,15.672000000000027
45.68199999999998,15.729000000000028
45.68199999999998,15.786000000000028
45.68199999999998,15.843000000000028
45.68199999999998,15.900000000000029
45.68199999999998,15.95700000000003
45.68199999999998,16.014000000000028
45.68199999999998,16.071000000000026
45.68199999999998,16.128000000000025
45.68199999999998,16.185000000000024
45.68199999999998,16.242000000000022
45.68199999999998,16.29900000000002
45.68199999999998,16.35600000000002
45.68199999999998,16.413000000000018
45.68199999999998,16.470000000000017
45.68199999999998,16.527000000000015
45.68199999999998,16.584000000000014
45.68199999999998,16.641000000000012
45.68199999999998,16.69800000000001
45.68199999999998,16.75500000000001
45.72199999999998,12.99300000000001
45.72199999999998,13.05000000000001
45.72199999999998,13.10700000000001
45.72199999999998,13.16400000000001
45.72199999999998,13.22100000000001
45.72199999999998,13.278000000000011
45.72199999999998,13.335000000000012
45.72199999999998,13.392000000000012
45.72199999999998,13.449000000000012
45.72199999999998,13.506000000000013
45.72199999999998,13.563000000000011
45.72199999999998,13.620000000000012
45.72199999999998,13.677000000000014
45.72199999999998,13.734000000000014
45.72199999999998,13.791000000000016
45.72199999999998,13.848000000000017
45.72199999999998,13.905000000000015
45.72199999999998,13.962000000000016
45.72199999999998,14.019000000000016
45.72199999999998,14.076000000000016
45.72199999999998,14.133000000000017
45.72199999999998,14.190000000000015
45.72199999999998,14.247000000000018
45.72199999999998,14.304000000000018
45.72199999999998,14.361000000000018
45.72199999999998,14.41800000000002
45.72199999999998,14.47500000000002
45.72199999999998,14.53200000000002
45.72199999999998,14.58900000000002
45.72199999999998,14.64600000000002
45.72199999999998,14.70300000000002
45.72199999999998,14.76000000000002
45.72199999999998,14.81700000000002
45.72199999999998,14.874000000000022
45.72199999999998,14.931000000000022
45.72199999999998,14.988000000000024
45.72199999999998,15.045000000000025
45.72199999999998,15.102000000000023
45.72199999999998,15.159000000000024
45.72199999999998,15.216000000000024
45.72199999999998,15.273000000000025
45.72199999999998,15.330000000000023
45.72199999999998,15.387000000000024
45.72199999999998,15.444000000000026
45.72199999999998,15.501000000000026
45.72199999999998,15.558000000000026
45.72199999999998,15.615000000000029
45.72199999999998,15.672000000000027
45.72199999999998,15.729000000000028
45.72199999999998,15.786000000000028
45.72199999999998,15.843000000000028
45.72199999999998,15.900000000000029
45.72199999999998,15.95700000000003
45.72199999999998,16.014000000000028
45.72199999999998,16.071000000000026
45.72199999999998,16.128000000000025
45.72199999999998,16.185000000000024
45.72199999999998,16.242000000000022
45.72199999999998,16.29900000000002
45.72199999999998,16.35600000000002
45.72199999999998,16.413000000000018
45.72199999999998,16.470000000000017
45.72199999999998,16.527000000000015
45.72199999999998,16.584000000000014
45.72199999999998,16.641000000000012
45.72199999999998,16.69800000000001
45.72199999999998,16.75500000000001
45.76199999999998,12.99300000000001
45.76199999999998,13.05000000000001
45.76199999999998,13.10700000000001
45.76199999999998,13.16400000000001
45.76199999999998,13.22100000000001
45.76199999999998,13.278000000000011
45.76199999999998,13.335000000000012
45.76199999999998,13.392000000000012
45.76199999999998,13.449000000000012
45.76199999999998,13.506000000000013
45.76199999999998,13.563000000000011
45.76199999999998,13.620000000000012
45.76199999999998,13.677000000000014
45.76199999999998,13.734000000000014
45.76199999999998,13.791000000000016
45.76199999999998,13.848000000000017
45.76199999999998,13.905000000000015
45.76199999999998,13.962000000000016
45.76199999999998,14.019000000000016
45.76199999999998,14.076000000000016
45.76199999999998,14.133000000000017
45.76199999999998,14.190000000000015
45.76199999999998,14.247000000000018
45.76199999999998,14.304000000000018
45.76199999999998,14.361000000000018
45.76199999999998,14.41800000000002
45.76199999999998,14.47500000000002
45.76199999999998,14.53200000000002
45.76199999999998,14.58900000000002
45.76199999999998,14.64600000000002
45.76199999999998,14.70300000000002
45.76199999999998,14.76000000000002
45.76199999999998,14.81700000000002
45.76199999999998,14.874000000000022
45.76199999999998,14.931000000000022
45.76199999999998,14.988000000000024
45.76199999999998,15.045000000000025
45.76199999999998,15.102000000000023
45.76199999999998,15.159000000000024
45.76199999999998,15.216000000000024
45.76199999999998,15.273000000000025
45.76199999999998,15.330000000000023
45.76199999999998,15.387000000000024
45.76199999999998,15.444000000000026
45.76199999999998,15.501000000000026
45.76199999999998,15.558000000000026
45.76199999999998,15.615000000000029
45.76199999999998,15.672000000000027
45.76199999999998,15.729000000000028
45.76199999999998,15.786000000000028
45.76199999999998,15.843000000000028
45.76199999999998,15.900000000000029
45.76199999999998,15.95700000000003
45.76199999999998,16.014000000000028
45.76199999999998,16.071000000000026
45.76199999999998,16.128000000000025
45.76199999999998,16.185000000000024
45.76199999999998,16.242000000000022
45.76199999999998,16.29900000000002
45.76199999999998,16.35600000000002
45.76199999999998,16.413000000000018
45.76199999999998,16.470000000000017
45.76199999999998,16.527000000000015
45.76199999999998,16.584000000000014
45.76199999999998,16.641000000000012
45.76199999999998,16.69800000000001
45.76199999999998,16.75500000000001
45.80199999999998,12.99300000000001
45.80199999999998,13.05000000000001
45.80199999999998,13.10700000000001
45.80199999999998,13.16400000000001
45.80199999999998,13.22100000000001
45.80199999999998,13.278000000000011
45.80199999999998,13.335000000000012
45.80199999999998,13.392000000000012
45.80199999999998,13.449000000000012
45.80199999999998,13.506000000000013
45.80199999999998,13.563000000000011
45.80199999999998,13.620000000000012
45.80199999999998,13.677000000000014
45.80199999999998,13.734000000000014
45.80199999999998,13.791000000000016
45.80199999999998,13.848000000000017
45.80199999999998,13.905000000000015
45.80199999999998,13.962000000000016
45.80199999999998,14.019000000000016
45.80199999999998,14.076000000000016
45.80199999999998,14.133000000000017
45.80199999999998,14.190000000000015
45.80199999999998,14.247000000000018
45.80199999999998,14.304000000000018
45.80199999999998,14.361000000000018
45.80199999999998,14.41800000000002
45.80199999999998,14.47500000000002
45.80199999999998,14.53200000000002
45.80199999999998,14.58900000000002
45.80199999999998,14.64600000000002
45.80199999999998,14.70300000000002
45.80199999999998,14.76000000000002
45.80199999999998,14.81700000000002
45.80199999999998,14.874000000000022
45.80199999999998,14.931000000000022
45.80199999999998,14.988000000000024
45.80199999999998,15.045000000000025
45.80199999999998,15.102000000000023
45.80199999999998,15.159000000000024
45.80199999999998,15.216000000000024
45.80199999999998,15.273000000000025
45.80199999999998,15.330000000000023
45.80199999999998,15.387000000000024
45.80199999999998,15.444000000000026
45.80199999999998,15.501000000000026
45.80199999999998,15.558000000000026
45.80199999999998,15.615000000000029
45.80199999999998,15.672000000000027
45.80199999999998,15.729000000000028
45.80199999999998,15.786000000000028
45.80199999999998,15.843000000000028
45.80199999999998,15.900000000000029
45.80199999999998,15.95700000000003
45.80199999999998,16.014000000000028
45.80199999999998,16.071000000000026
45.80199999999998,16.128000000000025
45.80199999999998,16.185000000000024
45.80199999999998,16.242000000000022
45.80199999999998,16.29900000000002
45.80199999999998,16.35600000000002
45.80199999999998,16.413000000000018
45.80199999999998,16.470000000000017
45.80199999999998,16.527000000000015
45.80199999999998,16.584000000000014
45.80199999999998,16.641000000000012
45.80199999999998,16.69800000000001
45.80199999999998,16.75500000000001
45.84199999999998,12.99300000000001
45.84199999999998,13.05000000000001
45.84199999999998,13.10700000000001
45.84199999999998,13.16400000000001
45.84199999999998,13.22100000000001
45.84199999999998,13.278000000000011
45.84199999999998,13.335000000000012
45.84199999999998,13.392000000000012
45.84199999999998,13.449000000000012
45.84199999999998,13.506000000000013
45.84199999999998,13.563000000000011
45.84199999999998,13.620000000000012
45.84199999999998,13.677000000000014
45.84199999999998,13.734000000000014
45.84199999999998,13.791000000000016
45.84199999999998,13.848000000000017
45.84199999999998,13.905000000000015
45.84199999999998,13.962000000000016
45.84199999999998,14.019000000000016
45.84199999999998,14.076000000000016
45.84199999999998,14.133000000000017
45.84199999999998,14.190000000000015
45.84199999999998,14.247000000000018
45.84199999999998,14.304000000000018
45.84199999999998,14.361000000000018
45.84199999999998,14.41800000000002
45.84199999999998,14.47500000000002
45.84199999999998,14.53200000000002
45.84199999999998,14.58900000000002
45.84199999999998,14.64600000000002
45.84199999999998,14.70300000000002
45.84199999999998,14.76000000000002
45.84199999999998,14.81700000000002
45.84199999999998,14.874000000000022
45.84199999999998,14.931000000000022
45.84199999999998,14.988000000000024
45.84199999999998,15.045000000000025
45.84199999999998,15.102000000000023
45.84199999999998,15.159000000000024
45.84199999999998,15.216000000000024
45.84199999999998,15.273000000000025
45.84199999999998,15.330000000000023
45.84199999999998,15.387000000000024
45.84199999999998,15.444000000000026
45.84199999999998,15.501000000000026
45.84199999999998,15.558000000000026
45.84199999999998,15.615000000000029
45.84199999999998,15.672000000000027
45.84199999999998,15.729000000000028
45.84199999999998,15.786000000000028
45.84199999999998,15.843000000000028
45.84199999999998,15.900000000000029
45.84199999999998,15.95700000000003
45.84199999999998,16.014000000000028
45.84199999999998,16.071000000000026
45.84199999999998,16.128000000000025
45.84199999999998,16.185000000000024
45.84199999999998,16.242000000000022
45.84199999999998,16.29900000000002
45.84199999999998,16.35600000000002
45.84199999999998,16.413000000000018
45.84199999999998,16.470000000000017
45.84199999999998,16.527000000000015
45.84199999999998,16.584000000000014
45.84199999999998,16.641000000000012
45.84199999999998,16.69800000000001
45.84199999999998,16.75500000000001
45.88199999999998,12.99300000000001
45.88199999999998,13.05000000000001
45.88199999999998,13.10700000000001
45.88199999999998,13.16400000000001
45.88199999999998,13.22100000000001
45.88199999999998,13.278000000000011
45.88199999999998,13.335000000000012
45.88199999999998,13.392000000000012
45.88199999999998,13.449000000000012
45.88199999999998,13.506000000000013
45.88199999999998,13.563000000000011
45.88199999999998,13.620000000000012
45.88199999999998,13.677000000000014
45.88199999999998,13.734000000000014
45.88199999999998,13.791000000000016
45.88199999999998,13.848000000000017
45.88199999999998,13.905000000000015
45.88199999999998,13.962000000000016
45.88199999999998,14.019000000000016
45.88199999999998,14.076000000000016
45.88199999999998,14.133000000000017
45.88199999999998,14.190000000000015
45.88199999999998,14.247000000000018
45.88199999999998,14.304000000000018
45.88199999999998,14.361000000000018
45.88199999999998,14.41800000000002
45.88199999999998,14.47500000000002
45.88199999999998,14.53200000000002
45.88199999999998,14.58900000000002
45.88199999999998,14.64600000000002
45.88199999999998,14.70300000000002
45.88199999999998,14.76000000000002
45.88199999999998,14.81700000000002
45.88199999999998,14.874000000000022
45.88199999999998,14.931000000000022
45.88199999999998,14.988000000000024
45.88199999999998,15.045000000000025
45.88199999999998,15.102000000000023
45.88199999999998,15.159000000000024
45.88199999999998,15.216000000000024
45.88199999999998,15.273000000000025
45.88199999999998,15.330000000000023
45.88199999999998,15.387000000000024
45.88199999999998,15.444000000000026
45.88199999999998,15.501000000000026
45.88199999999998,15.558000000000026
45.88199999999998,15.615000000000029
45.88199999999998,15.672000000000027
45.88199999999998,15.729000000000028
45.88199999999998,15.786000000000028
45.88199999999998,15.843000000000028
45.88199999999998,15.900000000000029
45.88199999999998,15.95700000000003
45.88199999999998,16.014000000000028
45.88199999999998,16.071000000000026
45.88199999999998,16.128000000000025
45.88199999999998,16.185000000000024
45.88199999999998,16.242000000000022
45.88199999999998,16.29900000000002
45.88199999999998,16.35600000000002
45.88199999999998,16.413000000000018
45.88199999999998,16.470000000000017
45.88199999999998,16.527000000000015
45.88199999999998,16.584000000000014
45.88199999999998,16.641000000000012
45.88199999999998,16.69800000000001
45.88199999999998,16.75500000000001
45.921999999999976,12.99300000000001
45.921999999999976,13.05000000000001
45.921999999999976,13.10700000000001
45.921999999999976,13.16400000000001
45.921999999999976,13.22100000000001
45.921999999999976,13.278000000000011
45.921999999999976,13.335000000000012
45.921999999999976,13.392000000000012
45.921999999999976,13.449000000000012
45.921999999999976,13.506000000000013
45.921999999999976,13.563000000000011
45.921999999999976,13.620000000000012
45.921999999999976,13.677000000000014
45.921999999999976,13.734000000000014
45.921999999999976,13.791000000000016
45.921999999999976,13.848000000000017
45.921999999999976,13.905000000000015
45.921999999999976,13.962000000000016
45.921999999999976,14.019000000000016
45.921999999999976,14.076000000000016
45.921999999999976,14.133000000000017
45.921999999999976,14.190000000000015
45.921999999999976,14.247000000000018
45.921999999999976,14.304000000000018
45.921999999999976,14.361000000000018
45.921999999999976,14.41800000000002
45.921999999999976,14.47500000000002
45.921999999999976,14.53200000000002
45.921999999999976,14.58900000000002
45.921999999999976,14.64600000000002
45.921999999999976,14.70300000000002
45.921999999999976,14.76000000000002
45.921999999999976,14.81700000000002
45.921999999999976,14.874000000000022
45.921999999999976,14.931000000000022
45.921999999999976,14.988000000000024
45.921999999999976,15.045000000000025
45.921999999999976,15.102000000000023
45.921999999999976,15.159000000000024
45.921999999999976,15.216000000000024
45.921999999999976,15.273000000000025
45.921999999999976,15.330000000000023
45.921999999999976,15.387000000000024
45.921999999999976,15.444000000000026
45.921999999999976,15.501000000000026
45.921999999999976,15.558000000000026
45.921999999999976,15.615000000000029
45.921999999999976,15.672000000000027
45.921999999999976,15.729000000000028
45.921999999999976,15.786000000000028
45.921999999999976,15.843000000000028
45.921999999999976,15.900000000000029
45.921999999999976,15.95700000000003
45.921999999999976,16.014000000000028
45.921999999999976,16.071000000000026
45.921999999999976,16.128000000000025
45.921999999999976,16.185000000000024
45.921999999999976,16.242000000000022
45.921999999999976,16.29900000000002
45.921999999999976,16.35600000000002
45.921999999999976,16.413000000000018
45.921999999999976,16.470000000000017
45.921999999999976,16.527000000000015
45.921999999999976,16.584000000000014
45.921999999999976,16.641000000000012
45.921999999999976,16.69800000000001
45.921999999999976,16.75500000000001
45.961999999999975,12.99300000000001
45.961999999999975,13.05000000000001
45.961999999999975,13.10700000000001
45.961999999999975,13.16400000000001
45.961999999999975,13.22100000000001
45.961999999999975,13.278000000000011
45.961999999999975,13.335000000000012
45.961999999999975,13.392000000000012
45.961999999999975,13.449000000000012
45.961999999999975,13.506000000000013
45.961999999999975,13.563000000000011
45.961999999999975,13.620000000000012
45.961999999999975,13.677000000000014
45.961999999999975,13.734000000000014
45.961999999999975,13.791000000000016
45.961999999999975,13.848000000000017
45.961999999999975,13.905000000000015
45.961999999999975,13.962000000000016
45.961999999999975,14.019000000000016
45.961999999999975,14.076000000000016
45.961999999999975,14.133000000000017
45.961999999999975,14.190000000000015
45.961999999999975,14.247000000000018
45.961999999999975,14.304000000000018
45.961999999999975,14.361000000000018
45.961999999999975,14.41800000000002
45.961999999999975,14.47500000000002
45.961999999999975,14.53200000000002
45.961999999999975,14.58900000000002
45.961999999999975,14.64600000000002
45.961999999999975,14.70300000000002
45.961999999999975,14.76000000000002
45.961999999999975,14.81700000000002
45.961999999999975,14.874000000000022
45.961999999999975,14.931000000000022
45.961999999999975,14.988000000000024
45.961999999999975,15.045000000000025
45.961999999999975,15.102000000000023
45.961999999999975,15.159000000000024
45.961999999999975,15.216000000000024
45.961999999999975,15.273000000000025
45.961999999999975,15.330000000000023
45.961999999999975,15.387000000000024
45.961999999999975,15.444000000000026
45.961999999999975,15.501000000000026
45.961999999999975,15.558000000000026
45.961999999999975,15.615000000000029
45.961999999999975,15.672000000000027
45.961999999999975,15.729000000000028
45.961999999999975,15.786000000000028
45.961999999999975,15.843000000000028
45.961999999999975,15.900000000000029
45.961999999999975,15.95700000000003
45.961999999999975,16.014000000000028
45.961999999999975,16.071000000000026
45.961999999999975,16.128000000000025
45.961999999999975,16.185000000000024
45.961999999999975,16.242000000000022
45.961999999999975,16.29900000000002
45.961999999999975,16.35600000000002
45.961999999999975,16.413000000000018
45.961999999999975,16.470000000000017
45.961999999999975,16.527000000000015
45.961999999999975,16.584000000000014
45.961999999999975,16.641000000000012
45.961999999999975,16.69800000000001
45.961999999999975,16.75500000000001
46.00199999999997,12.99300000000001
46.00199999999997,13.05000000000001
46.00199999999997,13.10700000000001
46.00199999999997,13.16400000000001
46.00199999999997,13.22100000000001
46.00199999999997,13.278000000000011
46.00199999999997,13.335000000000012
46.00199999999997,13.392000000000012
46.00199999999997,13.449000000000012
46.00199999999997,13.506000000000013
46.00199999999997,13.563000000000011
46.00199999999997,13.620000000000012
46.00199999999997,13.677000000000014
46.00199999999997,13.734000000000014
46.00199999999997,13.791000000000016
46.00199999999997,13.848000000000017
46.00199999999997,13.905000000000015
46.00199999999997,13.962000000000016
46.00199999999997,14.019000000000016
46.00199999999997,14.076000000000016
46.00199999999997,14.133000000000017
46.00199999999997,14.190000000000015
46.00199999999997,14.247000000000018
46.00199999999997,14.304000000000018
46.00199999999997,14.361000000000018
46.00199999999997,14.41800000000002
46.00199999999997,14.47500000000002
46.00199999999997,14.53200000000002
46.00199999999997,14.58900000000002
46.00199999999997,14.64600000000002
46.00199999999997,14.70300000000002
46.00199999999997,14.76000000000002
46.00199999999997,14.81700000000002
46.00199999999997,14.874000000000022
46.00199999999997,14.931000000000022
46.00199999999997,14.988000000000024
46.00199999999997,15.045000000000025
46.00199999999997,15.102000000000023
46.00199999999997,15.159000000000024
46.00199999999997,15.216000000000024
46.00199999999997,15.273000000000025
46.00199999999997,15.330000000000023
46.00199999999997,15.387000000000024
46.00199999999997,15.444000000000026
46.00199999999997,15.501000000000026
46.00199999999997,15.558000000000026
46.00199999999997,15.615000000000029
46.00199999999997,15.672000000000027
46.00199999999997,15.729000000000028
46.00199999999997,15.786000000000028
46.00199999999997,15.843000000000028
46.00199999999997,15.900000000000029
46.00199999999997,15.95700000000003
46.00199999999997,16.014000000000028
46.00199999999997,16.071000000000026
46.00199999999997,16.128000000000025
46.00199999999997,16.185000000000024
46.00199999999997,16.242000000000022
46.00199999999997,16.29900000000002
46.00199999999997,16.35600000000002
46.00199999999997,16.413000000000018
46.00199999999997,16.470000000000017
46.00199999999997,16.527000000000015
46.00199999999997,16.584000000000014
46.00199999999997,16.641000000000012
46.00199999999997,16.69800000000001
46.00199999999997,16.75500000000001
46.04199999999997,12.99300000000001
46.04199999999997,13.05000000000001
46.04199999999997,13.10700000000001
46.04199999999997,13.16400000000001
46.04199999999997,13.22100000000001
46.04199999999997,13.278000000000011
46.04199999999997,13.335000000000012
46.04199999999997,13.392000000000012
46.04199999999997,13.449000000000012
46.04199999999997,13.506000000000013
46.04199999999997,13.563000000000011
46.04199999999997,13.620000000000012
46.04199999999997,13.677000000000014
46.04199999999997,13.734000000000014
46.04199999999997,13.791000000000016
46.04199999999997,13.848000000000017
46.04199999999997,13.905000000000015
46.04199999999997,13.962000000000016
46.04199999999997,14.019000000000016
46.04199999999997,14.076000000000016
46.04199999999997,14.133000000000017
46.04199999999997,14.190000000000015
46.04199999999997,14.247000000000018
46.04199999999997,14.304000000000018
46.04199999999997,14.361000000000018
46.04199999999997,14.41800000000002
46.04199999999997,14.47500000000002
46.04199999999997,14.53200000000002
46.04199999999997,14.58900000000002
46.04199999999997,14.64600000000002
46.04199999999997,14.70300000000002
46.04199999999997,14.76000000000002
46.04199999999997,14.81700000000002
46.04199999999997,14.874000000000022
46.04199999999997,14.931000000000022
46.04199999999997,14.988000000000024
46.04199999999997,15.045000000000025
46.04199999999997,15.102000000000023
46.04199999999997,15.159000000000024
46.04199999999997,15.216000000000024
46.04199999999997,15.273000000000025
46.04199999999997,15.330000000000023
46.04199999999997,15.387000000000024
46.04199999999997,15.444000000000026
46.04199999999997,15.501000000000026
46.04199999999997,15.558000000000026
46.04199999999997,15.615000000000029
46.04199999999997,15.672000000000027
46.04199999999997,15.729000000000028
46.04199999999997,15.786000000000028
46.04199999999997,15.843000000000028
46.04199999999997,15.900000000000029
46.04199999999997,15.95700000000003
46.04199999999997,16.014000000000028
46.04199999999997,16.071000000000026
46.04199999999997,16.128000000000025
46.04199999999997,16.185000000000024
46.04199999999997,16.242000000000022
46.04199999999997,16.29900000000002
46.04199999999997,16.35600000000002
46.04199999999997,16.413000000000018
46.04199999999997,16.470000000000017
46.04199999999997,16.527000000000015
46.04199999999997,16.584000000000014
46.04199999999997,16.641000000000012
46.04199999999997,16.69800000000001
46.04199999999997,16.75500000000001
46.08199999999997,12.99300000000001
46.08199999999997,13.05000000000001
46.08199999999997,13.10700000000001
46.08199999999997,13.16400000000001
46.08199999999997,13.22100000000001
46.08199999999997,13.278000000000011
46.08199999999997,13.335000000000012
46.08199999999997,13.392000000000012
46.08199999999997,13.449000000000012
46.08199999999997,13.506000000000013
46.08199999999997,13.563000000000011
46.08199999999997,13.620000000000012
46.08199999999997,13.677000000000014
46.08199999999997,13.734000000000014
46.08199999999997,13.791000000000016
46.08199999999997,13.848000000000017
46.08199999999997,13.905000000000015
46.08199999999997,13.962000000000016
46.08199999999997,14.019000000000016
46.08199999999997,14.076000000000016
46.08199999999997,14.133000000000017
46.08199999999997,14.190000000000015
46.08199999999997,14.247000000000018
46.08199999999997,14.304000000000018
46.08199999999997,14.361000000000018
46.08199999999997,14.41800000000002
46.08199999999997,14.47500000000002
46.08199999999997,14.53200000000002
46.08199999999997,14.58900000000002
46.08199999999997,14.64600000000002
46.08199999999997,14.70300000000002
46.08199999999997,14.76000000000002
46.08199999999997,14.81700000000002
46.08199999999997,14.874000000000022
46.08199999999997,14.931000000000022
46.08199999999997,14.988000000000024
46.08199999999997,15.045000000000025
46.08199999999997,15.102000000000023
46.08199999999997,15.159000000000024
46.08199999999997,15.216000000000024
46.08199999999997,15.273000000000025
46.08199999999997,15.330000000000023
46.08199999999997,15.387000000000024
46.08199999999997,15.444000000000026
46.08199999999997,15.501000000000026
46.08199999999997,15.558000000000026
46.08199999999997,15.615000000000029
46.08199999999997,15.672000000000027
46.08199999999997,15.729000000000028
46.08199999999997,15.786000000000028
46.08199999999997,15.843000000000028
46.08199999999997,15.900000000000029
46.08199999999997,15.95700000000003
46.08199999999997,16.014000000000028
46.08199999999997,16.071000000000026
46.08199999999997,16.128000000000025
46.08199999999997,16.185000000000024
46.08199999999997,16.242000000000022
46.08199999999997,16.29900000000002
46.08199999999997,16.35600000000002
46.08199999999997,16.413000000000018
46.08199999999997,16.470000000000017
46.08199999999997,16.527000000000015
46.08199999999997,16.584000000000014
46.08199999999997,16.641000000000012
46.08199999999997,16.69800000000001
46.08199999999997,16.75500000000001
46.12199999999997,12.99300000000001
46.12199999999997,13.05000000000001
46.12199999999997,13.10700000000001
46.12199999999997,13.16400000000001
46.12199999999997,13.22100000000001
46.12199999999997,13.278000000000011
46.12199999999997,13.335000000000012
46.12199999999997,13.392000000000012
46.12199999999997,13.449000000000012
46.12199999999997,13.506000000000013
46.12199999999997,13.563000000000011
46.12199999999997,13.620000000000012
46.12199999999997,13.677000000000014
46.12199999999997,13.734000000000014
46.12199999999997,13.791000000000016
46.12199999999997,13.848000000000017
46.12199999999997,13.905000000000015
46.12199999999997,13.962000000000016
46.12199999999997,14.019000000000016
46.12199999999997,14.076000000000016
46.12199999999997,14.133000000000017
46.12199999999997,14.190000000000015
46.12199999999997,14.247000000000018
46.12199999999997,14.304000000000018
46.12199999999997,14.361000000000018
46.12199999999997,14.41800000000002
46.12199999999997,14.47500000000002
46.12199999999997,14.53200000000002
46.12199999999997,14.58900000000002
46.12199999999997,14.64600000000002
46.12199999999997,14.70300000000002
46.12199999999997,14.76000000000002
46.12199999999997,14.81700000000002
46.12199999999997,14.874000000000022
46.12199999999997,14.931000000000022
46.12199999999997,14.988000000000024
46.12199999999997,15.045000000000025
46.12199999999997,15.102000000000023
46.12199999999997,15.159000000000024
46.12199999999997,15.216000000000024
46.12199999999997,15.273000000000025
46.12199999999997,15.330000000000023
46.12199999999997,15.387000000000024
46.12199999999997,15.444000000000026
46.12199999999997,15.501000000000026
46.12199999999997,15.558000000000026
46.12199999999997,15.615000000000029
46.12199999999997,15.672000000000027
46.12199999999997,15.729000000000028
46.12199999999997,15.786000000000028
46.12199999999997,15.843000000000028
46.12199999999997,15.900000000000029
46.12199999999997,15.95700000000003
46.12199999999997,16.014000000000028
46.12199999999997,16.071000000000026
46.12199999999997,16.128000000000025
46.12199999999997,16.185000000000024
46.12199999999997,16.242000000000022
46.12199999999997,16.29900000000002
46.12199999999997,16.35600000000002
46.12199999999997,16.413000000000018
46.12199999999997,16.470000000000017
46.12199999999997,16.527000000000015
46.12199999999997,16.584000000000014
46.12199999999997,16.641000000000012
46.12199999999997,16.69800000000001
46.12199999999997,16.75500000000001
46.16199999999997,12.99300000000001
46.16199999999997,13.05000000000001
46.16199999999997,13.10700000000001
46.16199999999997,13.16400000000001
46.16199999999997,13.22100000000001
46.16199999999997,13.278000000000011
46.16199999999997,13.335000000000012
46.16199999999997,13.392000000000012
46.16199999999997,13.449000000000012
46.16199999999997,13.506000000000013
46.16199999999997,13.563000000000011
46.16199999999997,13.620000000000012
46.16199999999997,13.677000000000014
46.16199999999997,13.734000000000014
46.16199999999997,13.791000000000016
46.16199999999997,13.848000000000017
46.16199999999997,13.905000000000015
46.16199999999997,13.962000000000016
46.16199999999997,14.019000000000016
46.16199999999997,14.076000000000016
46.16199999999997,14.133000000000017
46.16199999999997,14.190000000000015
46.16199999999997,14.247000000000018
46.16199999999997,14.304000000000018
46.16199999999997,14.361000000000018
46.16199999999997,14.41800000000002
46.16199999999997,14.47500000000002
46.16199999999997,14.53200000000002
46.16199999999997,14.58900000000002
46.16199999999997,14.64600000000002
46.16199999999997,14.70300000000002
46.16199999999997,14.76000000000002
46.16199999999997,14.81700000000002
46.16199999999997,14.874000000000022
46.16199999999997,14.931000000000022
46.16199999999997,14.988000000000024
46.16199999999997,15.045000000000025
46.16199999999997,15.102000000000023
46.16199999999997,15.159000000000024
46.16199999999997,15.216000000000024
46.16199999999997,15.273000000000025
46.16199999999997,15.330000000000023
46.16199999999997,15.387000000000024
46.16199999999997,15.444000000000026
46.16199999999997,15.501000000000026
46.16199999999997,15.558000000000026
46.16199999999997,15.615000000000029
46.16199999999997,15.672000000000027
46.16199999999997,15.729000000000028
46.16199999999997,15.786000000000028
46.16199999999997,15.843000000000028
46.16199999999997,15.900000000000029
46.16199999999997,15.95700000000003
46.16199999999997,16.014000000000028
46.16199999999997,16.071000000000026
46.16199999999997,16.128000000000025
46.16199999999997,16.185000000000024
46.16199999999997,16.242000000000022
46.16199999999997,16.29900000000002
46.16199999999997,16.35600000000002
46.16199999999997,16.413000000000018
46.16199999999997,16.470000000000017
46.16199999999997,16.527000000000015
46.16199999999997,16.584000000000014
46.16199999999997,16.641000000000012
46.16199999999997,16.69800000000001
46.16199999999997,16.75500000000001
46.20199999999997,12.99300000000001
46.20199999999997,13.05000000000001
46.20199999999997,13.10700000000001
46.20199999999997,13.16400000000001
46.20199999999997,13.22100000000001
46.20199999999997,13.278000000000011
46.20199999999997,13.335000000000012
46.20199999999997,13.392000000000012
46.20199999999997,13.449000000000012
46.20199999999997,13.506000000000013
46.20199999999997,13.563000000000011
46.20199999999997,13.620000000000012
46.20199999999997,13.677000000000014
46.20199999999997,13.734000000000014
46.20199999999997,13.791000000000016
46.20199999999997,13.848000000000017
46.20199999999997,13.905000000000015
46.20199999999997,13.962000000000016
46.20199999999997,14.019000000000016
46.20199999999997,14.076000000000016
46.20199999999997,14.133000000000017
46.20199999999997,14.190000000000015
46.20199999999997,14.247000000000018
46.20199999999997,14.304000000000018
46.20199999999997,14.361000000000018
46.20199999999997,14.41800000000002
46.20199999999997,14.47500000000002
46.20199999999997,14.53200000000002
46.20199999999997,14.58900000000002
46.20199999999997,14.64600000000002
46.20199999999997,14.70300000000002
46.20199999999997,14.76000000000002
46.20199999999997,14.81700000000002
46.20199999999997,14.874000000000022
46.20199999999997,14.931000000000022
46.20199999999997,14.988000000000024
46.20199999999997,15.045000000000025
46.20199999999997,15.102000000000023
46.20199999999997,15.159000000000024
46.20199999999997,15.216000000000024
46.20199999999997,15.273000000000025
46.20199999999997,15.330000000000023
46.20199999999997,15.387000000000024
46.20199999999997,15.444000000000026
46.20199999999997,15.501000000000026
46.20199999999997,15.558000000000026
46.20199999999997,15.615000000000029
46.20199999999997,15.672000000000027
46.20199999999997,15.729000000000028
46.20199999999997,15.786000000000028
46.20199999999997,15.843000000000028
46.20199999999997,15.900000000000029
46.20199999999997,15.95700000000003
46.20199999999997,16.014000000000028
46.20199999999997,16.071000000000026
46.20199999999997,16.128000000000025
46.20199999999997,16.185000000000024
46.20199999999997,16.242000000000022
46.20199999999997,16.29900000000002
46.20199999999997,16.35600000000002
46.20199999999997,16.413000000000018
46.20199999999997,16.470000000000017
46.20199999999997,16.527000000000015
46.20199999999997,16.584000000000014
46.20199999999997,16.641000000000012
46.20199999999997,16.69800000000001
46.20199999999997,16.75500000000001
46.24199999999997,12.99300000000001
46.24199999999997,13.05000000000001
46.24199999999997,13.10700000000001
46.24199999999997,13.16400000000001
46.24199999999997,13.22100000000001
46.24199999999997,13.278000000000011
46.24199999999997,13.335000000000012
46.24199999999997,13.392000000000012
46.24199999999997,13.449000000000012
46.24199999999997,13.506000000000013
46.24199999999997,13.563000000000011
46.24199999999997,13.620000000000012
46.24199999999997,13.677000000000014
46.24199999999997,13.734000000000014
46.24199999999997,13.791000000000016
46.24199999999997,13.848000000000017
46.24199999999997,13.905000000000015
46.24199999999997,13.962000000000016
46.24199999999997,14.019000000000016
46.24199999999997,14.076000000000016
46.24199999999997,14.133000000000017
46.24199999999997,14.190000000000015
46.24199999999997,14.247000000000018
46.24199999999997,14.304000000000018
46.24199999999997,14.361000000000018
46.24199999999997,14.41800000000002
46.24199999999997,14.47500000000002
46.24199999999997,14.53200000000002
46.24199999999997,14.58900000000002
46.24199999999997,14.64600000000002
46.24199999999997,14.70300000000002
46.24199999999997,14.76000000000002
46.24199999999997,14.81700000000002
46.24199999999997,14.874000000000022
46.24199999999997,14.931000000000022
46.24199999999997,14.988000000000024
46.24199999999997,15.045000000000025
46.24199999999997,15.102000000000023
46.24199999999997,15.159000000000024
46.24199999999997,15.216000000000024
46.24199999999997,15.273000000000025
46.24199999999997,15.330000000000023
46.24199999999997,15.387000000000024
46.24199999999997,15.444000000000026
46.24199999999997,15.501000000000026
46.24199999999997,15.558000000000026
46.24199999999997,15.615000000000029
46.24199999999997,15.672000000000027
46.24199999999997,15.729000000000028
46.24199999999997,15.786000000000028
46.24199999999997,15.843000000000028
46.24199999999997,15.900000000000029
46.24199999999997,15.95700000000003
46.24199999999997,16.014000000000028
46.24199999999997,16.071000000000026
46.24199999999997,16.128000000000025
46.24199999999997,16.185000000000024
46.24199999999997,16.242000000000022
46.24199999999997,16.29900000000002
46.24199999999997,16.35600000000002
46.24199999999997,16.413000000000018
46.24199999999997,16.470000000000017
46.24199999999997,16.527000000000015
46.24199999999997,16.584000000000014
46.24199999999997,16.641000000000012
46.24199999999997,16.69800000000001
46.24199999999997,16.75500000000001
46.28199999999997,12.99300000000001
46.28199999999997,13.05000000000001
46.28199999999997,13.10700000000001
46.28199999999997,13.16400000000001
46.28199999999997,13.22100000000001
46.28199999999997,13.278000000000011
46.28199999999997,13.335000000000012
46.28199999999997,13.392000000000012
46.28199999999997,13.449000000000012
46.28199999999997,13.506000000000013
46.28199999999997,13.563000000000011
46.28199999999997,13.620000000000012
46.28199999999997,13.677000000000014
46.28199999999997,13.734000000000014
46.28199999999997,13.791000000000016
46.28199999999997,13.848000000000017
46.28199999999997,13.905000000000015
46.28199999999997,13.962000000000016
46.28199999999997,14.019000000000016
46.28199999999997,14.076000000000016
46.28199999999997,14.133000000000017
46.28199999999997,14.190000000000015
46.28199999999997,14.247000000000018
46.28199999999997,14.304000000000018
46.28199999999997,14.361000000000018
46.28199999999997,14.41800000000002
46.28199999999997,14.47500000000002
46.28199999999997,14.53200000000002
46.28199999999997,14.58900000000002
46.28199999999997,14.64600000000002
46.28199999999997,14.70300000000002
46.28199999999997,14.76000000000002
46.28199999999997,14.81700000000002
46.28199999999997,14.874000000000022
46.28199999999997,14.931000000000022
46.28199999999997,14.988000000000024
46.28199999999997,15.045000000000025
46.28199999999997,15.102000000000023
46.28199999999997,15.159000000000024
46.28199999999997,15.216000000000024
46.28199999999997,15.273000000000025
46.28199999999997,15.330000000000023
46.28199999999997,15.387000000000024
46.28199999999997,15.444000000000026
46.28199999999997,15.501000000000026
46.28199999999997,15.558000000000026
46.28199999999997,15.615000000000029
46.28199999999997,15.672000000000027
46.28199999999997,15.729000000000028
46.28199999999997,15.786000000000028
46.28199999999997,15.843000000000028
46.28199999999997,15.900000000000029
46.28199999999997,15.95700000000003
46.28199999999997,16.014000000000028
46.28199999999997,16.071000000000026
46.28199999999997,16.128000000000025
46.28199999999997,16.185000000000024
46.28199999999997,16.242000000000022
46.28199999999997,16.29900000000002
46.28199999999997,16.35600000000002
46.28199999999997,16.413000000000018
46.28199999999997,16.470000000000017
46.28199999999997,16.527000000000015
46.28199999999997,16.584000000000014
46.28199999999997,16.641000000000012
46.28199999999997,16.69800000000001
46.28199999999997,16.75500000000001
46.32199999999997,12.99300000000001
46.32199999999997,13.05000000000001
46.32199999999997,13.10700000000001
46.32199999999997,13.16400000000001
46.32199999999997,13.22100000000001
46.32199999999997,13.278000000000011
46.32199999999997,13.335000000000012
46.32199999999997,13.392000000000012
46.32199999999997,13.449000000000012
46.32199999999997,13.506000000000013
46.32199999999997,13.563000000000011
46.32199999999997,13.620000000000012
46.32199999999997,13.677000000000014
46.32199999999997,13.734000000000014
46.32199999999997,13.791000000000016
46.32199999999997,13.848000000000017
46.32199999999997,13.905000000000015
46.32199999999997,13.962000000000016
46.32199999999997,14.019000000000016
46.32199999999997,14.076000000000016
46.32199999999997,14.133000000000017
46.32199999999997,14.190000000000015
46.32199999999997,14.247000000000018
46.32199999999997,14.304000000000018
46.32199999999997,14.361000000000018
46.32199999999997,14.41800000000002
46.32199999999997,14.47500000000002
46.32199999999997,14.53200000000002
46.32199999999997,14.58900000000002
46.32199999999997,14.64600000000002
46.32199999999997,14.70300000000002
46.32199999999997,14.76000000000002
46.32199999999997,14.81700000000002
46.32199999999997,14.874000000000022
46.32199999999997,14.931000000000022
46.32199999999997,14.988000000000024
46.32199999999997,15.045000000000025
46.32199999999997,15.102000000000023
46.32199999999997,15.159000000000024
46.32199999999997,15.216000000000024
46.32199999999997,15.273000000000025
46.32199999999997,15.330000000000023
46.32199999999997,15.387000000000024
46.32199999999997,15.444000000000026
46.32199999999997,15.501000000000026
46.32199999999997,15.558000000000026
46.32199999999997,15.615000000000029
46.32199999999997,15.672000000000027
46.32199999999997,15.729000000000028
46.32199999999997,15.786000000000028
46.32199999999997,15.843000000000028
46.32199999999997,15.900000000000029
46.32199999999997,15.95700000000003
46.32199999999997,16.014000000000028
46.32199999999997,16.071000000000026
46.32199999999997,16.128000000000025
46.32199999999997,16.185000000000024
46.32199999999997,16.242000000000022
46.32199999999997,16.29900000000002
46.32199999999997,16.35600000000002
46.32199999999997,16.413000000000018
46.32199999999997,16.470000000000017
46.32199999999997,16.527000000000015
46.32199999999997,16.584000000000014
46.32199999999997,16.641000000000012
46.32199999999997,16.69800000000001
46.32199999999997,16.75500000000001
46.361999999999966,12.99300000000001
46.361999999999966,13.05000000000001
46.361999999999966,13.10700000000001
46.361999999999966,13.16400000000001
46.361999999999966,13.22100000000001
46.361999999999966,13.278000000000011
46.361999999999966,13.335000000000012
46.361999999999966,13.392000000000012
46.361999999999966,13.449000000000012
46.361999999999966,13.506000000000013
46.361999999999966,13.563000000000011
46.361999999999966,13.620000000000012
46.361999999999966,13.677000000000014
46.361999999999966,13.734000000000014
46.361999999999966,13.791000000000016
46.361999999999966,13.848000000000017
46.361999999999966,13.905000000000015
46.361999999999966,13.962000000000016
46.361999999999966,14.019000000000016
46.361999999999966,14.076000000000016
46.361999999999966,14.133000000000017
46.361999999999966,14.190000000000015
46.361999999999966,14.247000000000018
46.361999999999966,14.304000000000018
46.361999999999966,14.361000000000018
46.361999999999966,14.41800000000002
46.361999999999966,14.47500000000002
46.361999999999966,14.53200000000002
46.361999999999966,14.58900000000002
46.361999999999966,14.64600000000002
46.361999999999966,14.70300000000002
46.361999999999966,14.76000000000002
46.361999999999966,14.81700000000002
46.361999999999966,14.874000000000022
46.361999999999966,14.931000000000022
46.361999999999966,14.988000000000024
46.361999999999966,15.045000000000025
46.361999999999966,15.102000000000023
46.361999999999966,15.159000000000024
46.361999999999966,15.216000000000024
46.361999999999966,15.273000000000025
46.361999999999966,15.330000000000023
46.361999999999966,15.387000000000024
46.361999999999966,15.444000000000026
46.361999999999966,15.501000000000026
46.361999999999966,15.558000000000026
46.361999999999966,15.615000000000029
46.361999999999966,15.672000000000027
46.361999999999966,15.729000000000028
46.361999999999966,15.786000000000028
46.361999999999966,15.843000000000028
46.361999999999966,15.900000000000029
46.361999999999966,15.95700000000003
46.361999999999966,16.014000000000028
46.361999999999966,16.071000000000026
46.361999999999966,16.128000000000025
46.361999999999966,16.185000000000024
46.361999999999966,16.242000000000022
46.361999999999966,16.29900000000002
46.361999999999966,16.35600000000002
46.361999999999966,16.413000000000018
46.361999999999966,16.470000000000017
46.361999999999966,16.527000000000015
46.361999999999966,16.584000000000014
46.361999999999966,16.641000000000012
46.361999999999966,16.69800000000001
46.361999999999966,16.75500000000001
46.401999999999965,12.99300000000001
46.401999999999965,13.05000000000001
46.401999999999965,13.10700000000001
46.401999999999965,13.16400000000001
46.401999999999965,13.22100000000001
46.401999999999965,13.278000000000011
46.401999999999965,13.335000000000012
46.401999999999965,13.392000000000012
46.401999999999965,13.449000000000012
46.401999999999965,13.506000000000013
46.401999999999965,13.563000000000011
46.401999999999965,13.620000000000012
46.401999999999965,13.677000000000014
46.401999999999965,13.734000000000014
46.401999999999965,13.791000000000016
46.401999999999965,13.848000000000017
46.401999999999965,13.905000000000015
46.401999999999965,13.962000000000016
46.401999999999965,14.019000000000016
46.401999999999965,14.076000000000016
46.401999999999965,14.133000000000017
46.401999999999965,14.190000000000015
46.401999999999965,14.247000000000018
46.401999999999965,14.304000000000018
46.401999999999965,14.361000000000018
46.401999999999965,14.41800000000002
46.401999999999965,14.47500000000002
46.401999999999965,14.53200000000002
46.401999999999965,14.58900000000002
46.401999999999965,14.64600000000002
46.401999999999965,14.70300000000002
46.401999999999965,14.76000000000002
46.401999999999965,14.81700000000002
46.401999999999965,14.874000000000022
46.401999999999965,14.931000000000022
46.401999999999965,14.988000000000024
46.401999999999965,15.045000000000025
46.401999999999965,15.102000000000023
46.401999999999965,15.159000000000024
46.401999999999965,15.216000000000024
46.401999999999965,15.273000000000025
46.401999999999965,15.330000000000023
46.401999999999965,15.387000000000024
46.401999999999965,15.444000000000026
46.401999999999965,15.501000000000026
46.401999999999965,15.558000000000026
46.401999999999965,15.615000000000029
46.401999999999965,15.672000000000027
46.401999999999965,15.729000000000028
46.401999999999965,15.786000000000028
46.401999999999965,15.843000000000028
46.401999999999965,15.900000000000029
46.401999999999965,15.95700000000003
46.401999999999965,16.014000000000028
46.401999999999965,16.071000000000026
46.401999999999965,16.128000000000025
46.401999999999965,16.185000000000024
46.401999999999965,16.242000000000022
46.401999999999965,16.29900000000002
46.401999999999965,16.35600000000002
46.401999999999965,16.413000000000018
46.401999999999965,16.470000000000017
46.401999999999965,16.527000000000015
46.401999999999965,16.584000000000014
46.401999999999965,16.641000000000012
46.401999999999965,16.69800000000001
46.401999999999965,16.75500000000001
46.441999999999965,12.99300000000001
46.441999999999965,13.05000000000001
46.441999999999965,13.10700000000001
46.441999999999965,13.16400000000001
46.441999999999965,13.22100000000001
46.441999999999965,13.278000000000011
46.441999999999965,13.335000000000012
46.441999999999965,13.392000000000012
46.441999999999965,13.449000000000012
46.441999999999965,13.506000000000013
46.441999999999965,13.563000000000011
46.441999999999965,13.620000000000012
46.441999999999965,13.677000000000014
46.441999999999965,13.734000000000014
46.441999999999965,13.791000000000016
46.441999999999965,13.848000000000017
46.441999999999965,13.905000000000015
46.441999999999965,13.962000000000016
46.441999999999965,14.019000000000016
46.441999999999965,14.076000000000016
46.441999999999965,14.133000000000017
46.441999999999965,14.190000000000015
46.441999999999965,14.247000000000018
46.441999999999965,14.304000000000018
46.441999999999965,14.361000000000018
46.441999999999965,14.41800000000002
46.441999999999965,14.47500000000002
46.441999999999965,14.53200000000002
46.441999999999965,14.58900000000002
46.441999999999965,14.64600000000002
46.441999999999965,14.70300000000002
46.441999999999965,14.76000000000002
46.441999999999965,14.81700000000002
46.441999999999965,14.874000000000022
46.441999999999965,14.931000000000022
46.441999999999965,14.988000000000024
46.441999999999965,15.045000000000025
46.441999999999965,15.102000000000023
46.441999999999965,15.159000000000024
46.441999999999965,15.216000000000024
46.441999999999965,15.273000000000025
46.441999999999965,15.330000000000023
46.441999999999965,15.387000000000024
46.441999999999965,15.444000000000026
46.441999999999965,15.501000000000026
46.441999999999965,15.558000000000026
46.441999999999965,15.615000000000029
46.441999999999965,15.672000000000027
46.441999999999965,15.729000000000028
46.441999999999965,15.786000000000028
46.441999999999965,15.843000000000028
46.441999999999965,15.900000000000029
46.441999999999965,15.95700000000003
46.441999999999965,16.014000000000028
46.441999999999965,16.071000000000026
46.441999999999965,16.128000000000025
46.441999999999965,16.185000000000024
46.441999999999965,16.242000000000022
46.441999999999965,16.29900000000002
46.441999999999965,16.35600000000002
46.441999999999965,16.413000000000018
46.441999999999965,16.470000000000017
46.441999999999965,16.527000000000015
46.441999999999965,16.584000000000014
46.441999999999965,16.641000000000012
46.441999999999965,16.69800000000001
46.441999999999965,16.75500000000001
46.48199999999997,12.99300000000001
46.48199999999997,13.05000000000001
46.48199999999997,13.10700000000001
46.48199999999997,13.16400000000001
46.48199999999997,13.22100000000001
46.48199999999997,13.278000000000011
46.48199999999997,13.335000000000012
46.48199999999997,13.392000000000012
46.48199999999997,13.449000000000012
46.48199999999997,13.506000000000013
46.48199999999997,13.563000000000011
46.48199999999997,13.620000000000012
46.48199999999997,13.677000000000014
46.48199999999997,13.734000000000014
46.48199999999997,13.791000000000016
46.48199999999997,13.848000000000017
46.48199999999997,13.905000000000015
46.48199999999997,13.962000000000016
46.48199999999997,14.019000000000016
46.48199999999997,14.076000000000016
46.48199999999997,14.133000000000017
46.48199999999997,14.190000000000015
46.48199999999997,14.247000000000018
46.48199999999997,14.304000000000018
46.48199999999997,14.361000000000018
46.48199999999997,14.41800000000002
46.48199999999997,14.47500000000002
46.48199999999997,14.53200000000002
46.48199999999997,14.58900000000002
46.48199999999997,14.64600000000002
46.48199999999997,14.70300000000002
46.48199999999997,14.76000000000002
46.48199999999997,14.81700000000002
46.48199999999997,14.874000000000022
46.48199999999997,14.931000000000022
46.48199999999997,14.988000000000024
46.48199999999997,15.045000000000025
46.48199999999997,15.102000000000023
46.48199999999997,15.159000000000024
46.48199999999997,15.216000000000024
46.48199999999997,15.273000000000025
46.48199999999997,15.330000000000023
46.48199999999997,15.387000000000024
46.48199999999997,15.444000000000026
46.48199999999997,15.501000000000026
46.48199999999997,15.558000000000026
46.48199999999997,15.615000000000029
46.48199999999997,15.672000000000027
46.48199999999997,15.729000000000028
46.48199999999997,15.786000000000028
46.48199999999997,15.843000000000028
46.48199999999997,15.900000000000029
46.48199999999997,15.95700000000003
46.48199999999997,16.014000000000028
46.48199999999997,16.071000000000026
46.48199999999997,16.128000000000025
46.48199999999997,16.185000000000024
46.48199999999997,16.242000000000022
46.48199999999997,16.29900000000002
46.48199999999997,16.35600000000002
46.48199999999997,16.413000000000018
46.48199999999997,16.470000000000017
46.48199999999997,16.527000000000015
46.48199999999997,16.584000000000014
46.48199999999997,16.641000000000012
46.48199999999997,16.69800000000001
46.48199999999997,16.75500000000001
46.52199999999996,12.99300000000001
46.52199999999996,13.05000000000001
46.52199999999996,13.10700000000001
46.52199999999996,13.16400000000001
46.52199999999996,13.22100000000001
46.52199999999996,13.278000000000011
46.52199999999996,13.335000000000012
46.52199999999996,13.392000000000012
46.52199999999996,13.449000000000012
46.52199999999996,13.506000000000013
46.52199999999996,13.563000000000011
46.52199999999996,13.620000000000012
46.52199999999996,13.677000000000014
46.52199999999996,13.734000000000014
46.52199999999996,13.791000000000016
46.52199999999996,13.848000000000017
46.52199999999996,13.905000000000015
46.52199999999996,13.962000000000016
46.52199999999996,14.019000000000016
46.52199999999996,14.076000000000016
46.52199999999996,14.133000000000017
46.52199999999996,14.190000000000015
46.52199999999996,14.247000000000018
46.52199999999996,14.304000000000018
46.52199999999996,14.361000000000018
46.52199999999996,14.41800000000002
46.52199999999996,14.47500000000002
46.52199999999996,14.53200000000002
46.52199999999996,14.58900000000002
46.52199999999996,14.64600000000002
46.52199999999996,14.70300000000002
46.52199999999996,14.76000000000002
46.52199999999996,14.81700000000002
46.52199999999996,14.874000000000022
46.52199999999996,14.931000000000022
46.52199999999996,14.988000000000024
46.52199999999996,15.045000000000025
46.52199999999996,15.102000000000023
46.52199999999996,15.159000000000024
46.52199999999996,15.216000000000024
46.52199999999996,15.273000000000025
46.52199999999996,15.330000000000023
46.52199999999996,15.387000000000024
46.52199999999996,15.444000000000026
46.52199999999996,15.501000000000026
46.52199999999996,15.558000000000026
46.52199999999996,15.615000000000029
46.52199999999996,15.672000000000027
46.52199999999996,15.729000000000028
46.52199999999996,15.786000000000028
46.52199999999996,15.843000000000028
46.52199999999996,15.900000000000029
46.52199999999996,15.95700000000003
46.52199999999996,16.014000000000028
46.52199999999996,16.071000000000026
46.52199999999996,16.128000000000025
46.52199999999996,16.185000000000024
46.52199999999996,16.242000000000022
46.52199999999996,16.29900000000002
46.52199999999996,16.35600000000002
46.52199999999996,16.413000000000018
46.52199999999996,16.470000000000017
46.52199999999996,16.527000000000015
46.52199999999996,16.584000000000014
46.52199999999996,16.641000000000012
46.52199999999996,16.69800000000001
46.52199999999996,16.75500000000001
46.56199999999996,12.99300000000001
46.56199999999996,13.05000000000001
46.56199999999996,13.10700000000001
46.56199999999996,13.16400000000001
46.56199999999996,13.22100000000001
46.56199999999996,13.278000000000011
46.56199999999996,13.335000000000012
46.56199999999996,13.392000000000012
46.56199999999996,13.449000000000012
46.56199999999996,13.506000000000013
46.56199999999996,13.563000000000011
46.56199999999996,13.620000000000012
46.56199999999996,13.677000000000014
46.56199999999996,13.734000000000014
46.56199999999996,13.791000000000016
46.56199999999996,13.848000000000017
46.56199999999996,13.905000000000015
46.56199999999996,13.962000000000016
46.56199999999996,14.019000000000016
46.56199999999996,14.076000000000016
46.56199999999996,14.133000000000017
46.56199999999996,14.190000000000015
46.56199999999996,14.247000000000018
46.56199999999996,14.304000000000018
46.56199999999996,14.361000000000018
46.56199999999996,14.41800000000002
46.56199999999996,14.47500000000002
46.56199999999996,14.53200000000002
46.56199999999996,14.58900000000002
46.56199999999996,14.64600000000002
46.56199999999996,14.70300000000002
46.56199999999996,14.76000000000002
46.56199999999996,14.81700000000002
46.56199999999996,14.874000000000022
46.56199999999996,14.931000000000022
46.56199999999996,14.988000000000024
46.56199999999996,15.045000000000025
46.56199999999996,15.102000000000023
46.56199999999996,15.159000000000024
46.56199999999996,15.216000000000024
46.56199999999996,15.273000000000025
46.56199999999996,15.330000000000023
46.56199999999996,15.387000000000024
46.56199999999996,15.444000000000026
46.56199999999996,15.501000000000026
46.56199999999996,15.558000000000026
46.56199999999996,15.615000000000029
46.56199999999996,15.672000000000027
46.56199999999996,15.729000000000028
46.56199999999996,15.786000000000028
46.56199999999996,15.843000000000028
46.56199999999996,15.900000000000029
46.56199999999996,15.95700000000003
46.56199999999996,16.014000000000028
46.56199999999996,16.071000000000026
46.56199999999996,16.128000000000025
46.56199999999996,16.185000000000024
46.56199999999996,16.242000000000022
46.56199999999996,16.29900000000002
46.56199999999996,16.35600000000002
46.56199999999996,16.413000000000018
46.56199999999996,16.470000000000017
46.56199999999996,16.527000000000015
46.56199999999996,16.584000000000014
46.56199999999996,16.641000000000012
46.56199999999996,16.69800000000001
46.56199999999996,16.75500000000001
46.60199999999996,12.99300000000001
46.60199999999996,13.05000000000001
46.60199999999996,13.10700000000001
46.60199999999996,13.16400000000001
46.60199999999996,13.22100000000001
46.60199999999996,13.278000000000011
46.60199999999996,13.335000000000012
46.60199999999996,13.392000000000012
46.60199999999996,13.449000000000012
46.60199999999996,13.506000000000013
46.60199999999996,13.563000000000011
46.60199999999996,13.620000000000012
46.60199999999996,13.677000000000014
46.60199999999996,13.734000000000014
46.60199999999996,13.791000000000016
46.60199999999996,13.848000000000017
46.60199999999996,13.905000000000015
46.60199999999996,13.962000000000016
46.60199999999996,14.019000000000016
46.60199999999996,14.076000000000016
46.60199999999996,14.133000000000017
46.60199999999996,14.190000000000015
46.60199999999996,14.247000000000018
46.60199999999996,14.304000000000018
46.60199999999996,14.361000000000018
46.60199999999996,14.41800000000002
46.60199999999996,14.47500000000002
46.60199999999996,14.53200000000002
46.60199999999996,14.58900000000002
46.60199999999996,14.64600000000002
46.60199999999996,14.70300000000002
46.60199999999996,14.76000000000002
46.60199999999996,14.81700000000002
46.60199999999996,14.874000000000022
46.60199999999996,14.931000000000022
46.60199999999996,14.988000000000024
46.60199999999996,15.045000000000025
46.60199999999996,15.102000000000023
46.60199999999996,15.159000000000024
46.60199999999996,15.216000000000024
46.60199999999996,15.273000000000025
46.60199999999996,15.330000000000023
46.60199999999996,15.387000000000024
46.60199999999996,15.444000000000026
46.60199999999996,15.501000000000026
46.60199999999996,15.558000000000026
46.60199999999996,15.615000000000029
46.60199999999996,15.672000000000027
46.60199999999996,15.729000000000028
46.60199999999996,15.786000000000028
46.60199999999996,15.843000000000028
46.60199999999996,15.900000000000029
46.60199999999996,15.95700000000003
46.60199999999996,16.014000000000028
46.60199999999996,16.071000000000026
46.60199999999996,16.128000000000025
46.60199999999996,16.185000000000024
46.60199999999996,16.242000000000022
46.60199999999996,16.29900000000002
46.60199999999996,16.35600000000002
46.60199999999996,16.413000000000018
46.60199999999996,16.470000000000017
46.60199999999996,16.527000000000015
46.60199999999996,16.584000000000014
46.60199999999996,16.641000000000012
46.60199999999996,16.69800000000001
46.60199999999996,16.75500000000001
46.64199999999996,12.99300000000001
46.64199999999996,13.05000000000001
46.64199999999996,13.10700000000001
46.64199999999996,13.16400000000001
46.64199999999996,13.22100000000001
46.64199999999996,13.278000000000011
46.64199999999996,13.335000000000012
46.64199999999996,13.392000000000012
46.64199999999996,13.449000000000012
46.64199999999996,13.506000000000013
46.64199999999996,13.563000000000011
46.64199999999996,13.620000000000012
46.64199999999996,13.677000000000014
46.64199999999996,13.734000000000014
46.64199999999996,13.791000000000016
46.64199999999996,13.848000000000017
46.64199999999996,13.905000000000015
46.64199999999996,13.962000000000016
46.64199999999996,14.019000000000016
46.64199999999996,14.076000000000016
46.64199999999996,14.133000000000017
46.64199999999996,14.190000000000015
46.64199999999996,14.247000000000018
46.64199999999996,14.304000000000018
46.64199999999996,14.361000000000018
46.64199999999996,14.41800000000002
46.64199999999996,14.47500000000002
46.64199999999996,14.53200000000002
46.64199999999996,14.58900000000002
46.64199999999996,14.64600000000002
46.64199999999996,14.70300000000002
46.64199999999996,14.76000000000002
46.64199999999996,14.81700000000002
46.64199999999996,14.874000000000022
46.64199999999996,14.931000000000022
46.64199999999996,14.988000000000024
46.64199999999996,15.045000000000025
46.64199999999996,15.102000000000023
46.64199999999996,15.159000000000024
46.64199999999996,15.216000000000024
46.64199999999996,15.273000000000025
46.64199999999996,15.330000000000023
46.64199999999996,15.387000000000024
46.64199999999996,15.444000000000026
46.64199999999996,15.501000000000026
46.64199999999996,15.558000000000026
46.64199999999996,15.615000000000029
46.64199999999996,15.672000000000027
46.64199999999996,15.729000000000028
46.64199999999996,15.786000000000028
46.64199999999996,15.843000000000028
46.64199999999996,15.900000000000029
46.64199999999996,15.95700000000003
46.64199999999996,16.014000000000028
46.64199999999996,16.071000000000026
46.64199999999996,16.128000000000025
46.64199999999996,16.185000000000024
46.64199999999996,16.242000000000022
46.64199999999996,16.29900000000002
46.64199999999996,16.35600000000002
46.64199999999996,16.413000000000018
46.64199999999996,16.470000000000017
46.64199999999996,16.527000000000015
46.64199999999996,16.584000000000014
46.64199999999996,16.641000000000012
46.64199999999996,16.69800000000001
46.64199999999996,16.75500000000001
46.68199999999996,12.99300000000001
46.68199999999996,13.05000000000001
46.68199999999996,13.10700000000001
46.68199999999996,13.16400000000001
46.68199999999996,13.22100000000001
46.68199999999996,13.278000000000011
46.68199999999996,13.335000000000012
46.68199999999996,13.392000000000012
46.68199999999996,13.449000000000012
46.68199999999996,13.506000000000013
46.68199999999996,13.563000000000011
46.68199999999996,13.620000000000012
46.68199999999996,13.677000000000014
46.68199999999996,13.734000000000014
46.68199999999996,13.791000000000016
46.68199999999996,13.848000000000017
46.68199999999996,13.905000000000015
46.68199999999996,13.962000000000016
46.68199999999996,14.019000000000016
46.68199999999996,14.076000000000016
46.68199999999996,14.133000000000017
46.68199999999996,14.190000000000015
46.68199999999996,14.247000000000018
46.68199999999996,14.304000000000018
46.68199999999996,14.361000000000018
46.68199999999996,14.41800000000002
46.68199999999996,14.47500000000002
46.68199999999996,14.53200000000002
46.68199999999996,14.58900000000002
46.68199999999996,14.64600000000002
46.68199999999996,14.70300000000002
46.68199999999996,14.76000000000002
46.68199999999996,14.81700000000002
46.68199999999996,14.874000000000022
46.68199999999996,14.931000000000022
46.68199999999996,14.988000000000024
46.68199999999996,15.045000000000025
46.68199999999996,15.102000000000023
46.68199999999996,15.159000000000024
46.68199999999996,15.216000000000024
46.68199999999996,15.273000000000025
46.68199999999996,15.330000000000023
46.68199999999996,15.387000000000024
46.68199999999996,15.444000000000026
46.68199999999996,15.501000000000026
46.68199999999996,15.558000000000026
46.68199999999996,15.615000000000029
46.68199999999996,15.672000000000027
46.68199999999996,15.729000000000028
46.68199999999996,15.786000000000028
46.68199999999996,15.843000000000028
46.68199999999996,15.900000000000029
46.68199999999996,15.95700000000003
46.68199999999996,16.014000000000028
46.68199999999996,16.071000000000026
46.68199999999996,16.128000000000025
46.68199999999996,16.185000000000024
46.68199999999996,16.242000000000022
46.68199999999996,16.29900000000002
46.68199999999996,16.35600000000002
46.68199999999996,16.413000000000018
46.68199999999996,16.470000000000017
46.68199999999996,16.527000000000015
46.68199999999996,16.584000000000014
46.68199999999996,16.641000000000012
46.68199999999996,16.69800000000001
46.68199999999996,16.75500000000001
46.72199999999996,12.99300000000001
46.72199999999996,13.05000000000001
46.72199999999996,13.10700000000001
46.72199999999996,13.16400000000001
46.72199999999996,13.22100000000001
46.72199999999996,13.278000000000011
46.72199999999996,13.335000000000012
46.72199999999996,13.392000000000012
46.72199999999996,13.449000000000012
46.72199999999996,13.506000000000013
46.72199999999996,13.563000000000011
46.72199999999996,13.620000000000012
46.72199999999996,13.677000000000014
46.72199999999996,13.734000000000014
46.72199999999996,13.791000000000016
46.72199999999996,13.848000000000017
46.72199999999996,13.905000000000015
46.72199999999996,13.962000000000016
46.72199999999996,14.019000000000016
46.72199999999996,14.076000000000016
46.72199999999996,14.133000000000017
46.72199999999996,14.190000000000015
46.72199999999996,14.247000000000018
46.72199999999996,14.304000000000018
46.72199999999996,14.361000000000018
46.72199999999996,14.41800000000002
46.72199999999996,14.47500000000002
46.72199999999996,14.53200000000002
46.72199999999996,14.58900000000002
46.72199999999996,14.64600000000002
46.72199999999996,14.70300000000002
46.72199999999996,14.76000000000002
46.72199999999996,14.81700000000002
46.72199999999996,14.874000000000022
46.72199999999996,14.931000000000022
46.72199999999996,14.988000000000024
46.72199999999996,15.045000000000025
46.72199999999996,15.102000000000023
46.72199999999996,15.159000000000024
46.72199999999996,15.216000000000024
46.72199999999996,15.273000000000025
46.72199999999996,15.330000000000023
46.72199999999996,15.387000000000024
46.72199999999996,15.444000000000026
46.72199999999996,15.501000000000026
46.72199999999996,15.558000000000026
46.72199999999996,15.615000000000029
46.72199999999996,15.672000000000027
46.72199999999996,15.729000000000028
46.72199999999996,15.786000000000028
46.72199999999996,15.843000000000028
46.72199999999996,15.900000000000029
46.72199999999996,15.95700000000003
46.72199999999996,16.014000000000028
46.72199999999996,16.071000000000026
46.72199999999996,16.128000000000025
46.72199999999996,16.185000000000024
46.72199999999996,16.242000000000022
46.72199999999996,16.29900000000002
46.72199999999996,16.35600000000002
46.72199999999996,16.413000000000018
46.72199999999996,16.470000000000017
46.72199999999996,16.527000000000015
46.72199999999996,16.584000000000014
46.72199999999996,16.641000000000012
46.72199999999996,16.69800000000001
46.72199999999996,16.75500000000001
46.76199999999996,12.99300000000001
46.76199999999996,13.05000000000001
46.76199999999996,13.10700000000001
46.76199999999996,13.16400000000001
46.76199999999996,13.22100000000001
46.76199999999996,13.278000000000011
46.76199999999996,13.335000000000012
46.76199999999996,13.392000000000012
46.76199999999996,13.449000000000012
46.76199999999996,13.506000000000013
46.76199999999996,13.563000000000011
46.76199999999996,13.620000000000012
46.76199999999996,13.677000000000014
46.76199999999996,13.734000000000014
46.76199999999996,13.791000000000016
46.76199999999996,13.848000000000017
46.76199999999996,13.905000000000015
46.76199999999996,13.962000000000016
46.76199999999996,14.019000000000016
46.76199999999996,14.076000000000016
46.76199999999996,14.133000000000017
46.76199999999996,14.190000000000015
46.76199999999996,14.247000000000018
46.76199999999996,14.304000000000018
46.76199999999996,14.361000000000018
46.76199999999996,14.41800000000002
46.76199999999996,14.47500000000002
46.76199999999996,14.53200000000002
46.76199999999996,14.58900000000002
46.76199999999996,14.64600000000002
46.76199999999996,14.70300000000002
46.76199999999996,14.76000000000002
46.76199999999996,14.81700000000002
46.76199999999996,14.874000000000022
46.76199999999996,14.931000000000022
46.76199999999996,14.988000000000024
46.76199999999996,15.045000000000025
46.76199999999996,15.102000000000023
46.76199999999996,15.159000000000024
46.76199999999996,15.216000000000024
46.76199999999996,15.273000000000025
46.76199999999996,15.330000000000023
46.76199999999996,15.387000000000024
46.76199999999996,15.444000000000026
46.76199999999996,15.501000000000026
46.76199999999996,15.558000000000026
46.76199999999996,15.615000000000029
46.76199999999996,15.672000000000027
46.76199999999996,15.729000000000028
46.76199999999996,15.786000000000028
46.76199999999996,15.843000000000028
46.76199999999996,15.900000000000029
46.76199999999996,15.95700000000003
46.76199999999996,16.014000000000028
46.76199999999996,16.071000000000026
46.76199999999996,16.128000000000025
46.76199999999996,16.185000000000024
46.76199999999996,16.242000000000022
46.76199999999996,16.29900000000002
46.76199999999996,16.35600000000002
46.76199999999996,16.413000000000018
46.76199999999996,16.470000000000017
46.76199999999996,16.527000000000015
46.76199999999996,16.584000000000014
46.76199999999996,16.641000000000012
46.76199999999996,16.69800000000001
46.76199999999996,16.75500000000001
46.80199999999996,12.99300000000001
46.80199999999996,13.05000000000001
46.80199999999996,13.10700000000001
46.80199999999996,13.16400000000001
46.80199999999996,13.22100000000001
46.80199999999996,13.278000000000011
46.80199999999996,13.335000000000012
46.80199999999996,13.392000000000012
46.80199999999996,13.449000000000012
46.80199999999996,13.506000000000013
46.80199999999996,13.563000000000011
46.80199999999996,13.620000000000012
46.80199999999996,13.677000000000014
46.80199999999996,13.734000000000014
46.80199999999996,13.791000000000016
46.80199999999996,13.848000000000017
46.80199999999996,13.905000000000015
46.80199999999996,13.962000000000016
46.80199999999996,14.019000000000016
46.80199999999996,14.076000000000016
46.80199999999996,14.133000000000017
46.80199999999996,14.190000000000015
46.80199999999996,14.247000000000018
46.80199999999996,14.304000000000018
46.80199999999996,14.361000000000018
46.80199999999996,14.41800000000002
46.80199999999996,14.47500000000002
46.80199999999996,14.53200000000002
46.80199999999996,14.58900000000002
46.80199999999996,14.64600000000002
46.80199999999996,14.70300000000002
46.80199999999996,14.76000000000002
46.80199999999996,14.81700000000002
46.80199999999996,14.874000000000022
46.80199999999996,14.931000000000022
46.80199999999996,14.988000000000024
46.80199999999996,15.045000000000025
46.80199999999996,15.102000000000023
46.80199999999996,15.159000000000024
46.80199999999996,15.216000000000024
46.80199999999996,15.273000000000025
46.80199999999996,15.330000000000023
46.80199999999996,15.387000000000024
46.80199999999996,15.444000000000026
46.80199999999996,15.501000000000026
46.80199999999996,15.558000000000026
46.80199999999996,15.615000000000029
46.80199999999996,15.672000000000027
46.80199999999996,15.729000000000028
46.80199999999996,15.786000000000028
46.80199999999996,15.843000000000028
46.80199999999996,15.900000000000029
46.80199999999996,15.95700000000003
46.80199999999996,16.014000000000028
46.80199999999996,16.071000000000026
46.80199999999996,16.128000000000025
46.80199999999996,16.185000000000024
46.80199999999996,16.242000000000022
46.80199999999996,16.29900000000002
46.80199999999996,16.35600000000002
46.80199999999996,16.413000000000018
46.80199999999996,16.470000000000017
46.80199999999996,16.527000000000015
46.80199999999996,16.584000000000014
46.80199999999996,16.641000000000012
46.80199999999996,16.69800000000001
46.80199999999996,16.75500000000001
46.84199999999996,12.99300000000001
46.84199999999996,13.05000000000001
46.84199999999996,13.10700000000001
46.84199999999996,13.16400000000001
46.84199999999996,13.22100000000001
46.84199999999996,13.278000000000011
46.84199999999996,13.335000000000012
46.84199999999996,13.392000000000012
46.84199999999996,13.449000000000012
46.84199999999996,13.506000000000013
46.84199999999996,13.563000000000011
46.84199999999996,13.620000000000012
46.84199999999996,13.677000000000014
46.84199999999996,13.734000000000014
46.84199999999996,13.791000000000016
46.84199999999996,13.848000000000017
46.84199999999996,13.905000000000015
46.84199999999996,13.962000000000016
46.84199999999996,14.019000000000016
46.84199999999996,14.076000000000016
46.84199999999996,14.133000000000017
46.84199999999996,14.190000000000015
46.84199999999996,14.247000000000018
46.84199999999996,14.304000000000018
46.84199999999996,14.361000000000018
46.84199999999996,14.41800000000002
46.84199999999996,14.47500000000002
46.84199999999996,14.53200000000002
46.84199999999996,14.58900000000002
46.84199999999996,14.64600000000002
46.84199999999996,14.70300000000002
46.84199999999996,14.76000000000002
46.84199999999996,14.81700000000002
46.84199999999996,14.874000000000022
46.84199999999996,14.931000000000022
46.84199999999996,14.988000000000024
46.84199999999996,15.045000000000025
46.84199999999996,15.102000000000023
46.84199999999996,15.159000000000024
46.84199999999996,15.216000000000024
46.84199999999996,15.273000000000025
46.84199999999996,15.330000000000023
46.84199999999996,15.387000000000024
46.84199999999996,15.444000000000026
46.84199999999996,15.501000000000026
46.84199999999996,15.558000000000026
46.84199999999996,15.615000000000029
46.84199999999996,15.672000000000027
46.84199999999996,15.729000000000028
46.84199999999996,15.786000000000028
46.84199999999996,15.843000000000028
46.84199999999996,15.900000000000029
46.84199999999996,15.95700000000003
46.84199999999996,16.014000000000028
46.84199999999996,16.071000000000026
46.84199999999996,16.128000000000025
46.84199999999996,16.185000000000024
46.84199999999996,16.242000000000022
46.84199999999996,16.29900000000002
46.84199999999996,16.35600000000002
46.84199999999996,16.413000000000018
46.84199999999996,16.470000000000017
46.84199999999996,16.527000000000015
46.84199999999996,16.584000000000014
46.84199999999996,16.641000000000012
46.84199999999996,16.69800000000001
46.84199999999996,16.75500000000001
46.88199999999996,12.99300000000001
46.88199999999996,13.05000000000001
46.88199999999996,13.10700000000001
46.88199999999996,13.16400000000001
46.88199999999996,13.22100000000001
46.88199999999996,13.278000000000011
46.88199999999996,13.335000000000012
46.88199999999996,13.392000000000012
46.88199999999996,13.449000000000012
46.88199999999996,13.506000000000013
46.88199999999996,13.563000000000011
46.88199999999996,13.620000000000012
46.88199999999996,13.677000000000014
46.88199999999996,13.734000000000014
46.88199999999996,13.791000000000016
46.88199999999996,13.848000000000017
46.88199999999996,13.905000000000015
46.88199999999996,13.962000000000016
46.88199999999996,14.019000000000016
46.88199999999996,14.076000000000016
46.88199999999996,14.133000000000017
46.88199999999996,14.190000000000015
46.88199999999996,14.247000000000018
46.88199999999996,14.304000000000018
46.88199999999996,14.361000000000018
46.88199999999996,14.41800000000002
46.88199999999996,14.47500000000002
46.88199999999996,14.53200000000002
46.88199999999996,14.58900000000002
46.88199999999996,14.64600000000002
46.88199999999996,14.70300000000002
46.88199999999996,14.76000000000002
46.88199999999996,14.81700000000002
46.88199999999996,14.874000000000022
46.88199999999996,14.931000000000022
46.88199999999996,14.988000000000024
46.88199999999996,15.045000000000025
46.88199999999996,15.102000000000023
46.88199999999996,15.159000000000024
46.88199999999996,15.216000000000024
46.88199999999996,15.273000000000025
46.88199999999996,15.330000000000023
46.88199999999996,15.387000000000024
46.88199999999996,15.444000000000026
46.88199999999996,15.501000000000026
46.88199999999996,15.558000000000026
46.88199999999996,15.615000000000029
46.88199999999996,15.672000000000027
46.88199999999996,15.729000000000028
46.88199999999996,15.786000000000028
46.88199999999996,15.843000000000028
46.88199999999996,15.900000000000029
46.88199999999996,15.95700000000003
46.88199999999996,16.014000000000028
46.88199999999996,16.071000000000026
46.88199999999996,16.128000000000025
46.88199999999996,16.185000000000024
46.88199999999996,16.242000000000022
46.88199999999996,16.29900000000002
46.88199999999996,16.35600000000002
46.88199999999996,16.413000000000018
46.88199999999996,16.470000000000017
46.88199999999996,16.527000000000015
46.88199999999996,16.584000000000014
46.88199999999996,16.641000000000012
46.88199999999996,16.69800000000001
46.88199999999996,16.75500000000001
46.921999999999954,12.99300000000001
46.921999999999954,13.05000000000001
46.921999999999954,13.10700000000001
46.921999999999954,13.16400000000001
46.921999999999954,13.22100000000001
46.921999999999954,13.278000000000011
46.921999999999954,13.335000000000012
46.921999999999954,13.392000000000012
46.921999999999954,13.449000000000012
46.921999999999954,13.506000000000013
46.921999999999954,13.563000000000011
46.921999999999954,13.620000000000012
46.921999999999954,13.677000000000014
46.921999999999954,13.734000000000014
46.921999999999954,13.791000000000016
46.921999999999954,13.848000000000017
46.921999999999954,13.905000000000015
46.921999999999954,13.962000000000016
46.921999999999954,14.019000000000016
46.921999999999954,14.076000000000016
46.921999999999954,14.133000000000017
46.921999999999954,14.190000000000015
46.921999999999954,14.247000000000018
46.921999999999954,14.304000000000018
46.921999999999954,14.361000000000018
46.921999999999954,14.41800000000002
46.921999999999954,14.47500000000002
46.921999999999954,14.53200000000002
46.921999999999954,14.58900000000002
46.921999999999954,14.64600000000002
46.921999999999954,14.70300000000002
46.921999999999954,14.76000000000002
46.921999999999954,14.81700000000002
46.921999999999954,14.874000000000022
46.921999999999954,14.931000000000022
46.921999999999954,14.988000000000024
46.921999999999954,15.045000000000025
46.921999999999954,15.102000000000023
46.921999999999954,15.159000000000024
46.921999999999954,15.216000000000024
46.921999999999954,15.273000000000025
46.921999999999954,15.330000000000023
46.921999999999954,15.387000000000024
46.921999999999954,15.444000000000026
46.921999999999954,15.501000000000026
46.921999999999954,15.558000000000026
46.921999999999954,15.615000000000029
46.921999999999954,15.672000000000027
46.921999999999954,15.729000000000028
46.921999999999954,15.786000000000028
46.921999999999954,15.843000000000028
46.921999999999954,15.900000000000029
46.921999999999954,15.95700000000003
46.921999999999954,16.014000000000028
46.921999999999954,16.071000000000026
46.921999999999954,16.128000000000025
46.921999999999954,16.185000000000024
46.921999999999954,16.242000000000022
46.921999999999954,16.29900000000002
46.921999999999954,16.35600000000002
46.921999999999954,16.413000000000018
46.921999999999954,16.470000000000017
46.921999999999954,16.527000000000015
46.921999999999954,16.584000000000014
46.921999999999954,16.641000000000012
46.921999999999954,16.69800000000001
46.921999999999954,16.75500000000001
46.961999999999954,12.99300000000001
46.961999999999954,13.05000000000001
46.961999999999954,13.10700000000001
46.961999999999954,13.16400000000001
46.961999999999954,13.22100000000001
46.961999999999954,13.278000000000011
46.961999999999954,13.335000000000012
46.961999999999954,13.392000000000012
46.961999999999954,13.449000000000012
46.961999999999954,13.506000000000013
46.961999999999954,13.563000000000011
46.961999999999954,13.620000000000012
46.961999999999954,13.677000000000014
46.961999999999954,13.734000000000014
46.961999999999954,13.791000000000016
46.961999999999954,13.848000000000017
46.961999999999954,13.905000000000015
46.961999999999954,13.962000000000016
46.961999999999954,14.019000000000016
46.961999999999954,14.076000000000016
46.961999999999954,14.133000000000017
46.961999999999954,14.190000000000015
46.961999999999954,14.247000000000018
46.961999999999954,14.304000000000018
46.961999999999954,14.361000000000018
46.961999999999954,14.41800000000002
46.961999999999954,14.47500000000002
46.961999999999954,14.53200000000002
46.961999999999954,14.58900000000002
46.961999999999954,14.64600000000002
46.961999999999954,14.70300000000002
46.961999999999954,14.76000000000002
46.961999999999954,14.81700000000002
46.961999999999954,14.874000000000022
46.961999999999954,14.931000000000022
46.961999999999954,14.988000000000024
46.961999999999954,15.045000000000025
46.961999999999954,15.102000000000023
46.961999999999954,15.159000000000024
46.961999999999954,15.216000000000024
46.961999999999954,15.273000000000025
46.961999999999954,15.330000000000023
46.961999999999954,15.387000000000024
46.961999999999954,15.444000000000026
46.961999999999954,15.501000000000026
46.961999999999954,15.558000000000026
46.961999999999954,15.615000000000029
46.961999999999954,15.672000000000027
46.961999999999954,15.729000000000028
46.961999999999954,15.786000000000028
46.961999999999954,15.843000000000028
46.961999999999954,15.900000000000029
46.961999999999954,15.95700000000003
46.961999999999954,16.014000000000028
46.961999999999954,16.071000000000026
46.961999999999954,16.128000000000025
46.961999999999954,16.185000000000024
46.961999999999954,16.242000000000022
46.961999999999954,16.29900000000002
46.961999999999954,16.35600000000002
46.961999999999954,16.413000000000018
46.961999999999954,16.470000000000017
46.961999999999954,16.527000000000015
46.961999999999954,16.584000000000014
46.961999999999954,16.641000000000012
46.961999999999954,16.69800000000001
46.961999999999954,16.75500000000001
47.00199999999995,12.99300000000001
47.00199999999995,13.05000000000001
47.00199999999995,13.10700000000001
47.00199999999995,13.16400000000001
47.00199999999995,13.22100000000001
47.00199999999995,13.278000000000011
47.00199999999995,13.335000000000012
47.00199999999995,13.392000000000012
47.00199999999995,13.449000000000012
47.00199999999995,13.506000000000013
47.00199999999995,13.563000000000011
47.00199999999995,13.620000000000012
47.00199999999995,13.677000000000014
47.00199999999995,13.734000000000014
47.00199999999995,13.791000000000016
47.00199999999995,13.848000000000017
47.00199999999995,13.905000000000015
47.00199999999995,13.962000000000016
47.00199999999995,14.019000000000016
47.00199999999995,14.076000000000016
47.00199999999995,14.133000000000017
47.00199999999995,14.190000000000015
47.00199999999995,14.247000000000018
47.00199999999995,14.304000000000018
47.00199999999995,14.361000000000018
47.00199999999995,14.41800000000002
47.00199999999995,14.47500000000002
47.00199999999995,14.53200000000002
47.00199999999995,14.58900000000002
47.00199999999995,14.64600000000002
47.00199999999995,14.70300000000002
47.00199999999995,14.76000000000002
47.00199999999995,14.81700000000002
47.00199999999995,14.874000000000022
47.00199999999995,14.931000000000022
47.00199999999995,14.988000000000024
47.00199999999995,15.045000000000025
47.00199999999995,15.102000000000023
47.00199999999995,15.159000000000024
47.00199999999995,15.216000000000024
47.00199999999995,15.273000000000025
47.00199999999995,15.330000000000023
47.00199999999995,15.387000000000024
47.00199999999995,15.444000000000026
47.00199999999995,15.501000000000026
47.00199999999995,15.558000000000026
47.00199999999995,15.615000000000029
47.00199999999995,15.672000000000027
47.00199999999995,15.729000000000028
47.00199999999995,15.786000000000028
47.00199999999995,15.843000000000028
47.00199999999995,15.900000000000029
47.00199999999995,15.95700000000003
47.00199999999995,16.014000000000028
47.00199999999995,16.071000000000026
47.00199999999995,16.128000000000025
47.00199999999995,16.185000000000024
47.00199999999995,16.242000000000022
47.00199999999995,16.29900000000002
47.00199999999995,16.35600000000002
47.00199999999995,16.413000000000018
47.00199999999995,16.470000000000017
47.00199999999995,16.527000000000015
47.00199999999995,16.584000000000014
47.00199999999995,16.641000000000012
47.00199999999995,16.69800000000001
47.00199999999995,16.75500000000001
47.04199999999995,12.99300000000001
47.04199999999995,13.05000000000001
47.04199999999995,13.10700000000001
47.04199999999995,13.16400000000001
47.04199999999995,13.22100000000001
47.04199999999995,13.278000000000011
47.04199999999995,13.335000000000012
47.04199999999995,13.392000000000012
47.04199999999995,13.449000000000012
47.04199999999995,13.506000000000013
47.04199999999995,13.563000000000011
47.04199999999995,13.620000000000012
47.04199999999995,13.677000000000014
47.04199999999995,13.734000000000014
47.04199999999995,13.791000000000016
47.04199999999995,13.848000000000017
47.04199999999995,13.905000000000015
47.04199999999995,13.962000000000016
47.04199999999995,14.019000000000016
47.04199999999995,14.076000000000016
47.04199999999995,14.133000000000017
47.04199999999995,14.190000000000015
47.04199999999995,14.247000000000018
47.04199999999995,14.304000000000018
47.04199999999995,14.361000000000018
47.04199999999995,14.41800000000002
47.04199999999995,14.47500000000002
47.04199999999995,14.53200000000002
47.04199999999995,14.58900000000002
47.04199999999995,14.64600000000002
47.04199999999995,14.70300000000002
47.04199999999995,14.76000000000002
47.04199999999995,14.81700000000002
47.04199999999995,14.874000000000022
47.04199999999995,14.931000000000022
47.04199999999995,14.988000000000024
47.04199999999995,15.045000000000025
47.04199999999995,15.102000000000023
47.04199999999995,15.159000000000024
47.04199999999995,15.216000000000024
47.04199999999995,15.273000000000025
47.04199999999995,15.330000000000023
47.04199999999995,15.387000000000024
47.04199999999995,15.444000000000026
47.04199999999995,15.501000000000026
47.04199999999995,15.558000000000026
47.04199999999995,15.615000000000029
47.04199999999995,15.672000000000027
47.04199999999995,15.729000000000028
47.04199999999995,15.786000000000028
47.04199999999995,15.843000000000028
47.04199999999995,15.900000000000029
47.04199999999995,15.95700000000003
47.04199999999995,16.014000000000028
47.04199999999995,16.071000000000026
47.04199999999995,16.128000000000025
47.04199999999995,16.185000000000024
47.04199999999995,16.242000000000022
47.04199999999995,16.29900000000002
47.04199999999995,16.35600000000002
47.04199999999995,16.413000000000018
47.04199999999995,16.470000000000017
47.04199999999995,16.527000000000015
47.04199999999995,16.584000000000014
47.04199999999995,16.641000000000012
47.04199999999995,16.69800000000001
47.04199999999995,16.75500000000001
47.08199999999995,12.99300000000001
47.08199999999995,13.05000000000001
47.08199999999995,13.10700000000001
47.08199999999995,13.16400000000001
47.08199999999995,13.22100000000001
47.08199999999995,13.278000000000011
47.08199999999995,13.335000000000012
47.08199999999995,13.392000000000012
47.08199999999995,13.449000000000012
47.08199999999995,13.506000000000013
47.08199999999995,13.563000000000011
47.08199999999995,13.620000000000012
47.08199999999995,13.677000000000014
47.08199999999995,13.734000000000014
47.08199999999995,13.791000000000016
47.08199999999995,13.848000000000017
47.08199999999995,13.905000000000015
47.08199999999995,13.962000000000016
47.08199999999995,14.019000000000016
47.08199999999995,14.076000000000016
47.08199999999995,14.133000000000017
47.08199999999995,14.190000000000015
47.08199999999995,14.247000000000018
47.08199999999995,14.304000000000018
47.08199999999995,14.361000000000018
47.08199999999995,14.41800000000002
47.08199999999995,14.47500000000002
47.08199999999995,14.53200000000002
47.08199999999995,14.58900000000002
47.08199999999995,14.64600000000002
47.08199999999995,14.70300000000002
47.08199999999995,14.76000000000002
47.08199999999995,14.81700000000002
47.08199999999995,14.874000000000022
47.08199999999995,14.931000000000022
47.08199999999995,14.988000000000024
47.08199999999995,15.045000000000025
47.08199999999995,15.102000000000023
47.08199999999995,15.159000000000024
47.08199999999995,15.216000000000024
47.08199999999995,15.273000000000025
47.08199999999995,15.330000000000023
47.08199999999995,15.387000000000024
47.08199999999995,15.444000000000026
47.08199999999995,15.501000000000026
47.08199999999995,15.558000000000026
47.08199999999995,15.615000000000029
47.08199999999995,15.672000000000027
47.08199999999995,15.729000000000028
47.08199999999995,15.786000000000028
47.08199999999995,15.843000000000028
47.08199999999995,15.900000000000029
47.08199999999995,15.95700000000003
47.08199999999995,16.014000000000028
47.08199999999995,16.071000000000026
47.08199999999995,16.128000000000025
47.08199999999995,16.185000000000024
47.08199999999995,16.242000000000022
47.08199999999995,16.29900000000002
47.08199999999995,16.35600000000002
47.08199999999995,16.413000000000018
47.08199999999995,16.470000000000017
47.08199999999995,16.527000000000015
47.08199999999995,16.584000000000014
47.08199999999995,16.641000000000012
47.08199999999995,16.69800000000001
47.08199999999995,16.75500000000001
47.12199999999995,12.99300000000001
47.12199999999995,13.05000000000001
47.12199999999995,13.10700000000001
47.12199999999995,13.16400000000001
47.12199999999995,13.22100000000001
47.12199999999995,13.278000000000011
47.12199999999995,13.335000000000012
47.12199999999995,13.392000000000012
47.12199999999995,13.449000000000012
47.12199999999995,13.506000000000013
47.12199999999995,13.563000000000011
47.12199999999995,13.620000000000012
47.12199999999995,13.677000000000014
47.12199999999995,13.734000000000014
47.12199999999995,13.791000000000016
47.12199999999995,13.848000000000017
47.12199999999995,13.905000000000015
47.12199999999995,13.962000000000016
47.12199999999995,14.019000000000016
47.12199999999995,14.076000000000016
47.12199999999995,14.133000000000017
47.12199999999995,14.190000000000015
47.12199999999995,14.247000000000018
47.12199999999995,14.304000000000018
47.12199999999995,14.361000000000018
47.12199999999995,14.41800000000002
47.12199999999995,14.47500000000002
47.12199999999995,14.53200000000002
47.12199999999995,14.58900000000002
47.12199999999995,14.64600000000002
47.12199999999995,14.70300000000002
47.12199999999995,14.76000000000002
47.12199999999995,14.81700000000002
47.12199999999995,14.874000000000022
47.12199999999995,14.931000000000022
47.12199999999995,14.988000000000024
47.12199999999995,15.045000000000025
47.12199999999995,15.102000000000023
47.12199999999995,15.159000000000024
47.12199999999995,15.216000000000024
47.12199999999995,15.273000000000025
47.12199999999995,15.330000000000023
47.12199999999995,15.387000000000024
47.12199999999995,15.444000000000026
47.12199999999995,15.501000000000026
47.12199999999995,15.558000000000026
47.12199999999995,15.615000000000029
47.12199999999995,15.672000000000027
47.12199999999995,15.729000000000028
47.12199999999995,15.786000000000028
47.12199999999995,15.843000000000028
47.12199999999995,15.900000000000029
47.12199999999995,15.95700000000003
47.12199999999995,16.014000000000028
47.12199999999995,16.071000000000026
47.12199999999995,16.128000000000025
47.12199999999995,16.185000000000024
47.12199999999995,16.242000000000022
47.12199999999995,16.29900000000002
47.12199999999995,16.35600000000002
47.12199999999995,16.413000000000018
47.12199999999995,16.470000000000017
47.12199999999995,16.527000000000015
47.12199999999995,16.584000000000014
47.12199999999995,16.641000000000012
47.12199999999995,16.69800000000001
47.12199999999995,16.75500000000001
